Using pre-set license
Built from '2022.3/staging' branch; Version is '2022.3.14f1 (eff2de9070d8) revision 15725278'; Using compiler version '192829333'; Build Type 'Release'
OS: 'Windows 11  (10.0.26100) 64bit Core' Language: 'en' Physical Memory: 16239 MB
BatchMode: 1, IsHumanControllingUs: 0, StartBugReporterOnCrash: 0, Is64bit: 1, IsPro: 1

COMMAND LINE ARGUMENTS:
C:\Program Files\Unity\Hub\Editor\2022.3.14f1\Editor\Unity.exe
-adb2
-batchMode
-noUpm
-name
AssetImportWorker2
-projectPath
C:/Users/gamer/OneDrive/Documents/Github Repos/Project_Labyrinth/ProjectLabyrinth_V001
-logFile
Logs/AssetImportWorker2.log
-srvPort
51912
Successfully changed project path to: C:/Users/gamer/OneDrive/Documents/Github Repos/Project_Labyrinth/ProjectLabyrinth_V001
C:/Users/gamer/OneDrive/Documents/Github Repos/Project_Labyrinth/ProjectLabyrinth_V001
[UnityMemory] Configuration Parameters - Can be set up in boot.config
    "memorysetup-bucket-allocator-granularity=16"
    "memorysetup-bucket-allocator-bucket-count=8"
    "memorysetup-bucket-allocator-block-size=33554432"
    "memorysetup-bucket-allocator-block-count=8"
    "memorysetup-main-allocator-block-size=16777216"
    "memorysetup-thread-allocator-block-size=16777216"
    "memorysetup-gfx-main-allocator-block-size=16777216"
    "memorysetup-gfx-thread-allocator-block-size=16777216"
    "memorysetup-cache-allocator-block-size=4194304"
    "memorysetup-typetree-allocator-block-size=2097152"
    "memorysetup-profiler-bucket-allocator-granularity=16"
    "memorysetup-profiler-bucket-allocator-bucket-count=8"
    "memorysetup-profiler-bucket-allocator-block-size=33554432"
    "memorysetup-profiler-bucket-allocator-block-count=8"
    "memorysetup-profiler-allocator-block-size=16777216"
    "memorysetup-profiler-editor-allocator-block-size=1048576"
    "memorysetup-temp-allocator-size-main=16777216"
    "memorysetup-job-temp-allocator-block-size=2097152"
    "memorysetup-job-temp-allocator-block-size-background=1048576"
    "memorysetup-job-temp-allocator-reduction-small-platforms=262144"
    "memorysetup-allocator-temp-initial-block-size-main=262144"
    "memorysetup-allocator-temp-initial-block-size-worker=262144"
    "memorysetup-temp-allocator-size-background-worker=32768"
    "memorysetup-temp-allocator-size-job-worker=262144"
    "memorysetup-temp-allocator-size-preload-manager=33554432"
    "memorysetup-temp-allocator-size-nav-mesh-worker=65536"
    "memorysetup-temp-allocator-size-audio-worker=65536"
    "memorysetup-temp-allocator-size-cloud-worker=32768"
    "memorysetup-temp-allocator-size-gi-baking-worker=262144"
    "memorysetup-temp-allocator-size-gfx=262144"
Player connection [8876] Host "[IP] 192.168.4.22 [Port] 0 [Flags] 2 [Guid] 2230871929 [EditorId] 2230871929 [Version] 1048832 [Id] WindowsEditor(7,DESKTOP-KLK6U7O) [Debug] 1 [PackageName] WindowsEditor [ProjectName] Editor" joined multi-casting on [225.0.0.222:54997]...

Player connection [8876] Host "[IP] 192.168.4.22 [Port] 0 [Flags] 2 [Guid] 2230871929 [EditorId] 2230871929 [Version] 1048832 [Id] WindowsEditor(7,DESKTOP-KLK6U7O) [Debug] 1 [PackageName] WindowsEditor [ProjectName] Editor" joined alternative multi-casting on [225.0.0.222:34997]...

[Physics::Module] Initialized MultithreadedJobDispatcher with 11 workers.
Refreshing native plugins compatible for Editor in 8.36 ms, found 2 plugins.
Preloading 0 native plugins for Editor in 0.00 ms.
Initialize engine version: 2022.3.14f1 (eff2de9070d8)
[Subsystems] Discovering subsystems at path C:/Program Files/Unity/Hub/Editor/2022.3.14f1/Editor/Data/Resources/UnitySubsystems
[Subsystems] Discovering subsystems at path C:/Users/gamer/OneDrive/Documents/Github Repos/Project_Labyrinth/ProjectLabyrinth_V001/Assets
GfxDevice: creating device client; threaded=0; jobified=0
Direct3D:
    Version:  Direct3D 11.0 [level 11.1]
    Renderer: NVIDIA GeForce RTX 3060 Ti (ID=0x2486)
    Vendor:   NVIDIA
    VRAM:     8024 MB
    Driver:   32.0.15.7270
Initialize mono
Mono path[0] = 'C:/Program Files/Unity/Hub/Editor/2022.3.14f1/Editor/Data/Managed'
Mono path[1] = 'C:/Program Files/Unity/Hub/Editor/2022.3.14f1/Editor/Data/MonoBleedingEdge/lib/mono/unityjit-win32'
Mono config path = 'C:/Program Files/Unity/Hub/Editor/2022.3.14f1/Editor/Data/MonoBleedingEdge/etc'
Using monoOptions --debugger-agent=transport=dt_socket,embedding=1,server=y,suspend=n,address=127.0.0.1:56556
Begin MonoManager ReloadAssembly
Registering precompiled unity dll's ...
Register platform support module: C:/Program Files/Unity/Hub/Editor/2022.3.14f1/Editor/Data/PlaybackEngines/WindowsStandaloneSupport/UnityEditor.WindowsStandalone.Extensions.dll
Registered in 0.006064 seconds.
- Loaded All Assemblies, in  0.376 seconds
Native extension for WindowsStandalone target not found
Mono: successfully reloaded assembly
- Finished resetting the current domain, in  0.291 seconds
Domain Reload Profiling: 665ms
	BeginReloadAssembly (115ms)
		ExecutionOrderSort (0ms)
		DisableScriptedObjects (0ms)
		BackupInstance (0ms)
		ReleaseScriptingObjects (0ms)
		CreateAndSetChildDomain (1ms)
	RebuildCommonClasses (34ms)
	RebuildNativeTypeToScriptingClass (10ms)
	initialDomainReloadingComplete (61ms)
	LoadAllAssembliesAndSetupDomain (154ms)
		LoadAssemblies (113ms)
		RebuildTransferFunctionScriptingTraits (0ms)
		AnalyzeDomain (152ms)
			TypeCache.Refresh (150ms)
				TypeCache.ScanAssembly (137ms)
			ScanForSourceGeneratedMonoScriptInfo (0ms)
			ResolveRequiredComponents (1ms)
	FinalizeReload (291ms)
		ReleaseScriptCaches (0ms)
		RebuildScriptCaches (0ms)
		SetupLoadedEditorAssemblies (222ms)
			LogAssemblyErrors (0ms)
			InitializePlatformSupportModulesInManaged (10ms)
			SetLoadedEditorAssemblies (7ms)
			RefreshPlugins (0ms)
			BeforeProcessingInitializeOnLoad (3ms)
			ProcessInitializeOnLoadAttributes (143ms)
			ProcessInitializeOnLoadMethodAttributes (58ms)
			AfterProcessingInitializeOnLoad (0ms)
			EditorAssembliesLoaded (0ms)
		ExecutionOrderSort2 (0ms)
		AwakeInstancesAfterBackupRestoration (0ms)
========================================================================
Worker process is ready to serve import requests
Begin MonoManager ReloadAssembly
- Loaded All Assemblies, in  0.726 seconds
Refreshing native plugins compatible for Editor in 2.84 ms, found 2 plugins.
OnLevelWasLoaded was found on LevelManager
This message has been deprecated and will be removed in a later version of Unity.
Add a delegate to SceneManager.sceneLoaded instead to get notifications after scene loading has completed
Native extension for WindowsStandalone target not found
Package Manager log level set to [2]
[Package Manager] Server::EnsureServerProcessIsRunning -- launch failed, reason: Unity was launched with the -noUpm command-line argument
[Package Manager] UpmClient::Send -- Unable to send message (not connected to UPM process).
[Package Manager] Cannot connect to Unity Package Manager local server
Mono: successfully reloaded assembly
- Finished resetting the current domain, in  0.912 seconds
Domain Reload Profiling: 1635ms
	BeginReloadAssembly (162ms)
		ExecutionOrderSort (0ms)
		DisableScriptedObjects (8ms)
		BackupInstance (0ms)
		ReleaseScriptingObjects (0ms)
		CreateAndSetChildDomain (24ms)
	RebuildCommonClasses (37ms)
	RebuildNativeTypeToScriptingClass (10ms)
	initialDomainReloadingComplete (44ms)
	LoadAllAssembliesAndSetupDomain (469ms)
		LoadAssemblies (375ms)
		RebuildTransferFunctionScriptingTraits (0ms)
		AnalyzeDomain (184ms)
			TypeCache.Refresh (147ms)
				TypeCache.ScanAssembly (133ms)
			ScanForSourceGeneratedMonoScriptInfo (26ms)
			ResolveRequiredComponents (10ms)
	FinalizeReload (913ms)
		ReleaseScriptCaches (0ms)
		RebuildScriptCaches (0ms)
		SetupLoadedEditorAssemblies (698ms)
			LogAssemblyErrors (0ms)
			InitializePlatformSupportModulesInManaged (7ms)
			SetLoadedEditorAssemblies (7ms)
			RefreshPlugins (0ms)
			BeforeProcessingInitializeOnLoad (140ms)
			ProcessInitializeOnLoadAttributes (456ms)
			ProcessInitializeOnLoadMethodAttributes (80ms)
			AfterProcessingInitializeOnLoad (9ms)
			EditorAssembliesLoaded (1ms)
		ExecutionOrderSort2 (0ms)
		AwakeInstancesAfterBackupRestoration (9ms)
Launched and connected shader compiler UnityShaderCompiler.exe after 0.04 seconds
Refreshing native plugins compatible for Editor in 4.77 ms, found 2 plugins.
Preloading 0 native plugins for Editor in 0.00 ms.
Unloading 4292 Unused Serialized files (Serialized files now loaded: 0)
Unloading 95 unused Assets / (2.0 MB). Loaded Objects now: 4811.
Memory consumption went from 353.7 MB to 351.7 MB.
Total: 5.705600 ms (FindLiveObjects: 0.390000 ms CreateObjectMapping: 0.237500 ms MarkObjects: 4.168000 ms  DeleteObjects: 0.908700 ms)

AssetImportParameters requested are different than current active one (requested -> active):
  custom:container-demuxer-ogg: 62fdf1f143b41e24485cea50d1cbac27 -> 
  custom:video-decoder-ogg-theora: a1e56fd34408186e4bbccfd4996cb3dc -> 
  custom:framework-win-MediaFoundation: 216162199b28c13a410421893ffa2e32 -> 
  custom:CustomObjectIndexerAttribute: d54d2f2da18e7612c182cf67624b6b12 -> 
  custom:container-demuxer-webm: 4f35f7cbe854078d1ac9338744f61a02 -> 
  custom:container-muxer-webm: aa71ff27fc2769a1b78a27578f13a17b -> 
  custom:video-decoder-webm-vp8: 9c59270c3fd7afecdb556c50c9e8de78 -> 
  custom:SearchIndexIgnoredProperties: e643bd26f0fe6173181afceb89e7c659 -> 
  custom:AudioImporter_EditorPlatform: d09bf68614088b80899f8185d706f6e7 -> 
  custom:video-encoder-webm-vp8: eb34c28f22e8b96e1ab97ce403110664 -> 
  custom:audio-decoder-ogg-vorbis: bf7c407c2cedff20999df2af8eb42d56 -> 
  custom:audio-encoder-webm-vorbis: bf7c407c2cedff20999df2af8eb42d56 -> 
========================================================================
Received Import Request.
  Time since last request: 93378.502745 seconds.
  path: Assets/Imported Assets/EffectTexturesAndPrefabs/Materials/Star_A.mat
  artifactKey: Guid(aac8c2d15db78104ba4efcddca91ba0e) Importer(2089858483,0ecaa5967403d082aa24f35e1b516d23)
Start importing Assets/Imported Assets/EffectTexturesAndPrefabs/Materials/Star_A.mat using Guid(aac8c2d15db78104ba4efcddca91ba0e) Importer(2089858483,0ecaa5967403d082aa24f35e1b516d23) Generated GUIDs only implemented for interfaces!
 -> (artifact id: 'a5f96875d51b1fb0f5b854c2b9bcc128') in 0.368313 seconds
Number of updated asset objects reloaded before import = 0
Number of asset objects unloaded after import = 2
========================================================================
Received Import Request.
  Time since last request: 0.000035 seconds.
  path: Assets/Imported Assets/low poly pack/Materials/Color_M02.mat
  artifactKey: Guid(44c294194484c784182715432684c4bd) Importer(2089858483,0ecaa5967403d082aa24f35e1b516d23)
Start importing Assets/Imported Assets/low poly pack/Materials/Color_M02.mat using Guid(44c294194484c784182715432684c4bd) Importer(2089858483,0ecaa5967403d082aa24f35e1b516d23) Generated GUIDs only implemented for interfaces!
 -> (artifact id: '907e3e15b54b40169d779502f211fd87') in 0.038408 seconds
Number of updated asset objects reloaded before import = 0
Number of asset objects unloaded after import = 1
========================================================================
Received Import Request.
  Time since last request: 0.000022 seconds.
  path: Assets/Imported Assets/low poly pack/Odject/Construction11.prefab
  artifactKey: Guid(676c35c721c0324439d5778f0b34dd51) Importer(2089858483,0ecaa5967403d082aa24f35e1b516d23)
Start importing Assets/Imported Assets/low poly pack/Odject/Construction11.prefab using Guid(676c35c721c0324439d5778f0b34dd51) Importer(2089858483,0ecaa5967403d082aa24f35e1b516d23) Generated GUIDs only implemented for interfaces!
 -> (artifact id: '820d3f79b02016664661db6a48bec2c5') in 0.036634 seconds
Number of updated asset objects reloaded before import = 0
Number of asset objects unloaded after import = 92
========================================================================
Received Import Request.
  Time since last request: 0.000019 seconds.
  path: Assets/Imported Assets/low poly pack/low poly/Land4 (4).prefab
  artifactKey: Guid(08b64380a002dbe4a8e4ddb1b25ce3b4) Importer(2089858483,0ecaa5967403d082aa24f35e1b516d23)
Start importing Assets/Imported Assets/low poly pack/low poly/Land4 (4).prefab using Guid(08b64380a002dbe4a8e4ddb1b25ce3b4) Importer(2089858483,0ecaa5967403d082aa24f35e1b516d23) Generated GUIDs only implemented for interfaces!
 -> (artifact id: 'dfba3239dd8c6ba1a5db696ae9a2b8b2') in 0.018244 seconds
Number of updated asset objects reloaded before import = 0
Number of asset objects unloaded after import = 9
========================================================================
Received Import Request.
  Time since last request: 0.000016 seconds.
  path: Assets/Imported Assets/low poly pack/Materials/Color_I08.mat
  artifactKey: Guid(d69a485c878f95a4d99c5735279faf9d) Importer(2089858483,0ecaa5967403d082aa24f35e1b516d23)
Start importing Assets/Imported Assets/low poly pack/Materials/Color_I08.mat using Guid(d69a485c878f95a4d99c5735279faf9d) Importer(2089858483,0ecaa5967403d082aa24f35e1b516d23) Generated GUIDs only implemented for interfaces!
 -> (artifact id: '3dd6a54eb60a0675ea0defb742771240') in 0.017096 seconds
Number of updated asset objects reloaded before import = 0
Number of asset objects unloaded after import = 1
========================================================================
Received Import Request.
  Time since last request: 0.000018 seconds.
  path: Assets/Imported Assets/low poly pack/Materials/Color_M00.mat
  artifactKey: Guid(9798862aef6c4d047a05ef18fde018f3) Importer(2089858483,0ecaa5967403d082aa24f35e1b516d23)
Start importing Assets/Imported Assets/low poly pack/Materials/Color_M00.mat using Guid(9798862aef6c4d047a05ef18fde018f3) Importer(2089858483,0ecaa5967403d082aa24f35e1b516d23) Generated GUIDs only implemented for interfaces!
 -> (artifact id: 'bac2247b00507c057d2236bad1a1c7cb') in 0.016693 seconds
Number of updated asset objects reloaded before import = 0
Number of asset objects unloaded after import = 1
========================================================================
Received Import Request.
  Time since last request: 0.000019 seconds.
  path: Assets/Imported Assets/low poly pack/Materials/Color_B04.mat
  artifactKey: Guid(4a06befdf80328145b4a560ff77dcdd6) Importer(2089858483,0ecaa5967403d082aa24f35e1b516d23)
Start importing Assets/Imported Assets/low poly pack/Materials/Color_B04.mat using Guid(4a06befdf80328145b4a560ff77dcdd6) Importer(2089858483,0ecaa5967403d082aa24f35e1b516d23) Generated GUIDs only implemented for interfaces!
 -> (artifact id: 'beebbb1fb6a40122b9a635a5168fb4a8') in 0.016413 seconds
Number of updated asset objects reloaded before import = 0
Number of asset objects unloaded after import = 1
========================================================================
Received Import Request.
  Time since last request: 0.000021 seconds.
  path: Assets/Imported Assets/low poly pack/Materials/Color_G03.mat
  artifactKey: Guid(db73e46f4277bfa48ad1f92d17116206) Importer(2089858483,0ecaa5967403d082aa24f35e1b516d23)
Start importing Assets/Imported Assets/low poly pack/Materials/Color_G03.mat using Guid(db73e46f4277bfa48ad1f92d17116206) Importer(2089858483,0ecaa5967403d082aa24f35e1b516d23) Generated GUIDs only implemented for interfaces!
 -> (artifact id: 'e65027c421aa32de6321298fd95ae03a') in 0.015919 seconds
Number of updated asset objects reloaded before import = 0
Number of asset objects unloaded after import = 1
========================================================================
Received Import Request.
  Time since last request: 0.000019 seconds.
  path: Assets/Imported Assets/low poly pack/land/Land7.prefab
  artifactKey: Guid(ecf1b6d25de006044a9a8d1d4453fe17) Importer(2089858483,0ecaa5967403d082aa24f35e1b516d23)
Start importing Assets/Imported Assets/low poly pack/land/Land7.prefab using Guid(ecf1b6d25de006044a9a8d1d4453fe17) Importer(2089858483,0ecaa5967403d082aa24f35e1b516d23) Generated GUIDs only implemented for interfaces!
 -> (artifact id: '2d990a83c1f8bf2c4f5649cb39c07887') in 0.013073 seconds
Number of updated asset objects reloaded before import = 0
Number of asset objects unloaded after import = 9
========================================================================
Received Import Request.
  Time since last request: 0.000030 seconds.
  path: Assets/Imported Assets/low poly pack/Materials/Color_M04.mat
  artifactKey: Guid(4736906c225172d4eb1b7dd3e3acb990) Importer(2089858483,0ecaa5967403d082aa24f35e1b516d23)
Start importing Assets/Imported Assets/low poly pack/Materials/Color_M04.mat using Guid(4736906c225172d4eb1b7dd3e3acb990) Importer(2089858483,0ecaa5967403d082aa24f35e1b516d23) Generated GUIDs only implemented for interfaces!
 -> (artifact id: '7ff35f43bf916e345c77314d9cb34cc5') in 0.022703 seconds
Number of updated asset objects reloaded before import = 0
Number of asset objects unloaded after import = 1
========================================================================
Received Import Request.
  Time since last request: 0.000020 seconds.
  path: Assets/Imported Assets/low poly pack/low poly/Group1 (1).prefab
  artifactKey: Guid(4399de68585bcf74aa3f39b7f5c11c5f) Importer(2089858483,0ecaa5967403d082aa24f35e1b516d23)
Start importing Assets/Imported Assets/low poly pack/low poly/Group1 (1).prefab using Guid(4399de68585bcf74aa3f39b7f5c11c5f) Importer(2089858483,0ecaa5967403d082aa24f35e1b516d23) Generated GUIDs only implemented for interfaces!
 -> (artifact id: 'fd2679b134facbd695b806bc79164f10') in 0.019000 seconds
Number of updated asset objects reloaded before import = 0
Number of asset objects unloaded after import = 48
========================================================================
Received Import Request.
  Time since last request: 0.000016 seconds.
  path: Assets/Imported Assets/low poly pack/Materials/Color_F07.mat
  artifactKey: Guid(39cf784658d0d1648906abd745841bc1) Importer(2089858483,0ecaa5967403d082aa24f35e1b516d23)
Start importing Assets/Imported Assets/low poly pack/Materials/Color_F07.mat using Guid(39cf784658d0d1648906abd745841bc1) Importer(2089858483,0ecaa5967403d082aa24f35e1b516d23) Generated GUIDs only implemented for interfaces!
 -> (artifact id: 'e8cba234039df58fb5bfc5eadb021ede') in 0.021726 seconds
Number of updated asset objects reloaded before import = 0
Number of asset objects unloaded after import = 1
========================================================================
Received Import Request.
  Time since last request: 0.000015 seconds.
  path: Assets/Imported Assets/AllSkyFree/Space_AnotherPlanet/AllSky_Space_AnotherPlanet_Cam_2_Left+X.png
  artifactKey: Guid(40cd83628508d406497f3b21ff220644) Importer(2089858483,0ecaa5967403d082aa24f35e1b516d23)
Start importing Assets/Imported Assets/AllSkyFree/Space_AnotherPlanet/AllSky_Space_AnotherPlanet_Cam_2_Left+X.png using Guid(40cd83628508d406497f3b21ff220644) Importer(2089858483,0ecaa5967403d082aa24f35e1b516d23) Generated GUIDs only implemented for interfaces!
 -> (artifact id: '916ea6aa7beee081e579c0c0d17f29b4') in 0.079160 seconds
Number of updated asset objects reloaded before import = 0
Number of asset objects unloaded after import = 1
========================================================================
Received Import Request.
  Time since last request: 0.000019 seconds.
  path: Assets/Scripts/LevelManager/FloorBehavior.cs
  artifactKey: Guid(b9094881ec63bd94d9fb6b871622af20) Importer(2089858483,0ecaa5967403d082aa24f35e1b516d23)
Start importing Assets/Scripts/LevelManager/FloorBehavior.cs using Guid(b9094881ec63bd94d9fb6b871622af20) Importer(2089858483,0ecaa5967403d082aa24f35e1b516d23) Generated GUIDs only implemented for interfaces!
 -> (artifact id: '6b9dd352ffe813258b849e7eadef5147') in 0.014488 seconds
Number of updated asset objects reloaded before import = 0
Number of asset objects unloaded after import = 1
========================================================================
Received Import Request.
  Time since last request: 0.000061 seconds.
  path: Assets/Resources/Materials/DungeonPillar.mat
  artifactKey: Guid(7e54989d8442ea84d84cf58f7ae62c3e) Importer(2089858483,0ecaa5967403d082aa24f35e1b516d23)
Start importing Assets/Resources/Materials/DungeonPillar.mat using Guid(7e54989d8442ea84d84cf58f7ae62c3e) Importer(2089858483,0ecaa5967403d082aa24f35e1b516d23) Generated GUIDs only implemented for interfaces!
 -> (artifact id: '1999d7755043c8a388bbd02aa1802939') in 0.028986 seconds
Number of updated asset objects reloaded before import = 0
Number of asset objects unloaded after import = 2
========================================================================
Received Import Request.
  Time since last request: 0.000019 seconds.
  path: Assets/Imported Assets/low poly pack/Light and Reflection/LightingData.asset
  artifactKey: Guid(761758f304bdc3a46a54551139dbc52c) Importer(2089858483,0ecaa5967403d082aa24f35e1b516d23)
Start importing Assets/Imported Assets/low poly pack/Light and Reflection/LightingData.asset using Guid(761758f304bdc3a46a54551139dbc52c) Importer(2089858483,0ecaa5967403d082aa24f35e1b516d23) Lighting data asset ‘LightingData’ is incompatible with the current Unity version. Please use Generate Lighting to rebuild the lighting data. Realtime Global Illumination cannot be used until the lighting data is rebuilt.
UnityEngine.StackTraceUtility:ExtractStackTrace ()
UnityEditor.Search.AssetIndexer:IndexProperties (int&,string&,bool&)
UnityEditor.Search.AssetIndexer:IndexDocument (string,bool)
UnityEditor.Search.SearchIndexEntryImporter:OnImportAsset (UnityEditor.AssetImporters.AssetImportContext)
UnityEditor.AssetImporters.ScriptedImporter:GenerateAssetData (UnityEditor.AssetImporters.AssetImportContext)

[C:\build\output\unity\unity\Editor\Src\GI\Enlighten\LightingDataAsset.cpp line 417]

Lighting data asset ‘LightingData’ is incompatible with the current Unity version because the scene it was baked for was not serialized. Please use Generate Lighting to rebuild the lighting data, or assign the target scene to the Lighting Data Asset in the inspector.
UnityEngine.StackTraceUtility:ExtractStackTrace ()
UnityEditor.Search.AssetIndexer:IndexProperties (int&,string&,bool&)
UnityEditor.Search.AssetIndexer:IndexDocument (string,bool)
UnityEditor.Search.SearchIndexEntryImporter:OnImportAsset (UnityEditor.AssetImporters.AssetImportContext)
UnityEditor.AssetImporters.ScriptedImporter:GenerateAssetData (UnityEditor.AssetImporters.AssetImportContext)

[C:\build\output\unity\unity\Editor\Src\GI\Enlighten\LightingDataAsset.cpp line 424]

Generated GUIDs only implemented for interfaces!
 -> (artifact id: '129ee7bc8bd8f8d8c4a632b19fb676c5') in 0.016268 seconds
Number of updated asset objects reloaded before import = 0
Number of asset objects unloaded after import = 1
========================================================================
Received Import Request.
  Time since last request: 0.000035 seconds.
  path: Assets/Scripts/Rob_Scripts/Ogre.cs
  artifactKey: Guid(e2895b42c2a224e098d6b1209d264b7a) Importer(2089858483,0ecaa5967403d082aa24f35e1b516d23)
Start importing Assets/Scripts/Rob_Scripts/Ogre.cs using Guid(e2895b42c2a224e098d6b1209d264b7a) Importer(2089858483,0ecaa5967403d082aa24f35e1b516d23) Generated GUIDs only implemented for interfaces!
 -> (artifact id: '8cb4e1cf6c29c88d2fb20bfdccfc79a1') in 0.015230 seconds
Number of updated asset objects reloaded before import = 0
Number of asset objects unloaded after import = 1
========================================================================
Received Import Request.
  Time since last request: 0.000031 seconds.
  path: Assets/Imported Assets/low poly pack/land/Land2.prefab
  artifactKey: Guid(6e9cdc4306daed149847072ea8a28247) Importer(2089858483,0ecaa5967403d082aa24f35e1b516d23)
Start importing Assets/Imported Assets/low poly pack/land/Land2.prefab using Guid(6e9cdc4306daed149847072ea8a28247) Importer(2089858483,0ecaa5967403d082aa24f35e1b516d23) Generated GUIDs only implemented for interfaces!
 -> (artifact id: '78dec22b20c70507797bdf49e4eaa602') in 0.014738 seconds
Number of updated asset objects reloaded before import = 0
Number of asset objects unloaded after import = 9
========================================================================
Received Import Request.
  Time since last request: 0.000016 seconds.
  path: Assets/Imported Assets/low poly pack/Materials/Color_B03.mat
  artifactKey: Guid(7e91e24c1a0410e41b9aebc91c6082c2) Importer(2089858483,0ecaa5967403d082aa24f35e1b516d23)
Start importing Assets/Imported Assets/low poly pack/Materials/Color_B03.mat using Guid(7e91e24c1a0410e41b9aebc91c6082c2) Importer(2089858483,0ecaa5967403d082aa24f35e1b516d23) Generated GUIDs only implemented for interfaces!
 -> (artifact id: '13460d837bd02eced2d51f7da70cf4dc') in 0.014826 seconds
Number of updated asset objects reloaded before import = 0
Number of asset objects unloaded after import = 1
========================================================================
Received Import Request.
  Time since last request: 0.000021 seconds.
  path: Assets/Scripts/HUD/MainMenu.cs
  artifactKey: Guid(96cad7dd66eed0148b69ab51d5177adb) Importer(2089858483,0ecaa5967403d082aa24f35e1b516d23)
Start importing Assets/Scripts/HUD/MainMenu.cs using Guid(96cad7dd66eed0148b69ab51d5177adb) Importer(2089858483,0ecaa5967403d082aa24f35e1b516d23) Generated GUIDs only implemented for interfaces!
 -> (artifact id: '3744ae8b5638a1174d38188b8a17b44f') in 0.013676 seconds
Number of updated asset objects reloaded before import = 0
Number of asset objects unloaded after import = 1
========================================================================
Received Import Request.
  Time since last request: 0.000023 seconds.
  path: Assets/Imported Assets/low poly pack/Materials/Terrazzo.mat
  artifactKey: Guid(3083fb4eab6ef354e9b02d2adbd0ac6a) Importer(2089858483,0ecaa5967403d082aa24f35e1b516d23)
Start importing Assets/Imported Assets/low poly pack/Materials/Terrazzo.mat using Guid(3083fb4eab6ef354e9b02d2adbd0ac6a) Importer(2089858483,0ecaa5967403d082aa24f35e1b516d23) Generated GUIDs only implemented for interfaces!
 -> (artifact id: '47b89ac1a4ec65db02aa23318d198bf9') in 0.016175 seconds
Number of updated asset objects reloaded before import = 0
Number of asset objects unloaded after import = 2
========================================================================
Received Import Request.
  Time since last request: 0.000024 seconds.
  path: Assets/Imported Assets/low poly pack/Materials/Color_E05.mat
  artifactKey: Guid(c87ebb82f1fa25449a9750cf5d631f79) Importer(2089858483,0ecaa5967403d082aa24f35e1b516d23)
Start importing Assets/Imported Assets/low poly pack/Materials/Color_E05.mat using Guid(c87ebb82f1fa25449a9750cf5d631f79) Importer(2089858483,0ecaa5967403d082aa24f35e1b516d23) Generated GUIDs only implemented for interfaces!
 -> (artifact id: '9c373617fec934af7e9e8e52f4c403c8') in 0.016805 seconds
Number of updated asset objects reloaded before import = 0
Number of asset objects unloaded after import = 1
========================================================================
Received Import Request.
  Time since last request: 0.000021 seconds.
  path: Assets/Imported Assets/low poly pack/Materials/Mat.1.mat
  artifactKey: Guid(73eef6b367d964e4795855edeb3c486e) Importer(2089858483,0ecaa5967403d082aa24f35e1b516d23)
Start importing Assets/Imported Assets/low poly pack/Materials/Mat.1.mat using Guid(73eef6b367d964e4795855edeb3c486e) Importer(2089858483,0ecaa5967403d082aa24f35e1b516d23) Generated GUIDs only implemented for interfaces!
 -> (artifact id: '7b399a28cdd4a9b0f4062752afd9dbdf') in 0.015634 seconds
Number of updated asset objects reloaded before import = 0
Number of asset objects unloaded after import = 1
========================================================================
Received Import Request.
  Time since last request: 0.000018 seconds.
  path: Assets/Imported Assets/low poly pack/Materials/f.mat
  artifactKey: Guid(be92578d605999746a54a200831a653a) Importer(2089858483,0ecaa5967403d082aa24f35e1b516d23)
Start importing Assets/Imported Assets/low poly pack/Materials/f.mat using Guid(be92578d605999746a54a200831a653a) Importer(2089858483,0ecaa5967403d082aa24f35e1b516d23) Generated GUIDs only implemented for interfaces!
 -> (artifact id: 'b935c0ee1e4288788cc98bd36db39571') in 0.017223 seconds
Number of updated asset objects reloaded before import = 0
Number of asset objects unloaded after import = 1
========================================================================
Received Import Request.
  Time since last request: 0.000017 seconds.
  path: Assets/Imported Assets/low poly pack/land/Land3.prefab
  artifactKey: Guid(a1d35d0e8a1fe284da1fe47217ca3660) Importer(2089858483,0ecaa5967403d082aa24f35e1b516d23)
Start importing Assets/Imported Assets/low poly pack/land/Land3.prefab using Guid(a1d35d0e8a1fe284da1fe47217ca3660) Importer(2089858483,0ecaa5967403d082aa24f35e1b516d23) Generated GUIDs only implemented for interfaces!
 -> (artifact id: '629e600355e64c32dadbde9c042b3ec2') in 0.021027 seconds
Number of updated asset objects reloaded before import = 0
Number of asset objects unloaded after import = 9
========================================================================
Received Import Request.
  Time since last request: 0.000019 seconds.
  path: Assets/Imported Assets/low poly pack/low poly/New Flare.flare
  artifactKey: Guid(bd836de1572a3a74f8a25519f1fd4823) Importer(2089858483,0ecaa5967403d082aa24f35e1b516d23)
Start importing Assets/Imported Assets/low poly pack/low poly/New Flare.flare using Guid(bd836de1572a3a74f8a25519f1fd4823) Importer(2089858483,0ecaa5967403d082aa24f35e1b516d23) Generated GUIDs only implemented for interfaces!
 -> (artifact id: '2126a88e7bf4b8834f4dc249692fdb80') in 0.014566 seconds
Number of updated asset objects reloaded before import = 0
Number of asset objects unloaded after import = 1
========================================================================
Received Import Request.
  Time since last request: 0.000025 seconds.
  path: Assets/Imported Assets/low poly pack/low poly/Component_4_1.prefab
  artifactKey: Guid(6f291886c95756c42aaa3ce06c4610f7) Importer(2089858483,0ecaa5967403d082aa24f35e1b516d23)
Start importing Assets/Imported Assets/low poly pack/low poly/Component_4_1.prefab using Guid(6f291886c95756c42aaa3ce06c4610f7) Importer(2089858483,0ecaa5967403d082aa24f35e1b516d23) Generated GUIDs only implemented for interfaces!
 -> (artifact id: 'd4b3fb86dbddae5645032d130bacdd95') in 0.019160 seconds
Number of updated asset objects reloaded before import = 0
Number of asset objects unloaded after import = 16
========================================================================
Received Import Request.
  Time since last request: 0.000021 seconds.
  path: Assets/Scenes/GameScenes/StartLevel.unity
  artifactKey: Guid(ef122a8f14e7eef4bbdafa33f88db544) Importer(2089858483,0ecaa5967403d082aa24f35e1b516d23)
Start importing Assets/Scenes/GameScenes/StartLevel.unity using Guid(ef122a8f14e7eef4bbdafa33f88db544) Importer(2089858483,0ecaa5967403d082aa24f35e1b516d23) Generated GUIDs only implemented for interfaces!
 -> (artifact id: '121c8897c311c81a2c9be915be4e6ff5') in 0.012547 seconds
Number of updated asset objects reloaded before import = 0
Number of asset objects unloaded after import = 1
========================================================================
Received Import Request.
  Time since last request: 0.000020 seconds.
  path: Assets/Scripts/Rob_Scripts/Enemy.cs
  artifactKey: Guid(706491523ba0a4489a056b1811eec6da) Importer(2089858483,0ecaa5967403d082aa24f35e1b516d23)
Start importing Assets/Scripts/Rob_Scripts/Enemy.cs using Guid(706491523ba0a4489a056b1811eec6da) Importer(2089858483,0ecaa5967403d082aa24f35e1b516d23) Generated GUIDs only implemented for interfaces!
 -> (artifact id: '9550735c12d720df5c475a058514356f') in 0.014102 seconds
Number of updated asset objects reloaded before import = 0
Number of asset objects unloaded after import = 1
========================================================================
Received Import Request.
  Time since last request: 0.000031 seconds.
  path: Assets/Imported Assets/low poly pack/Materials/FrontColor.mat
  artifactKey: Guid(681d288e14ecbfe43b66ecad8f63e500) Importer(2089858483,0ecaa5967403d082aa24f35e1b516d23)
Start importing Assets/Imported Assets/low poly pack/Materials/FrontColor.mat using Guid(681d288e14ecbfe43b66ecad8f63e500) Importer(2089858483,0ecaa5967403d082aa24f35e1b516d23) Generated GUIDs only implemented for interfaces!
 -> (artifact id: '5370b736f3e753943c16624c46b92705') in 0.018542 seconds
Number of updated asset objects reloaded before import = 0
Number of asset objects unloaded after import = 1
========================================================================
Received Import Request.
  Time since last request: 0.000020 seconds.
  path: Assets/Imported Assets/A_piece_of_nature/Scene2.unity
  artifactKey: Guid(cc68a5f9d0116624782814a6c3129a4d) Importer(2089858483,0ecaa5967403d082aa24f35e1b516d23)
Start importing Assets/Imported Assets/A_piece_of_nature/Scene2.unity using Guid(cc68a5f9d0116624782814a6c3129a4d) Importer(2089858483,0ecaa5967403d082aa24f35e1b516d23) Generated GUIDs only implemented for interfaces!
 -> (artifact id: '6323d035c27bc445050b9e6dc927223a') in 0.014561 seconds
Number of updated asset objects reloaded before import = 0
Number of asset objects unloaded after import = 1
========================================================================
Received Import Request.
  Time since last request: 0.000037 seconds.
  path: Assets/Imported Assets/AllSkyFree/Deep Dusk/Deep Dusk__Cam_3_Right-X.png
  artifactKey: Guid(47551dad0d90646a9a5dac436076f38a) Importer(2089858483,0ecaa5967403d082aa24f35e1b516d23)
Start importing Assets/Imported Assets/AllSkyFree/Deep Dusk/Deep Dusk__Cam_3_Right-X.png using Guid(47551dad0d90646a9a5dac436076f38a) Importer(2089858483,0ecaa5967403d082aa24f35e1b516d23) Generated GUIDs only implemented for interfaces!
 -> (artifact id: 'd0601ee4a0ac63153b01b49b3d9aa7bf') in 0.047554 seconds
Number of updated asset objects reloaded before import = 0
Number of asset objects unloaded after import = 1
========================================================================
Received Import Request.
  Time since last request: 0.000021 seconds.
  path: Assets/Scripts/HUD/PlayerHUD.cs
  artifactKey: Guid(25097732798c8c348b44c5aa92f6b6d8) Importer(2089858483,0ecaa5967403d082aa24f35e1b516d23)
Start importing Assets/Scripts/HUD/PlayerHUD.cs using Guid(25097732798c8c348b44c5aa92f6b6d8) Importer(2089858483,0ecaa5967403d082aa24f35e1b516d23) Generated GUIDs only implemented for interfaces!
 -> (artifact id: '8b65ae19503627b4e8b208f15db9139d') in 0.014732 seconds
Number of updated asset objects reloaded before import = 0
Number of asset objects unloaded after import = 1
========================================================================
Received Import Request.
  Time since last request: 0.000019 seconds.
  path: Assets/Imported Assets/AllSkyFree/Cartoon Base BlueSky/Sky_Day_BlueSky_Nothing_Cam_1_Back-Z.png
  artifactKey: Guid(33cbefefe2c7f4e77ac959c74eef5d4d) Importer(2089858483,0ecaa5967403d082aa24f35e1b516d23)
Start importing Assets/Imported Assets/AllSkyFree/Cartoon Base BlueSky/Sky_Day_BlueSky_Nothing_Cam_1_Back-Z.png using Guid(33cbefefe2c7f4e77ac959c74eef5d4d) Importer(2089858483,0ecaa5967403d082aa24f35e1b516d23) Generated GUIDs only implemented for interfaces!
 -> (artifact id: '4a68ab35de934320bcdebe9ef1f87577') in 0.036577 seconds
Number of updated asset objects reloaded before import = 0
Number of asset objects unloaded after import = 1
========================================================================
Received Import Request.
  Time since last request: 0.107710 seconds.
  path: Assets/Imported Assets/low poly pack/Odject/Construction13.prefab
  artifactKey: Guid(8090c6aaeead5e145b7723e5d6fedc39) Importer(2089858483,0ecaa5967403d082aa24f35e1b516d23)
Start importing Assets/Imported Assets/low poly pack/Odject/Construction13.prefab using Guid(8090c6aaeead5e145b7723e5d6fedc39) Importer(2089858483,0ecaa5967403d082aa24f35e1b516d23) Generated GUIDs only implemented for interfaces!
 -> (artifact id: '255f6f8ec8493319738a3aa67924893c') in 0.015545 seconds
Number of updated asset objects reloaded before import = 0
Number of asset objects unloaded after import = 32
========================================================================
Received Import Request.
  Time since last request: 0.000014 seconds.
  path: Assets/Imported Assets/low poly pack/Rock/New Material.mat
  artifactKey: Guid(6d6dba2824eb3b74fb1730ded1d50438) Importer(2089858483,0ecaa5967403d082aa24f35e1b516d23)
Start importing Assets/Imported Assets/low poly pack/Rock/New Material.mat using Guid(6d6dba2824eb3b74fb1730ded1d50438) Importer(2089858483,0ecaa5967403d082aa24f35e1b516d23) Generated GUIDs only implemented for interfaces!
 -> (artifact id: '6edb5bc796f2d803344ae8ad1dfa97f8') in 0.016099 seconds
Number of updated asset objects reloaded before import = 0
Number of asset objects unloaded after import = 1
========================================================================
Received Import Request.
  Time since last request: 0.000018 seconds.
  path: Assets/Imported Assets/low poly pack/Odject/Construction25.prefab
  artifactKey: Guid(e9c5bbcb6f83eba4ba78d514ffa5de8b) Importer(2089858483,0ecaa5967403d082aa24f35e1b516d23)
Start importing Assets/Imported Assets/low poly pack/Odject/Construction25.prefab using Guid(e9c5bbcb6f83eba4ba78d514ffa5de8b) Importer(2089858483,0ecaa5967403d082aa24f35e1b516d23) Generated GUIDs only implemented for interfaces!
 -> (artifact id: '4fe4e586335c520d4fa954f9cf74c79c') in 0.020331 seconds
Number of updated asset objects reloaded before import = 0
Number of asset objects unloaded after import = 312
========================================================================
Received Import Request.
  Time since last request: 0.000020 seconds.
  path: Assets/Imported Assets/low poly pack/Tre/tree16.prefab
  artifactKey: Guid(dbaf8c3e5014ae44b9b885afadce6214) Importer(2089858483,0ecaa5967403d082aa24f35e1b516d23)
Start importing Assets/Imported Assets/low poly pack/Tre/tree16.prefab using Guid(dbaf8c3e5014ae44b9b885afadce6214) Importer(2089858483,0ecaa5967403d082aa24f35e1b516d23) Generated GUIDs only implemented for interfaces!
 -> (artifact id: 'b6a848594b145117fb61a6f09d37580c') in 0.015438 seconds
Number of updated asset objects reloaded before import = 0
Number of asset objects unloaded after import = 9
========================================================================
Received Import Request.
  Time since last request: 0.000018 seconds.
  path: Assets/Imported Assets/low poly pack/scene/Demo3.unity
  artifactKey: Guid(b71a89b722f2ed0458f739135c44f7b4) Importer(2089858483,0ecaa5967403d082aa24f35e1b516d23)
Start importing Assets/Imported Assets/low poly pack/scene/Demo3.unity using Guid(b71a89b722f2ed0458f739135c44f7b4) Importer(2089858483,0ecaa5967403d082aa24f35e1b516d23) Generated GUIDs only implemented for interfaces!
 -> (artifact id: '0bbfb638c789eb3cd3024678ae608d87') in 0.015858 seconds
Number of updated asset objects reloaded before import = 0
Number of asset objects unloaded after import = 1
========================================================================
Received Import Request.
  Time since last request: 0.000058 seconds.
  path: Assets/Imported Assets/low poly pack/Wolf/Wolf_low_poly.fbx
  artifactKey: Guid(e3a99f26c39bfe54dbf3a09dcac2a199) Importer(2089858483,0ecaa5967403d082aa24f35e1b516d23)
Start importing Assets/Imported Assets/low poly pack/Wolf/Wolf_low_poly.fbx using Guid(e3a99f26c39bfe54dbf3a09dcac2a199) Importer(2089858483,0ecaa5967403d082aa24f35e1b516d23) Generated GUIDs only implemented for interfaces!
 -> (artifact id: '84d277ec592a433e5cee2ec0496ea10e') in 0.065029 seconds
Number of updated asset objects reloaded before import = 0
Number of asset objects unloaded after import = 238
========================================================================
Received Import Request.
  Time since last request: 0.000019 seconds.
  path: Assets/Imported Assets/Low-Poly Weapons/Models/Arrow_Explosive.fbx
  artifactKey: Guid(a6c4c9afde33c4603bef3ca6b3a587ca) Importer(2089858483,0ecaa5967403d082aa24f35e1b516d23)
Start importing Assets/Imported Assets/Low-Poly Weapons/Models/Arrow_Explosive.fbx using Guid(a6c4c9afde33c4603bef3ca6b3a587ca) Importer(2089858483,0ecaa5967403d082aa24f35e1b516d23) Generated GUIDs only implemented for interfaces!
 -> (artifact id: '2e606f802a33d561482f2f5a95684bff') in 0.041362 seconds
Number of updated asset objects reloaded before import = 0
Number of asset objects unloaded after import = 10
========================================================================
Received Import Request.
  Time since last request: 0.000016 seconds.
  path: Assets/Imported Assets/low poly pack/scene/Demo4Settings.lighting
  artifactKey: Guid(2ecb15fae10d3d94ca01a6894e8a8f57) Importer(2089858483,0ecaa5967403d082aa24f35e1b516d23)
Start importing Assets/Imported Assets/low poly pack/scene/Demo4Settings.lighting using Guid(2ecb15fae10d3d94ca01a6894e8a8f57) Importer(2089858483,0ecaa5967403d082aa24f35e1b516d23) LightingSettings: switching bake backend from 1 to 0.
Generated GUIDs only implemented for interfaces!
 -> (artifact id: '0e12e731f10b3d9d64324b3865094a5a') in 0.025634 seconds
Number of updated asset objects reloaded before import = 0
Number of asset objects unloaded after import = 1
========================================================================
Received Import Request.
  Time since last request: 0.000016 seconds.
  path: Assets/Imported Assets/low poly pack/Odject/Construction16.prefab
  artifactKey: Guid(1a1a3834bfabe524998b6840c9f467dd) Importer(2089858483,0ecaa5967403d082aa24f35e1b516d23)
Start importing Assets/Imported Assets/low poly pack/Odject/Construction16.prefab using Guid(1a1a3834bfabe524998b6840c9f467dd) Importer(2089858483,0ecaa5967403d082aa24f35e1b516d23) Generated GUIDs only implemented for interfaces!
 -> (artifact id: '495e67f0d8fd8278eeabd8e32e52ae28') in 0.013814 seconds
Number of updated asset objects reloaded before import = 0
Number of asset objects unloaded after import = 9
========================================================================
Received Import Request.
  Time since last request: 0.000017 seconds.
  path: Assets/Imported Assets/low poly pack/Terain/grass2.prefab
  artifactKey: Guid(bf67beae2d4953447953edcca56c08c1) Importer(2089858483,0ecaa5967403d082aa24f35e1b516d23)
Start importing Assets/Imported Assets/low poly pack/Terain/grass2.prefab using Guid(bf67beae2d4953447953edcca56c08c1) Importer(2089858483,0ecaa5967403d082aa24f35e1b516d23) Generated GUIDs only implemented for interfaces!
 -> (artifact id: 'ab0a4cb52121c911516a682c7825825e') in 0.015293 seconds
Number of updated asset objects reloaded before import = 0
Number of asset objects unloaded after import = 9
========================================================================
Received Import Request.
  Time since last request: 0.000016 seconds.
  path: Assets/Imported Assets/low poly pack/Odject/Construction24.prefab
  artifactKey: Guid(e7081c039edd6ea4ebbc6f908867bbb6) Importer(2089858483,0ecaa5967403d082aa24f35e1b516d23)
Start importing Assets/Imported Assets/low poly pack/Odject/Construction24.prefab using Guid(e7081c039edd6ea4ebbc6f908867bbb6) Importer(2089858483,0ecaa5967403d082aa24f35e1b516d23) Generated GUIDs only implemented for interfaces!
 -> (artifact id: '2ea512a543ec71a843cd24551c9a6703') in 0.015656 seconds
Number of updated asset objects reloaded before import = 0
Number of asset objects unloaded after import = 25
========================================================================
Received Import Request.
  Time since last request: 0.000018 seconds.
  path: Assets/Imported Assets/low poly pack/Tre/Grass.prefab
  artifactKey: Guid(be30aee2998632c418ddebe1ce786af8) Importer(2089858483,0ecaa5967403d082aa24f35e1b516d23)
Start importing Assets/Imported Assets/low poly pack/Tre/Grass.prefab using Guid(be30aee2998632c418ddebe1ce786af8) Importer(2089858483,0ecaa5967403d082aa24f35e1b516d23) Generated GUIDs only implemented for interfaces!
 -> (artifact id: 'a0d76a9577de3cf253308bf6e19c5828') in 0.017421 seconds
Number of updated asset objects reloaded before import = 0
Number of asset objects unloaded after import = 9
========================================================================
Received Import Request.
  Time since last request: 0.000026 seconds.
  path: Assets/Imported Assets/low poly pack/Terain/rock.prefab
  artifactKey: Guid(f0e4d4df8bc9ea14eb35b1169bc74720) Importer(2089858483,0ecaa5967403d082aa24f35e1b516d23)
Start importing Assets/Imported Assets/low poly pack/Terain/rock.prefab using Guid(f0e4d4df8bc9ea14eb35b1169bc74720) Importer(2089858483,0ecaa5967403d082aa24f35e1b516d23) Generated GUIDs only implemented for interfaces!
 -> (artifact id: 'd26cda631513fc523895c9beb09e10f1') in 0.018220 seconds
Number of updated asset objects reloaded before import = 0
Number of asset objects unloaded after import = 9
========================================================================
Received Import Request.
  Time since last request: 0.000019 seconds.
  path: Assets/Imported Assets/low poly pack/scene/Demo4.unity
  artifactKey: Guid(6c9ca2a0b815a3f4fbdefa36507fb0ce) Importer(2089858483,0ecaa5967403d082aa24f35e1b516d23)
Start importing Assets/Imported Assets/low poly pack/scene/Demo4.unity using Guid(6c9ca2a0b815a3f4fbdefa36507fb0ce) Importer(2089858483,0ecaa5967403d082aa24f35e1b516d23) Generated GUIDs only implemented for interfaces!
 -> (artifact id: 'b1503d2c70e7d48e2d2afec139fb47f6') in 0.012201 seconds
Number of updated asset objects reloaded before import = 0
Number of asset objects unloaded after import = 1
========================================================================
Received Import Request.
  Time since last request: 0.000097 seconds.
  path: Assets/Imported Assets/low poly pack/Terain/terain.prefab
  artifactKey: Guid(7b80874909f9a3645bdd024faac3a7fc) Importer(2089858483,0ecaa5967403d082aa24f35e1b516d23)
Start importing Assets/Imported Assets/low poly pack/Terain/terain.prefab using Guid(7b80874909f9a3645bdd024faac3a7fc) Importer(2089858483,0ecaa5967403d082aa24f35e1b516d23) Generated GUIDs only implemented for interfaces!
 -> (artifact id: 'aff942b4187594c93447fcfe277a68ba') in 0.016068 seconds
Number of updated asset objects reloaded before import = 0
Number of asset objects unloaded after import = 9
========================================================================
Received Import Request.
  Time since last request: 0.000018 seconds.
  path: Assets/Imported Assets/low poly pack/Terain/Snow.prefab
  artifactKey: Guid(58a28c43aece91c4f8d4e8e4e2c7d44f) Importer(2089858483,0ecaa5967403d082aa24f35e1b516d23)
Start importing Assets/Imported Assets/low poly pack/Terain/Snow.prefab using Guid(58a28c43aece91c4f8d4e8e4e2c7d44f) Importer(2089858483,0ecaa5967403d082aa24f35e1b516d23) Generated GUIDs only implemented for interfaces!
 -> (artifact id: '5fe5ad04bfe5fd0219ce2c479b1cff67') in 0.014019 seconds
Number of updated asset objects reloaded before import = 0
Number of asset objects unloaded after import = 9
========================================================================
Received Import Request.
  Time since last request: 0.000015 seconds.
  path: Assets/Imported Assets/low poly pack/Odject/Construction8.prefab
  artifactKey: Guid(fd2b121d0de25f54a9f82a5c11e85360) Importer(2089858483,0ecaa5967403d082aa24f35e1b516d23)
Start importing Assets/Imported Assets/low poly pack/Odject/Construction8.prefab using Guid(fd2b121d0de25f54a9f82a5c11e85360) Importer(2089858483,0ecaa5967403d082aa24f35e1b516d23) Generated GUIDs only implemented for interfaces!
 -> (artifact id: '28d0dc34031e780189bd7c1b1a559bdb') in 0.016838 seconds
Number of updated asset objects reloaded before import = 0
Number of asset objects unloaded after import = 37
========================================================================
Received Import Request.
  Time since last request: 0.000015 seconds.
  path: Assets/Imported Assets/low poly pack/Tre/Eer5.prefab
  artifactKey: Guid(ab418cd7334cec84d87ba96f6c5b1ab0) Importer(2089858483,0ecaa5967403d082aa24f35e1b516d23)
Start importing Assets/Imported Assets/low poly pack/Tre/Eer5.prefab using Guid(ab418cd7334cec84d87ba96f6c5b1ab0) Importer(2089858483,0ecaa5967403d082aa24f35e1b516d23) Generated GUIDs only implemented for interfaces!
 -> (artifact id: '65e51b0e3a376d19c8d448043c16b6e0') in 0.013490 seconds
Number of updated asset objects reloaded before import = 0
Number of asset objects unloaded after import = 9
========================================================================
Received Import Request.
  Time since last request: 0.000017 seconds.
  path: Assets/Imported Assets/low poly pack/Wolf/wolf_lod_3.prefab
  artifactKey: Guid(91853b28782f80341b802cd490c58bfd) Importer(2089858483,0ecaa5967403d082aa24f35e1b516d23)
Start importing Assets/Imported Assets/low poly pack/Wolf/wolf_lod_3.prefab using Guid(91853b28782f80341b802cd490c58bfd) Importer(2089858483,0ecaa5967403d082aa24f35e1b516d23) Generated GUIDs only implemented for interfaces!
 -> (artifact id: '02c3fa8ef5b834ccb7d98fe05f14b1a3') in 0.013935 seconds
Number of updated asset objects reloaded before import = 0
Number of asset objects unloaded after import = 60
========================================================================
Received Import Request.
  Time since last request: 0.000016 seconds.
  path: Assets/Imported Assets/low poly pack/Tre/Eer6.prefab
  artifactKey: Guid(44512f038bb5e564395bb4a79fa9f54a) Importer(2089858483,0ecaa5967403d082aa24f35e1b516d23)
Start importing Assets/Imported Assets/low poly pack/Tre/Eer6.prefab using Guid(44512f038bb5e564395bb4a79fa9f54a) Importer(2089858483,0ecaa5967403d082aa24f35e1b516d23) Generated GUIDs only implemented for interfaces!
 -> (artifact id: '3a6e5ff3f2af5865eca27dba4779f8ab') in 0.014358 seconds
Number of updated asset objects reloaded before import = 0
Number of asset objects unloaded after import = 18
========================================================================
Received Import Request.
  Time since last request: 0.000024 seconds.
  path: Assets/Imported Assets/low poly pack/Tre/Eer4.prefab
  artifactKey: Guid(cf9200d8ceba70e4dabf6456b32c3387) Importer(2089858483,0ecaa5967403d082aa24f35e1b516d23)
Start importing Assets/Imported Assets/low poly pack/Tre/Eer4.prefab using Guid(cf9200d8ceba70e4dabf6456b32c3387) Importer(2089858483,0ecaa5967403d082aa24f35e1b516d23) Generated GUIDs only implemented for interfaces!
 -> (artifact id: '096bb6342eceb714910d28883ca1b7db') in 0.012578 seconds
Number of updated asset objects reloaded before import = 0
Number of asset objects unloaded after import = 39
========================================================================
Received Import Request.
  Time since last request: 0.000014 seconds.
  path: Assets/Imported Assets/low poly pack/Odject/Construction4.prefab
  artifactKey: Guid(5960db2229ce9a64f86330a3ffd14960) Importer(2089858483,0ecaa5967403d082aa24f35e1b516d23)
Start importing Assets/Imported Assets/low poly pack/Odject/Construction4.prefab using Guid(5960db2229ce9a64f86330a3ffd14960) Importer(2089858483,0ecaa5967403d082aa24f35e1b516d23) Generated GUIDs only implemented for interfaces!
 -> (artifact id: '56a30bf6971b30aa18ad3f77cc0a13a7') in 0.012930 seconds
Number of updated asset objects reloaded before import = 0
Number of asset objects unloaded after import = 9
========================================================================
Received Import Request.
  Time since last request: 0.000019 seconds.
  path: Assets/Imported Assets/low poly pack/Tre/tre19.prefab
  artifactKey: Guid(a825c367baabe6641a1a67c4ffb9ea50) Importer(2089858483,0ecaa5967403d082aa24f35e1b516d23)
Start importing Assets/Imported Assets/low poly pack/Tre/tre19.prefab using Guid(a825c367baabe6641a1a67c4ffb9ea50) Importer(2089858483,0ecaa5967403d082aa24f35e1b516d23) Generated GUIDs only implemented for interfaces!
 -> (artifact id: 'a9e46a73bd3b6f18a3d5c7d6615aad66') in 0.026410 seconds
Number of updated asset objects reloaded before import = 0
Number of asset objects unloaded after import = 9
========================================================================
Received Import Request.
  Time since last request: 0.000025 seconds.
  path: Assets/Imported Assets/low poly pack/Terain/Rock3.prefab
  artifactKey: Guid(6c6ac5996141f824792d21fbc3544ae6) Importer(2089858483,0ecaa5967403d082aa24f35e1b516d23)
Start importing Assets/Imported Assets/low poly pack/Terain/Rock3.prefab using Guid(6c6ac5996141f824792d21fbc3544ae6) Importer(2089858483,0ecaa5967403d082aa24f35e1b516d23) Generated GUIDs only implemented for interfaces!
 -> (artifact id: '387e58384269f535620139d1d9ff29b0') in 0.017058 seconds
Number of updated asset objects reloaded before import = 0
Number of asset objects unloaded after import = 9
========================================================================
Received Import Request.
  Time since last request: 0.000015 seconds.
  path: Assets/Imported Assets/Low-Poly Weapons/Models/Potion_Generic.fbx
  artifactKey: Guid(097d38a80d9574b8f83fd7d8404930f4) Importer(2089858483,0ecaa5967403d082aa24f35e1b516d23)
Start importing Assets/Imported Assets/Low-Poly Weapons/Models/Potion_Generic.fbx using Guid(097d38a80d9574b8f83fd7d8404930f4) Importer(2089858483,0ecaa5967403d082aa24f35e1b516d23) Generated GUIDs only implemented for interfaces!
 -> (artifact id: 'c8a8ac0c19a0a9fb78c70dcd3d815534') in 0.021878 seconds
Number of updated asset objects reloaded before import = 0
Number of asset objects unloaded after import = 7
========================================================================
Received Import Request.
  Time since last request: 0.000113 seconds.
  path: Assets/Imported Assets/low poly pack/Odject/Construction22.prefab
  artifactKey: Guid(ae852a698a0ad4043ba64aa7f6c9bce6) Importer(2089858483,0ecaa5967403d082aa24f35e1b516d23)
Start importing Assets/Imported Assets/low poly pack/Odject/Construction22.prefab using Guid(ae852a698a0ad4043ba64aa7f6c9bce6) Importer(2089858483,0ecaa5967403d082aa24f35e1b516d23) Generated GUIDs only implemented for interfaces!
 -> (artifact id: '4f899ebe705b6c6942f0fb70e82c6f81') in 0.015117 seconds
Number of updated asset objects reloaded before import = 0
Number of asset objects unloaded after import = 9
========================================================================
Received Import Request.
  Time since last request: 0.000016 seconds.
  path: Assets/Imported Assets/Low-Poly Weapons/Models/Potion_Health.fbx
  artifactKey: Guid(2a7aeccaf51cb44258e96e4127ac8d7e) Importer(2089858483,0ecaa5967403d082aa24f35e1b516d23)
Start importing Assets/Imported Assets/Low-Poly Weapons/Models/Potion_Health.fbx using Guid(2a7aeccaf51cb44258e96e4127ac8d7e) Importer(2089858483,0ecaa5967403d082aa24f35e1b516d23) Generated GUIDs only implemented for interfaces!
 -> (artifact id: '0a0302a03a8e56c51ede36190bca14bf') in 0.027868 seconds
Number of updated asset objects reloaded before import = 0
Number of asset objects unloaded after import = 7
========================================================================
Received Import Request.
  Time since last request: 0.000018 seconds.
  path: Assets/Imported Assets/low poly pack/Tre/Eer12.prefab
  artifactKey: Guid(e2dc1e146935d024f92b9039844c7a70) Importer(2089858483,0ecaa5967403d082aa24f35e1b516d23)
Start importing Assets/Imported Assets/low poly pack/Tre/Eer12.prefab using Guid(e2dc1e146935d024f92b9039844c7a70) Importer(2089858483,0ecaa5967403d082aa24f35e1b516d23) Generated GUIDs only implemented for interfaces!
 -> (artifact id: '899a4b4bd2bb31d2c01c8c422b3c43e7') in 0.014593 seconds
Number of updated asset objects reloaded before import = 0
Number of asset objects unloaded after import = 32
========================================================================
Received Import Request.
  Time since last request: 0.000017 seconds.
  path: Assets/Imported Assets/Low-Poly Weapons/Models/Crossbow.fbx
  artifactKey: Guid(d1036415f6ea442a9afc3adb6e466f76) Importer(2089858483,0ecaa5967403d082aa24f35e1b516d23)
Start importing Assets/Imported Assets/Low-Poly Weapons/Models/Crossbow.fbx using Guid(d1036415f6ea442a9afc3adb6e466f76) Importer(2089858483,0ecaa5967403d082aa24f35e1b516d23) Generated GUIDs only implemented for interfaces!
 -> (artifact id: '581eabe3e835278d429010b060729d67') in 0.026498 seconds
Number of updated asset objects reloaded before import = 0
Number of asset objects unloaded after import = 12
========================================================================
Received Import Request.
  Time since last request: 0.000028 seconds.
  path: Assets/Imported Assets/Low-Poly Weapons/Documentation/ReadMe.odt
  artifactKey: Guid(303eef945274a4a8a876c67a90d4ce4b) Importer(2089858483,0ecaa5967403d082aa24f35e1b516d23)
Start importing Assets/Imported Assets/Low-Poly Weapons/Documentation/ReadMe.odt using Guid(303eef945274a4a8a876c67a90d4ce4b) Importer(2089858483,0ecaa5967403d082aa24f35e1b516d23) Generated GUIDs only implemented for interfaces!
 -> (artifact id: '76d2b426032076c151fdf67331423637') in 0.020415 seconds
Number of updated asset objects reloaded before import = 0
Number of asset objects unloaded after import = 1
========================================================================
Received Import Request.
  Time since last request: 0.000110 seconds.
  path: Assets/Imported Assets/low poly pack/Tre/Eer3.1.prefab
  artifactKey: Guid(69ec518131952874bac3adf8d4ca20ec) Importer(2089858483,0ecaa5967403d082aa24f35e1b516d23)
Start importing Assets/Imported Assets/low poly pack/Tre/Eer3.1.prefab using Guid(69ec518131952874bac3adf8d4ca20ec) Importer(2089858483,0ecaa5967403d082aa24f35e1b516d23) Generated GUIDs only implemented for interfaces!
 -> (artifact id: '37888f18f2f2aafa232a7eed4beea104') in 0.024461 seconds
Number of updated asset objects reloaded before import = 0
Number of asset objects unloaded after import = 32
========================================================================
Received Import Request.
  Time since last request: 0.000017 seconds.
  path: Assets/Imported Assets/low poly pack/Odject/Construction7.prefab
  artifactKey: Guid(8f16f151ac6210545b8350317455aaa4) Importer(2089858483,0ecaa5967403d082aa24f35e1b516d23)
Start importing Assets/Imported Assets/low poly pack/Odject/Construction7.prefab using Guid(8f16f151ac6210545b8350317455aaa4) Importer(2089858483,0ecaa5967403d082aa24f35e1b516d23) Generated GUIDs only implemented for interfaces!
 -> (artifact id: 'd4df44898b0e6093e214ea17285c1f74') in 0.016904 seconds
Number of updated asset objects reloaded before import = 0
Number of asset objects unloaded after import = 144
========================================================================
Received Import Request.
  Time since last request: 0.000026 seconds.
  path: Assets/Imported Assets/low poly pack/Tre/Group49.prefab
  artifactKey: Guid(4c7d79c1c45c8794093bcaec44e633c9) Importer(2089858483,0ecaa5967403d082aa24f35e1b516d23)
Start importing Assets/Imported Assets/low poly pack/Tre/Group49.prefab using Guid(4c7d79c1c45c8794093bcaec44e633c9) Importer(2089858483,0ecaa5967403d082aa24f35e1b516d23) Generated GUIDs only implemented for interfaces!
 -> (artifact id: '9081eed0c84abbd6b8c08b2cbee34a12') in 0.021098 seconds
Number of updated asset objects reloaded before import = 0
Number of asset objects unloaded after import = 18
========================================================================
Received Import Request.
  Time since last request: 3.720594 seconds.
  path: Assets/Imported Assets/Low-Poly Weapons/Prefabs/Bomb.prefab
  artifactKey: Guid(aa64b9ae639024c5097e12b27ac1d84c) Importer(2089858483,0ecaa5967403d082aa24f35e1b516d23)
Start importing Assets/Imported Assets/Low-Poly Weapons/Prefabs/Bomb.prefab using Guid(aa64b9ae639024c5097e12b27ac1d84c) Importer(2089858483,0ecaa5967403d082aa24f35e1b516d23) Generated GUIDs only implemented for interfaces!
 -> (artifact id: 'b16aa9c0e6de947a591023537ae527be') in 0.032225 seconds
Number of updated asset objects reloaded before import = 0
Number of asset objects unloaded after import = 7
========================================================================
Received Import Request.
  Time since last request: 0.000017 seconds.
  path: Assets/Imported Assets/L_FG_Assets_Pack_Lite/Meshes/Paling01_b.FBX
  artifactKey: Guid(5ce223c647913564eb842037a46a8655) Importer(2089858483,0ecaa5967403d082aa24f35e1b516d23)
Start importing Assets/Imported Assets/L_FG_Assets_Pack_Lite/Meshes/Paling01_b.FBX using Guid(5ce223c647913564eb842037a46a8655) Importer(2089858483,0ecaa5967403d082aa24f35e1b516d23) Generated GUIDs only implemented for interfaces!
 -> (artifact id: 'ac5327182f77381b613c555dc63cd24d') in 0.030653 seconds
Number of updated asset objects reloaded before import = 0
Number of asset objects unloaded after import = 7
========================================================================
Received Import Request.
  Time since last request: 0.000020 seconds.
  path: Assets/Imported Assets/L_FG_Assets_Pack_Lite/Meshes/Plant05_g.FBX
  artifactKey: Guid(a65e450bdacb3f0438c7dcc9d0ace79e) Importer(2089858483,0ecaa5967403d082aa24f35e1b516d23)
Start importing Assets/Imported Assets/L_FG_Assets_Pack_Lite/Meshes/Plant05_g.FBX using Guid(a65e450bdacb3f0438c7dcc9d0ace79e) Importer(2089858483,0ecaa5967403d082aa24f35e1b516d23) Generated GUIDs only implemented for interfaces!
 -> (artifact id: '1a5c6268cb540c7b777fb4eb5a0ac8b1') in 0.028760 seconds
Number of updated asset objects reloaded before import = 0
Number of asset objects unloaded after import = 7
========================================================================
Received Import Request.
  Time since last request: 0.000016 seconds.
  path: Assets/Imported Assets/L_FG_Assets_Pack_Lite/Materials/Dust01.mat
  artifactKey: Guid(923e268f8115cbf4f8d91218d1ad11d9) Importer(2089858483,0ecaa5967403d082aa24f35e1b516d23)
Start importing Assets/Imported Assets/L_FG_Assets_Pack_Lite/Materials/Dust01.mat using Guid(923e268f8115cbf4f8d91218d1ad11d9) Importer(2089858483,0ecaa5967403d082aa24f35e1b516d23) Generated GUIDs only implemented for interfaces!
 -> (artifact id: 'd895fc7e0016acf287715999aacad1a2') in 0.018045 seconds
Number of updated asset objects reloaded before import = 0
Number of asset objects unloaded after import = 2
========================================================================
Received Import Request.
  Time since last request: 0.000019 seconds.
  path: Assets/Imported Assets/L_FG_Assets_Pack_Lite/Particle/Particle03.prefab
  artifactKey: Guid(0823f6e3921b4294883a5d00faa4ef98) Importer(2089858483,0ecaa5967403d082aa24f35e1b516d23)
Start importing Assets/Imported Assets/L_FG_Assets_Pack_Lite/Particle/Particle03.prefab using Guid(0823f6e3921b4294883a5d00faa4ef98) Importer(2089858483,0ecaa5967403d082aa24f35e1b516d23) Generated GUIDs only implemented for interfaces!
 -> (artifact id: 'f05fceb2af7aa5b6ce4dd1ea488b49ff') in 0.105978 seconds
Number of updated asset objects reloaded before import = 0
Number of asset objects unloaded after import = 6
========================================================================
Received Import Request.
  Time since last request: 0.000029 seconds.
  path: Assets/Imported Assets/Low-Poly Weapons/Prefabs/Potion_Berserk.prefab
  artifactKey: Guid(db1c94431d2a64a068f8c904090cee66) Importer(2089858483,0ecaa5967403d082aa24f35e1b516d23)
Start importing Assets/Imported Assets/Low-Poly Weapons/Prefabs/Potion_Berserk.prefab using Guid(db1c94431d2a64a068f8c904090cee66) Importer(2089858483,0ecaa5967403d082aa24f35e1b516d23) Generated GUIDs only implemented for interfaces!
 -> (artifact id: '6e4dcf2773c7217e6eecedfbf72d6973') in 0.020189 seconds
Number of updated asset objects reloaded before import = 0
Number of asset objects unloaded after import = 7
========================================================================
Received Import Request.
  Time since last request: 0.000112 seconds.
  path: Assets/Imported Assets/Low-Poly Weapons/Scenes/Demo_SceneSettings.lighting
  artifactKey: Guid(604a10051cdcb6240b4f4290109f3bf0) Importer(2089858483,0ecaa5967403d082aa24f35e1b516d23)
Start importing Assets/Imported Assets/Low-Poly Weapons/Scenes/Demo_SceneSettings.lighting using Guid(604a10051cdcb6240b4f4290109f3bf0) Importer(2089858483,0ecaa5967403d082aa24f35e1b516d23) LightingSettings: switching bake backend from 1 to 0.
Generated GUIDs only implemented for interfaces!
 -> (artifact id: '0e241ad1828080829dd060ac45d0a351') in 0.021096 seconds
Number of updated asset objects reloaded before import = 0
Number of asset objects unloaded after import = 1
========================================================================
Received Import Request.
  Time since last request: 0.000043 seconds.
  path: Assets/Imported Assets/L_FG_Assets_Pack_Lite/Particle/Particle_bloom01.prefab
  artifactKey: Guid(70999725f237fee43b3a4e04d5e55f49) Importer(2089858483,0ecaa5967403d082aa24f35e1b516d23)
Start importing Assets/Imported Assets/L_FG_Assets_Pack_Lite/Particle/Particle_bloom01.prefab using Guid(70999725f237fee43b3a4e04d5e55f49) Importer(2089858483,0ecaa5967403d082aa24f35e1b516d23) Generated GUIDs only implemented for interfaces!
 -> (artifact id: 'ce67c8e581eebbc8683bf5a810e02e87') in 0.070625 seconds
Number of updated asset objects reloaded before import = 0
Number of asset objects unloaded after import = 6
========================================================================
Received Import Request.
  Time since last request: 0.000086 seconds.
  path: Assets/Imported Assets/L_FG_Assets_Pack_Lite/Materials/Ground07.mat
  artifactKey: Guid(db7cfea5a39b71b489ee4b1933a67e06) Importer(2089858483,0ecaa5967403d082aa24f35e1b516d23)
Start importing Assets/Imported Assets/L_FG_Assets_Pack_Lite/Materials/Ground07.mat using Guid(db7cfea5a39b71b489ee4b1933a67e06) Importer(2089858483,0ecaa5967403d082aa24f35e1b516d23) Generated GUIDs only implemented for interfaces!
 -> (artifact id: '4cfd041ebc84ad4e5af0afbaf12e4610') in 0.017937 seconds
Number of updated asset objects reloaded before import = 0
Number of asset objects unloaded after import = 2
========================================================================
Received Import Request.
  Time since last request: 0.000020 seconds.
  path: Assets/Imported Assets/L_FG_Assets_Pack_Lite/Meshes/Statue02_b.FBX
  artifactKey: Guid(9fccf20fcafb2ea4f9383135948e8d04) Importer(2089858483,0ecaa5967403d082aa24f35e1b516d23)
Start importing Assets/Imported Assets/L_FG_Assets_Pack_Lite/Meshes/Statue02_b.FBX using Guid(9fccf20fcafb2ea4f9383135948e8d04) Importer(2089858483,0ecaa5967403d082aa24f35e1b516d23) Generated GUIDs only implemented for interfaces!
 -> (artifact id: 'f7667a26b324694ad29d65bbbfd11600') in 0.029526 seconds
Number of updated asset objects reloaded before import = 0
Number of asset objects unloaded after import = 7
========================================================================
Received Import Request.
  Time since last request: 0.000016 seconds.
  path: Assets/Imported Assets/L_FG_Assets_Pack_Lite/Materials/Ground01.mat
  artifactKey: Guid(d3da3aadf60cdc049badaf82bc2c6f46) Importer(2089858483,0ecaa5967403d082aa24f35e1b516d23)
Start importing Assets/Imported Assets/L_FG_Assets_Pack_Lite/Materials/Ground01.mat using Guid(d3da3aadf60cdc049badaf82bc2c6f46) Importer(2089858483,0ecaa5967403d082aa24f35e1b516d23) Generated GUIDs only implemented for interfaces!
 -> (artifact id: '50be4d8d0891cf8103857e8c24da1c2e') in 0.017815 seconds
Number of updated asset objects reloaded before import = 0
Number of asset objects unloaded after import = 2
========================================================================
Received Import Request.
  Time since last request: 0.000029 seconds.
  path: Assets/Imported Assets/L_FG_Assets_Pack_Lite/Meshes/Tomb02_d.FBX
  artifactKey: Guid(8201db635b8eeb24dba49e2825268185) Importer(2089858483,0ecaa5967403d082aa24f35e1b516d23)
Start importing Assets/Imported Assets/L_FG_Assets_Pack_Lite/Meshes/Tomb02_d.FBX using Guid(8201db635b8eeb24dba49e2825268185) Importer(2089858483,0ecaa5967403d082aa24f35e1b516d23) Generated GUIDs only implemented for interfaces!
 -> (artifact id: 'f71c00146c1a6ad14177f23f7140f283') in 0.030698 seconds
Number of updated asset objects reloaded before import = 0
Number of asset objects unloaded after import = 7
========================================================================
Received Import Request.
  Time since last request: 0.000022 seconds.
  path: Assets/Imported Assets/L_FG_Assets_Pack_Lite/Meshes/Tomb02_b.FBX
  artifactKey: Guid(4d05dd48024b0994b8cb3a283a51fa9e) Importer(2089858483,0ecaa5967403d082aa24f35e1b516d23)
Start importing Assets/Imported Assets/L_FG_Assets_Pack_Lite/Meshes/Tomb02_b.FBX using Guid(4d05dd48024b0994b8cb3a283a51fa9e) Importer(2089858483,0ecaa5967403d082aa24f35e1b516d23) Generated GUIDs only implemented for interfaces!
 -> (artifact id: '7bad4fbefbc83eb9b531b5b8445e711c') in 0.026481 seconds
Number of updated asset objects reloaded before import = 0
Number of asset objects unloaded after import = 7
========================================================================
Received Import Request.
  Time since last request: 0.000016 seconds.
  path: Assets/Imported Assets/NavMeshes/TestScene001/NavMesh-Floor4 2.asset
  artifactKey: Guid(7eb412a3c3207af4ab56c0ebf2c83195) Importer(2089858483,0ecaa5967403d082aa24f35e1b516d23)
Start importing Assets/Imported Assets/NavMeshes/TestScene001/NavMesh-Floor4 2.asset using Guid(7eb412a3c3207af4ab56c0ebf2c83195) Importer(2089858483,0ecaa5967403d082aa24f35e1b516d23) Generated GUIDs only implemented for interfaces!
 -> (artifact id: 'be6dc7020a8b858cbae3f24297bb2902') in 0.017166 seconds
Number of updated asset objects reloaded before import = 0
Number of asset objects unloaded after import = 1
========================================================================
Received Import Request.
  Time since last request: 0.000014 seconds.
  path: Assets/Imported Assets/NavMeshes/TestScene001/NavMesh-Floor 1.asset
  artifactKey: Guid(73c7feea350c6b3408f9ef5063718e1a) Importer(2089858483,0ecaa5967403d082aa24f35e1b516d23)
Start importing Assets/Imported Assets/NavMeshes/TestScene001/NavMesh-Floor 1.asset using Guid(73c7feea350c6b3408f9ef5063718e1a) Importer(2089858483,0ecaa5967403d082aa24f35e1b516d23) Generated GUIDs only implemented for interfaces!
 -> (artifact id: '45066278fc874934277e04bf7be28954') in 0.017860 seconds
Number of updated asset objects reloaded before import = 0
Number of asset objects unloaded after import = 1
========================================================================
Received Import Request.
  Time since last request: 0.000021 seconds.
  path: Assets/Imported Assets/L_FG_Assets_Pack_Lite/Meshes/Plant08_b.FBX
  artifactKey: Guid(673579e8d617e1c4dae0893da11c2698) Importer(2089858483,0ecaa5967403d082aa24f35e1b516d23)
Start importing Assets/Imported Assets/L_FG_Assets_Pack_Lite/Meshes/Plant08_b.FBX using Guid(673579e8d617e1c4dae0893da11c2698) Importer(2089858483,0ecaa5967403d082aa24f35e1b516d23) Generated GUIDs only implemented for interfaces!
 -> (artifact id: 'cbea767b2d0e98f42b429351de362617') in 0.031668 seconds
Number of updated asset objects reloaded before import = 0
Number of asset objects unloaded after import = 7
========================================================================
Received Import Request.
  Time since last request: 0.000016 seconds.
  path: Assets/Imported Assets/L_FG_Assets_Pack_Lite/Materials/Table01.mat
  artifactKey: Guid(63bcb39927eec0e4c8d77dd3afe04d95) Importer(2089858483,0ecaa5967403d082aa24f35e1b516d23)
Start importing Assets/Imported Assets/L_FG_Assets_Pack_Lite/Materials/Table01.mat using Guid(63bcb39927eec0e4c8d77dd3afe04d95) Importer(2089858483,0ecaa5967403d082aa24f35e1b516d23) Generated GUIDs only implemented for interfaces!
 -> (artifact id: 'fe4ed688c41ab0dc9f74e8a97b815f6c') in 0.016660 seconds
Number of updated asset objects reloaded before import = 0
Number of asset objects unloaded after import = 2
========================================================================
Received Import Request.
  Time since last request: 0.000015 seconds.
  path: Assets/Imported Assets/L_FG_Assets_Pack_Lite/Meshes/Tomb04_d.FBX
  artifactKey: Guid(75a5b8da96d04994da77e28c61cf0e6b) Importer(2089858483,0ecaa5967403d082aa24f35e1b516d23)
Start importing Assets/Imported Assets/L_FG_Assets_Pack_Lite/Meshes/Tomb04_d.FBX using Guid(75a5b8da96d04994da77e28c61cf0e6b) Importer(2089858483,0ecaa5967403d082aa24f35e1b516d23) Generated GUIDs only implemented for interfaces!
 -> (artifact id: '5c7f2eb2691911ed6da48183932ad6b7') in 0.036212 seconds
Number of updated asset objects reloaded before import = 0
Number of asset objects unloaded after import = 7
========================================================================
Received Import Request.
  Time since last request: 0.000022 seconds.
  path: Assets/Imported Assets/L_FG_Assets_Pack_Lite/Materials/Bloom01.mat
  artifactKey: Guid(c8120d15b210bba4bb8cab8f6623dad8) Importer(2089858483,0ecaa5967403d082aa24f35e1b516d23)
Start importing Assets/Imported Assets/L_FG_Assets_Pack_Lite/Materials/Bloom01.mat using Guid(c8120d15b210bba4bb8cab8f6623dad8) Importer(2089858483,0ecaa5967403d082aa24f35e1b516d23) Generated GUIDs only implemented for interfaces!
 -> (artifact id: '5faacf2507d00b679d1af35a84038204') in 0.021147 seconds
Number of updated asset objects reloaded before import = 0
Number of asset objects unloaded after import = 2
========================================================================
Received Import Request.
  Time since last request: 0.000031 seconds.
  path: Assets/Imported Assets/NavMeshComponents/Editor/NavMeshSurfaceEditor.cs
  artifactKey: Guid(a9eb8338d288f7e4dac0a96c48b3e9c5) Importer(2089858483,0ecaa5967403d082aa24f35e1b516d23)
Start importing Assets/Imported Assets/NavMeshComponents/Editor/NavMeshSurfaceEditor.cs using Guid(a9eb8338d288f7e4dac0a96c48b3e9c5) Importer(2089858483,0ecaa5967403d082aa24f35e1b516d23) Generated GUIDs only implemented for interfaces!
 -> (artifact id: '6cc6d5a99c49d385174b34a42c588e46') in 0.019135 seconds
Number of updated asset objects reloaded before import = 0
Number of asset objects unloaded after import = 1
========================================================================
Received Import Request.
  Time since last request: 0.000074 seconds.
  path: Assets/Imported Assets/L_FG_Assets_Pack_Lite/Meshes/Plant09_a.FBX
  artifactKey: Guid(3f0e4eccc7076a941bfda5dac0cb8817) Importer(2089858483,0ecaa5967403d082aa24f35e1b516d23)
Start importing Assets/Imported Assets/L_FG_Assets_Pack_Lite/Meshes/Plant09_a.FBX using Guid(3f0e4eccc7076a941bfda5dac0cb8817) Importer(2089858483,0ecaa5967403d082aa24f35e1b516d23) Generated GUIDs only implemented for interfaces!
 -> (artifact id: '4be66677338e6fce05346f9310390249') in 0.029033 seconds
Number of updated asset objects reloaded before import = 0
Number of asset objects unloaded after import = 7
========================================================================
Received Import Request.
  Time since last request: 0.000019 seconds.
  path: Assets/Imported Assets/Low-Poly Weapons/Prefabs/Shield.prefab
  artifactKey: Guid(b4ea2f3e0e40943219a8997915f71646) Importer(2089858483,0ecaa5967403d082aa24f35e1b516d23)
Start importing Assets/Imported Assets/Low-Poly Weapons/Prefabs/Shield.prefab using Guid(b4ea2f3e0e40943219a8997915f71646) Importer(2089858483,0ecaa5967403d082aa24f35e1b516d23) Generated GUIDs only implemented for interfaces!
 -> (artifact id: 'c7f2caa302ddc0c59e0acbc25980c05d') in 0.017272 seconds
Number of updated asset objects reloaded before import = 0
Number of asset objects unloaded after import = 7
========================================================================
Received Import Request.
  Time since last request: 0.000022 seconds.
  path: Assets/Imported Assets/Low-Poly Weapons/Prefabs/Dagger.prefab
  artifactKey: Guid(a4cd3d5e9967248a69e6203d2ce67874) Importer(2089858483,0ecaa5967403d082aa24f35e1b516d23)
Start importing Assets/Imported Assets/Low-Poly Weapons/Prefabs/Dagger.prefab using Guid(a4cd3d5e9967248a69e6203d2ce67874) Importer(2089858483,0ecaa5967403d082aa24f35e1b516d23) Generated GUIDs only implemented for interfaces!
 -> (artifact id: '6e5fa67ecea3e91f5cc15644d83aa4cc') in 0.020476 seconds
Number of updated asset objects reloaded before import = 0
Number of asset objects unloaded after import = 7
========================================================================
Received Import Request.
  Time since last request: 0.000022 seconds.
  path: Assets/Imported Assets/L_FG_Assets_Pack_Lite/Meshes/Cart04.FBX
  artifactKey: Guid(4c5b3cc9f2f505144821ab8da8218e1a) Importer(2089858483,0ecaa5967403d082aa24f35e1b516d23)
Start importing Assets/Imported Assets/L_FG_Assets_Pack_Lite/Meshes/Cart04.FBX using Guid(4c5b3cc9f2f505144821ab8da8218e1a) Importer(2089858483,0ecaa5967403d082aa24f35e1b516d23) Generated GUIDs only implemented for interfaces!
 -> (artifact id: '6c3ff09d130d8ff131c895ae1b45aac8') in 0.027868 seconds
Number of updated asset objects reloaded before import = 0
Number of asset objects unloaded after import = 7
========================================================================
Received Import Request.
  Time since last request: 0.000016 seconds.
  path: Assets/Imported Assets/Low-Poly Weapons/Prefabs/Sword.prefab
  artifactKey: Guid(ef692f86dcc854a7aba0ac610620cb15) Importer(2089858483,0ecaa5967403d082aa24f35e1b516d23)
Start importing Assets/Imported Assets/Low-Poly Weapons/Prefabs/Sword.prefab using Guid(ef692f86dcc854a7aba0ac610620cb15) Importer(2089858483,0ecaa5967403d082aa24f35e1b516d23) Generated GUIDs only implemented for interfaces!
 -> (artifact id: 'a720edebb1831584c52cd3726427dd37') in 0.018136 seconds
Number of updated asset objects reloaded before import = 0
Number of asset objects unloaded after import = 7
========================================================================
Received Import Request.
  Time since last request: 0.000017 seconds.
  path: Assets/Imported Assets/L_FG_Assets_Pack_Lite/Demo/Read me02.jpg
  artifactKey: Guid(4a9d66b9906291c43b2aa8605b32f402) Importer(2089858483,0ecaa5967403d082aa24f35e1b516d23)
Start importing Assets/Imported Assets/L_FG_Assets_Pack_Lite/Demo/Read me02.jpg using Guid(4a9d66b9906291c43b2aa8605b32f402) Importer(2089858483,0ecaa5967403d082aa24f35e1b516d23) Generated GUIDs only implemented for interfaces!
 -> (artifact id: '34b5b3c1508e43407fc62b0804637cf2') in 0.033525 seconds
Number of updated asset objects reloaded before import = 0
Number of asset objects unloaded after import = 1
========================================================================
Received Import Request.
  Time since last request: 0.000019 seconds.
  path: Assets/Imported Assets/L_FG_Assets_Pack_Lite/Meshes/Tomb05_a.FBX
  artifactKey: Guid(d9b5f3c4d853f4c4795762d4028be4fb) Importer(2089858483,0ecaa5967403d082aa24f35e1b516d23)
Start importing Assets/Imported Assets/L_FG_Assets_Pack_Lite/Meshes/Tomb05_a.FBX using Guid(d9b5f3c4d853f4c4795762d4028be4fb) Importer(2089858483,0ecaa5967403d082aa24f35e1b516d23) Generated GUIDs only implemented for interfaces!
 -> (artifact id: '0c0e21aaf4f083a8abe3b45dd16587e7') in 0.037456 seconds
Number of updated asset objects reloaded before import = 0
Number of asset objects unloaded after import = 7
========================================================================
Received Import Request.
  Time since last request: 0.000029 seconds.
  path: Assets/Imported Assets/NavMeshes/SpawnWorldScene/NavMesh-NavMesh.asset
  artifactKey: Guid(26d67b7dc55abe34c9b86e332a247821) Importer(2089858483,0ecaa5967403d082aa24f35e1b516d23)
Start importing Assets/Imported Assets/NavMeshes/SpawnWorldScene/NavMesh-NavMesh.asset using Guid(26d67b7dc55abe34c9b86e332a247821) Importer(2089858483,0ecaa5967403d082aa24f35e1b516d23) Generated GUIDs only implemented for interfaces!
 -> (artifact id: '6a63b930984f7d15503eb82cb91595b9') in 0.020238 seconds
Number of updated asset objects reloaded before import = 0
Number of asset objects unloaded after import = 1
========================================================================
Received Import Request.
  Time since last request: 0.000016 seconds.
  path: Assets/Imported Assets/Sherbbs Particle Collection/Textures/WhiteToNothing.png
  artifactKey: Guid(5a46793f22d5f5b43810d1cd13f51e13) Importer(2089858483,0ecaa5967403d082aa24f35e1b516d23)
Start importing Assets/Imported Assets/Sherbbs Particle Collection/Textures/WhiteToNothing.png using Guid(5a46793f22d5f5b43810d1cd13f51e13) Importer(2089858483,0ecaa5967403d082aa24f35e1b516d23) Generated GUIDs only implemented for interfaces!
 -> (artifact id: '436f19a64bb587c79f5d9c2c1d7c22aa') in 0.036367 seconds
Number of updated asset objects reloaded before import = 0
Number of asset objects unloaded after import = 1
========================================================================
Received Import Request.
  Time since last request: 0.000017 seconds.
  path: Assets/Imported Assets/TextMesh Pro/Shaders/TMP_SDF-Mobile Overlay.shader
  artifactKey: Guid(a02a7d8c237544f1962732b55a9aebf1) Importer(2089858483,0ecaa5967403d082aa24f35e1b516d23)
Start importing Assets/Imported Assets/TextMesh Pro/Shaders/TMP_SDF-Mobile Overlay.shader using Guid(a02a7d8c237544f1962732b55a9aebf1) Importer(2089858483,0ecaa5967403d082aa24f35e1b516d23) Generated GUIDs only implemented for interfaces!
 -> (artifact id: 'e014d0da7d07f80b431d64711bcb6597') in 0.024648 seconds
Number of updated asset objects reloaded before import = 0
Number of asset objects unloaded after import = 1
========================================================================
Received Import Request.
  Time since last request: 0.000025 seconds.
  path: Assets/Imported Assets/StylizedHandPaintedDungeon(Free)/Prefabs/Floor.prefab
  artifactKey: Guid(e348e7143b6247b488737e4be26fb038) Importer(2089858483,0ecaa5967403d082aa24f35e1b516d23)
Start importing Assets/Imported Assets/StylizedHandPaintedDungeon(Free)/Prefabs/Floor.prefab using Guid(e348e7143b6247b488737e4be26fb038) Importer(2089858483,0ecaa5967403d082aa24f35e1b516d23) Generated GUIDs only implemented for interfaces!
 -> (artifact id: '3042d23595d6f12451a8ba4032f9dc2c') in 0.019261 seconds
Number of updated asset objects reloaded before import = 0
Number of asset objects unloaded after import = 7
========================================================================
Received Import Request.
  Time since last request: 0.000024 seconds.
  path: Assets/Imported Assets/TextMesh Pro/Shaders/TMP_Bitmap-Custom-Atlas.shader
  artifactKey: Guid(48bb5f55d8670e349b6e614913f9d910) Importer(2089858483,0ecaa5967403d082aa24f35e1b516d23)
Start importing Assets/Imported Assets/TextMesh Pro/Shaders/TMP_Bitmap-Custom-Atlas.shader using Guid(48bb5f55d8670e349b6e614913f9d910) Importer(2089858483,0ecaa5967403d082aa24f35e1b516d23) Generated GUIDs only implemented for interfaces!
 -> (artifact id: '30b79913a0298e6a9c829959d8ca1f66') in 0.021274 seconds
Number of updated asset objects reloaded before import = 0
Number of asset objects unloaded after import = 1
========================================================================
Received Import Request.
  Time since last request: 0.000020 seconds.
  path: Assets/Imported Assets/StylizedHandPaintedDungeon(Free)/Originals/Lamp_01.fbx
  artifactKey: Guid(80f5a41c215b19a4096e40d8852a7562) Importer(2089858483,0ecaa5967403d082aa24f35e1b516d23)
Start importing Assets/Imported Assets/StylizedHandPaintedDungeon(Free)/Originals/Lamp_01.fbx using Guid(80f5a41c215b19a4096e40d8852a7562) Importer(2089858483,0ecaa5967403d082aa24f35e1b516d23) Generated GUIDs only implemented for interfaces!
 -> (artifact id: '74eae7fa042748b80f9296d7448f74fd') in 0.027963 seconds
Number of updated asset objects reloaded before import = 0
Number of asset objects unloaded after import = 7
========================================================================
Received Import Request.
  Time since last request: 0.000017 seconds.
  path: Assets/Imported Assets/TextMesh Pro/Documentation/TextMesh Pro User Guide 2016.pdf
  artifactKey: Guid(1b8d251f9af63b746bf2f7ffe00ebb9b) Importer(2089858483,0ecaa5967403d082aa24f35e1b516d23)
Start importing Assets/Imported Assets/TextMesh Pro/Documentation/TextMesh Pro User Guide 2016.pdf using Guid(1b8d251f9af63b746bf2f7ffe00ebb9b) Importer(2089858483,0ecaa5967403d082aa24f35e1b516d23) Generated GUIDs only implemented for interfaces!
 -> (artifact id: '123adcd3daf940ab7d9e6aadf7826efd') in 0.013188 seconds
Number of updated asset objects reloaded before import = 0
Number of asset objects unloaded after import = 1
========================================================================
Received Import Request.
  Time since last request: 0.000023 seconds.
  path: Assets/Imported Assets/StylizedHandPaintedDungeon(Free)/Materials/Dungeon_Mat_01.mat
  artifactKey: Guid(770d874acb2e37f4dbb0943d5ef8a660) Importer(2089858483,0ecaa5967403d082aa24f35e1b516d23)
Start importing Assets/Imported Assets/StylizedHandPaintedDungeon(Free)/Materials/Dungeon_Mat_01.mat using Guid(770d874acb2e37f4dbb0943d5ef8a660) Importer(2089858483,0ecaa5967403d082aa24f35e1b516d23) Generated GUIDs only implemented for interfaces!
 -> (artifact id: '90f4ffa6914c76b87d95e7003adf8399') in 0.018562 seconds
Number of updated asset objects reloaded before import = 0
Number of asset objects unloaded after import = 2
========================================================================
Received Import Request.
  Time since last request: 0.000064 seconds.
  path: Assets/Imported Assets/TextMesh Pro/Sprites/EmojiOne Attribution.txt
  artifactKey: Guid(381dcb09d5029d14897e55f98031fca5) Importer(2089858483,0ecaa5967403d082aa24f35e1b516d23)
Start importing Assets/Imported Assets/TextMesh Pro/Sprites/EmojiOne Attribution.txt using Guid(381dcb09d5029d14897e55f98031fca5) Importer(2089858483,0ecaa5967403d082aa24f35e1b516d23) Generated GUIDs only implemented for interfaces!
 -> (artifact id: '079a310916563c71751998cfaf4eb1a2') in 0.016135 seconds
Number of updated asset objects reloaded before import = 0
Number of asset objects unloaded after import = 1
========================================================================
Received Import Request.
  Time since last request: 0.000048 seconds.
  path: Assets/Imported Assets/TextMesh Pro/Shaders/TMP_SDF-Mobile Masking.shader
  artifactKey: Guid(bc1ede39bf3643ee8e493720e4259791) Importer(2089858483,0ecaa5967403d082aa24f35e1b516d23)
Start importing Assets/Imported Assets/TextMesh Pro/Shaders/TMP_SDF-Mobile Masking.shader using Guid(bc1ede39bf3643ee8e493720e4259791) Importer(2089858483,0ecaa5967403d082aa24f35e1b516d23) Generated GUIDs only implemented for interfaces!
 -> (artifact id: '468a457f05eae56726c5625dcb262686') in 0.020078 seconds
Number of updated asset objects reloaded before import = 0
Number of asset objects unloaded after import = 1
========================================================================
Received Import Request.
  Time since last request: 0.000027 seconds.
  path: Assets/Imported Assets/TextMesh Pro/Shaders/TMPro_Surface.cginc
  artifactKey: Guid(d930090c0cd643c7b55f19a38538c162) Importer(2089858483,0ecaa5967403d082aa24f35e1b516d23)
Start importing Assets/Imported Assets/TextMesh Pro/Shaders/TMPro_Surface.cginc using Guid(d930090c0cd643c7b55f19a38538c162) Importer(2089858483,0ecaa5967403d082aa24f35e1b516d23) Generated GUIDs only implemented for interfaces!
 -> (artifact id: '245b9a09571beb800b08177a56927840') in 0.015664 seconds
Number of updated asset objects reloaded before import = 0
Number of asset objects unloaded after import = 1
========================================================================
Received Import Request.
  Time since last request: 0.000028 seconds.
  path: Assets/Imported Assets/TextMesh Pro/Shaders/TMP_Bitmap.shader
  artifactKey: Guid(128e987d567d4e2c824d754223b3f3b0) Importer(2089858483,0ecaa5967403d082aa24f35e1b516d23)
Start importing Assets/Imported Assets/TextMesh Pro/Shaders/TMP_Bitmap.shader using Guid(128e987d567d4e2c824d754223b3f3b0) Importer(2089858483,0ecaa5967403d082aa24f35e1b516d23) Generated GUIDs only implemented for interfaces!
 -> (artifact id: 'b6fa6e0f82bfee2f039a18ee4f85306f') in 0.017704 seconds
Number of updated asset objects reloaded before import = 0
Number of asset objects unloaded after import = 1
========================================================================
Received Import Request.
  Time since last request: 0.000022 seconds.
  path: Assets/Imported Assets/Sherbbs Particle Collection/Textures/White Circle Mask.png
  artifactKey: Guid(fdb692cd7a6d70845a3501f947955dc0) Importer(2089858483,0ecaa5967403d082aa24f35e1b516d23)
Start importing Assets/Imported Assets/Sherbbs Particle Collection/Textures/White Circle Mask.png using Guid(fdb692cd7a6d70845a3501f947955dc0) Importer(2089858483,0ecaa5967403d082aa24f35e1b516d23) Generated GUIDs only implemented for interfaces!
 -> (artifact id: 'f54a0bcc64c3229324eeb520ee61bfce') in 0.034405 seconds
Number of updated asset objects reloaded before import = 0
Number of asset objects unloaded after import = 1
========================================================================
Received Import Request.
  Time since last request: 0.000024 seconds.
  path: Assets/Imported Assets/TextMesh Pro/Shaders/TMP_SDF-Mobile.shader
  artifactKey: Guid(fe393ace9b354375a9cb14cdbbc28be4) Importer(2089858483,0ecaa5967403d082aa24f35e1b516d23)
Start importing Assets/Imported Assets/TextMesh Pro/Shaders/TMP_SDF-Mobile.shader using Guid(fe393ace9b354375a9cb14cdbbc28be4) Importer(2089858483,0ecaa5967403d082aa24f35e1b516d23) Generated GUIDs only implemented for interfaces!
 -> (artifact id: '4174c19aea5762c50758e593552e9484') in 0.019114 seconds
Number of updated asset objects reloaded before import = 0
Number of asset objects unloaded after import = 1
========================================================================
Received Import Request.
  Time since last request: 0.000021 seconds.
  path: Assets/Imported Assets/Sherbbs Particle Collection/Scenes/DemoScene.unity
  artifactKey: Guid(db8250e79d0ac79488cd5e56429d0d52) Importer(2089858483,0ecaa5967403d082aa24f35e1b516d23)
Start importing Assets/Imported Assets/Sherbbs Particle Collection/Scenes/DemoScene.unity using Guid(db8250e79d0ac79488cd5e56429d0d52) Importer(2089858483,0ecaa5967403d082aa24f35e1b516d23) Generated GUIDs only implemented for interfaces!
 -> (artifact id: 'c407a3febfc992880ea89e733c7fa579') in 0.013235 seconds
Number of updated asset objects reloaded before import = 0
Number of asset objects unloaded after import = 1
========================================================================
Received Import Request.
  Time since last request: 0.000017 seconds.
  path: Assets/Imported Assets/TextMesh Pro/Shaders/TMP_SDF SSD.shader
  artifactKey: Guid(14eb328de4b8eb245bb7cea29e4ac00b) Importer(2089858483,0ecaa5967403d082aa24f35e1b516d23)
Start importing Assets/Imported Assets/TextMesh Pro/Shaders/TMP_SDF SSD.shader using Guid(14eb328de4b8eb245bb7cea29e4ac00b) Importer(2089858483,0ecaa5967403d082aa24f35e1b516d23) Generated GUIDs only implemented for interfaces!
 -> (artifact id: '0087a1bf46a3f2c4422716ff445b8723') in 0.021667 seconds
Number of updated asset objects reloaded before import = 0
Number of asset objects unloaded after import = 1
========================================================================
Received Import Request.
  Time since last request: 0.000041 seconds.
  path: Assets/Imported Assets/Sherbbs Particle Collection/Materials/VertexUnlitGlowCircleAdditive.mat
  artifactKey: Guid(3f67cc901b0eaf54e87f5746514dc25d) Importer(2089858483,0ecaa5967403d082aa24f35e1b516d23)
Start importing Assets/Imported Assets/Sherbbs Particle Collection/Materials/VertexUnlitGlowCircleAdditive.mat using Guid(3f67cc901b0eaf54e87f5746514dc25d) Importer(2089858483,0ecaa5967403d082aa24f35e1b516d23) Generated GUIDs only implemented for interfaces!
 -> (artifact id: 'e37d72dd9c74049a9f04371cfde43af9') in 0.052499 seconds
Number of updated asset objects reloaded before import = 0
Number of asset objects unloaded after import = 2
========================================================================
Received Import Request.
  Time since last request: 0.000018 seconds.
  path: Assets/Imported Assets/TileableBricksWall/Materials/Bricks_01_mat2.mat
  artifactKey: Guid(333a08b54ec5eec4f84f74d910ad751e) Importer(2089858483,0ecaa5967403d082aa24f35e1b516d23)
Start importing Assets/Imported Assets/TileableBricksWall/Materials/Bricks_01_mat2.mat using Guid(333a08b54ec5eec4f84f74d910ad751e) Importer(2089858483,0ecaa5967403d082aa24f35e1b516d23) Generated GUIDs only implemented for interfaces!
 -> (artifact id: 'ee2850f5f322f40e6361d811c2a45742') in 0.021250 seconds
Number of updated asset objects reloaded before import = 0
Number of asset objects unloaded after import = 4
========================================================================
Received Import Request.
  Time since last request: 0.000017 seconds.
  path: Assets/Imported Assets/Sherbbs Particle Collection/Materials/VertexUnlitDiffuseNoMaskAdditive.mat
  artifactKey: Guid(e33f1e8091de82148acee723c2ccf018) Importer(2089858483,0ecaa5967403d082aa24f35e1b516d23)
Start importing Assets/Imported Assets/Sherbbs Particle Collection/Materials/VertexUnlitDiffuseNoMaskAdditive.mat using Guid(e33f1e8091de82148acee723c2ccf018) Importer(2089858483,0ecaa5967403d082aa24f35e1b516d23) Generated GUIDs only implemented for interfaces!
 -> (artifact id: 'e8748629ec3d1e7f9c58c16e204d95f6') in 0.016959 seconds
Number of updated asset objects reloaded before import = 0
Number of asset objects unloaded after import = 1
========================================================================
Received Import Request.
  Time since last request: 0.000017 seconds.
  path: Assets/Imported Assets/TextMesh Pro/Shaders/TMPro_Mobile.cginc
  artifactKey: Guid(c334973cef89a9840b0b0c507e0377ab) Importer(2089858483,0ecaa5967403d082aa24f35e1b516d23)
Start importing Assets/Imported Assets/TextMesh Pro/Shaders/TMPro_Mobile.cginc using Guid(c334973cef89a9840b0b0c507e0377ab) Importer(2089858483,0ecaa5967403d082aa24f35e1b516d23) Generated GUIDs only implemented for interfaces!
 -> (artifact id: '75c1671ce328d5f557580117dd985fdd') in 0.014403 seconds
Number of updated asset objects reloaded before import = 0
Number of asset objects unloaded after import = 1
========================================================================
Received Import Request.
  Time since last request: 0.000018 seconds.
  path: Assets/Imported Assets/TextMesh Pro/Shaders/TMPro.cginc
  artifactKey: Guid(407bc68d299748449bbf7f48ee690f8d) Importer(2089858483,0ecaa5967403d082aa24f35e1b516d23)
Start importing Assets/Imported Assets/TextMesh Pro/Shaders/TMPro.cginc using Guid(407bc68d299748449bbf7f48ee690f8d) Importer(2089858483,0ecaa5967403d082aa24f35e1b516d23) Generated GUIDs only implemented for interfaces!
 -> (artifact id: '0c90f9aca1bf667a3b44411a7776fc13') in 0.013041 seconds
Number of updated asset objects reloaded before import = 0
Number of asset objects unloaded after import = 1
========================================================================
Received Import Request.
  Time since last request: 0.000017 seconds.
  path: Assets/Imported Assets/StylizedHandPaintedDungeon(Free)/Prefabs/Wall.prefab
  artifactKey: Guid(3ad7a1cffb2556547a8b7e60fd320431) Importer(2089858483,0ecaa5967403d082aa24f35e1b516d23)
Start importing Assets/Imported Assets/StylizedHandPaintedDungeon(Free)/Prefabs/Wall.prefab using Guid(3ad7a1cffb2556547a8b7e60fd320431) Importer(2089858483,0ecaa5967403d082aa24f35e1b516d23) Generated GUIDs only implemented for interfaces!
 -> (artifact id: '641929971dbf968bc6ebaf3f33aec54e') in 0.017739 seconds
Number of updated asset objects reloaded before import = 0
Number of asset objects unloaded after import = 7
========================================================================
Received Import Request.
  Time since last request: 0.000017 seconds.
  path: Assets/Imported Assets/StylizedHandPaintedDungeon(Free)/Prefabs/Lamp_01.prefab
  artifactKey: Guid(7c3ceb5b9a32b7a4a8d42d30223f3c9b) Importer(2089858483,0ecaa5967403d082aa24f35e1b516d23)
Start importing Assets/Imported Assets/StylizedHandPaintedDungeon(Free)/Prefabs/Lamp_01.prefab using Guid(7c3ceb5b9a32b7a4a8d42d30223f3c9b) Importer(2089858483,0ecaa5967403d082aa24f35e1b516d23) Generated GUIDs only implemented for interfaces!
 -> (artifact id: 'a4122784c8b261025a6f3992e813335b') in 0.021162 seconds
Number of updated asset objects reloaded before import = 0
Number of asset objects unloaded after import = 7
========================================================================
Received Import Request.
  Time since last request: 0.000026 seconds.
  path: Assets/Imported Assets/L_FG_Assets_Pack_Lite/Meshes/Plant09_b.FBX
  artifactKey: Guid(28712e81b8727524b9236e7ad1404d3e) Importer(2089858483,0ecaa5967403d082aa24f35e1b516d23)
Start importing Assets/Imported Assets/L_FG_Assets_Pack_Lite/Meshes/Plant09_b.FBX using Guid(28712e81b8727524b9236e7ad1404d3e) Importer(2089858483,0ecaa5967403d082aa24f35e1b516d23) Generated GUIDs only implemented for interfaces!
 -> (artifact id: '87aaa0c0b83f747b59d599f8a8937909') in 0.027041 seconds
Number of updated asset objects reloaded before import = 0
Number of asset objects unloaded after import = 7
========================================================================
Received Import Request.
  Time since last request: 0.000030 seconds.
  path: Assets/Imported Assets/L_FG_Assets_Pack_Lite/Demo/New Terrain 2.asset
  artifactKey: Guid(4642b86718ac9554094c02c417a45404) Importer(2089858483,0ecaa5967403d082aa24f35e1b516d23)
Start importing Assets/Imported Assets/L_FG_Assets_Pack_Lite/Demo/New Terrain 2.asset using Guid(4642b86718ac9554094c02c417a45404) Importer(2089858483,0ecaa5967403d082aa24f35e1b516d23) Generated GUIDs only implemented for interfaces!
 -> (artifact id: '2d1292092d8764ec848e895bc571b451') in 0.076837 seconds
Number of updated asset objects reloaded before import = 0
Number of asset objects unloaded after import = 3
========================================================================
Received Import Request.
  Time since last request: 0.000025 seconds.
  path: Assets/Imported Assets/L_FG_Assets_Pack_Lite/Textures/Table01_D.tga
  artifactKey: Guid(23267651f301be240b990a902cdcc2fa) Importer(2089858483,0ecaa5967403d082aa24f35e1b516d23)
Start importing Assets/Imported Assets/L_FG_Assets_Pack_Lite/Textures/Table01_D.tga using Guid(23267651f301be240b990a902cdcc2fa) Importer(2089858483,0ecaa5967403d082aa24f35e1b516d23) Generated GUIDs only implemented for interfaces!
 -> (artifact id: '78c66107e78b1735980dd9a3c38780cd') in 0.028929 seconds
Number of updated asset objects reloaded before import = 0
Number of asset objects unloaded after import = 1
========================================================================
Received Import Request.
  Time since last request: 0.000016 seconds.
  path: Assets/Imported Assets/L_FG_Assets_Pack_Lite/Textures/Bloom01_D.tga
  artifactKey: Guid(d91d8da8e4aa7cf429592f49bcc06d9c) Importer(2089858483,0ecaa5967403d082aa24f35e1b516d23)
Start importing Assets/Imported Assets/L_FG_Assets_Pack_Lite/Textures/Bloom01_D.tga using Guid(d91d8da8e4aa7cf429592f49bcc06d9c) Importer(2089858483,0ecaa5967403d082aa24f35e1b516d23) Generated GUIDs only implemented for interfaces!
 -> (artifact id: '52f2c3144fb937402ab9ebde9f14786b') in 0.036191 seconds
Number of updated asset objects reloaded before import = 0
Number of asset objects unloaded after import = 1
========================================================================
Received Import Request.
  Time since last request: 0.000016 seconds.
  path: Assets/Imported Assets/Low-Poly Weapons/Prefabs/Potion_Stamina.prefab
  artifactKey: Guid(f244d85ca954f4336a1a7595053efbfc) Importer(2089858483,0ecaa5967403d082aa24f35e1b516d23)
Start importing Assets/Imported Assets/Low-Poly Weapons/Prefabs/Potion_Stamina.prefab using Guid(f244d85ca954f4336a1a7595053efbfc) Importer(2089858483,0ecaa5967403d082aa24f35e1b516d23) Generated GUIDs only implemented for interfaces!
 -> (artifact id: 'e81eaef7f6e452008c6ec2a3adfd5fc6') in 0.019337 seconds
Number of updated asset objects reloaded before import = 0
Number of asset objects unloaded after import = 7
========================================================================
Received Import Request.
  Time since last request: 0.000018 seconds.
  path: Assets/Imported Assets/Low-Poly Weapons/Prefabs/Potion_Generic.prefab
  artifactKey: Guid(c08b700bc96ee446685910832e6b01ad) Importer(2089858483,0ecaa5967403d082aa24f35e1b516d23)
Start importing Assets/Imported Assets/Low-Poly Weapons/Prefabs/Potion_Generic.prefab using Guid(c08b700bc96ee446685910832e6b01ad) Importer(2089858483,0ecaa5967403d082aa24f35e1b516d23) Generated GUIDs only implemented for interfaces!
 -> (artifact id: 'add3a969093337d8a51afa323a0b2bad') in 0.018523 seconds
Number of updated asset objects reloaded before import = 0
Number of asset objects unloaded after import = 7
========================================================================
Received Import Request.
  Time since last request: 0.000019 seconds.
  path: Assets/Imported Assets/StylizedHandPaintedDungeon(Free)/Materials/Copy.mat
  artifactKey: Guid(4dd7977a4c514cc46b881201304d95ac) Importer(2089858483,0ecaa5967403d082aa24f35e1b516d23)
Start importing Assets/Imported Assets/StylizedHandPaintedDungeon(Free)/Materials/Copy.mat using Guid(4dd7977a4c514cc46b881201304d95ac) Importer(2089858483,0ecaa5967403d082aa24f35e1b516d23) Generated GUIDs only implemented for interfaces!
 -> (artifact id: '904339d5ecd912f934d4b22a65e7e3cf') in 0.018545 seconds
Number of updated asset objects reloaded before import = 0
Number of asset objects unloaded after import = 2
========================================================================
Received Import Request.
  Time since last request: 0.000023 seconds.
  path: Assets/Imported Assets/Sherbbs Particle Collection/Materials/VertexUnlitGlowNoMask.mat
  artifactKey: Guid(b0fbc06b85f4fa3428dfd6d37843048d) Importer(2089858483,0ecaa5967403d082aa24f35e1b516d23)
Start importing Assets/Imported Assets/Sherbbs Particle Collection/Materials/VertexUnlitGlowNoMask.mat using Guid(b0fbc06b85f4fa3428dfd6d37843048d) Importer(2089858483,0ecaa5967403d082aa24f35e1b516d23) Generated GUIDs only implemented for interfaces!
 -> (artifact id: 'afb7d09d5801b2e67c622c24a80d70d2') in 0.018480 seconds
Number of updated asset objects reloaded before import = 0
Number of asset objects unloaded after import = 1
========================================================================
Received Import Request.
  Time since last request: 0.000023 seconds.
  path: Assets/Imported Assets/TextMesh Pro/Shaders/TMP_Sprite.shader
  artifactKey: Guid(cf81c85f95fe47e1a27f6ae460cf182c) Importer(2089858483,0ecaa5967403d082aa24f35e1b516d23)
Start importing Assets/Imported Assets/TextMesh Pro/Shaders/TMP_Sprite.shader using Guid(cf81c85f95fe47e1a27f6ae460cf182c) Importer(2089858483,0ecaa5967403d082aa24f35e1b516d23) Generated GUIDs only implemented for interfaces!
 -> (artifact id: '90f8959f548460a7739ce9cc763b0ba8') in 0.018132 seconds
Number of updated asset objects reloaded before import = 0
Number of asset objects unloaded after import = 1
========================================================================
Received Import Request.
  Time since last request: 0.000018 seconds.
  path: Assets/Imported Assets/TileableBricksWall/Textures/Bricks_specular.TGA
  artifactKey: Guid(c6149616a45a3bc4d9f1c734ea63dd78) Importer(2089858483,0ecaa5967403d082aa24f35e1b516d23)
Start importing Assets/Imported Assets/TileableBricksWall/Textures/Bricks_specular.TGA using Guid(c6149616a45a3bc4d9f1c734ea63dd78) Importer(2089858483,0ecaa5967403d082aa24f35e1b516d23) Generated GUIDs only implemented for interfaces!
 -> (artifact id: '1d6374a14db0a8eb8c84ed88814df358') in 0.035132 seconds
Number of updated asset objects reloaded before import = 0
Number of asset objects unloaded after import = 1
========================================================================
Received Import Request.
  Time since last request: 0.000028 seconds.
  path: Assets/Resources/Prefabs/MapGenPrefabs/Wall_Level3.prefab
  artifactKey: Guid(77d028bc85803ed4ca59467787a9f347) Importer(2089858483,0ecaa5967403d082aa24f35e1b516d23)
Start importing Assets/Resources/Prefabs/MapGenPrefabs/Wall_Level3.prefab using Guid(77d028bc85803ed4ca59467787a9f347) Importer(2089858483,0ecaa5967403d082aa24f35e1b516d23) Generated GUIDs only implemented for interfaces!
 -> (artifact id: '54d0e5ea3d6ccef9a2dbde7aae298e58') in 0.020869 seconds
Number of updated asset objects reloaded before import = 0
Number of asset objects unloaded after import = 8
========================================================================
Received Import Request.
  Time since last request: 0.000024 seconds.
  path: Assets/Scenes/GameScenes/Music/622885__theoctopus559__death-of-an-octopus-slowed-20-percent.wav
  artifactKey: Guid(861ec3be9b21fc54b89b31f356a152f5) Importer(2089858483,0ecaa5967403d082aa24f35e1b516d23)
Start importing Assets/Scenes/GameScenes/Music/622885__theoctopus559__death-of-an-octopus-slowed-20-percent.wav using Guid(861ec3be9b21fc54b89b31f356a152f5) Importer(2089858483,0ecaa5967403d082aa24f35e1b516d23) Generated GUIDs only implemented for interfaces!
 -> (artifact id: 'b173512d485062b53fb4aadc3df075f8') in 0.512682 seconds
Number of updated asset objects reloaded before import = 0
Number of asset objects unloaded after import = 1
========================================================================
Received Import Request.
  Time since last request: 0.000020 seconds.
  path: Assets/Resources/Models/Laika/LaikaChar.prefab
  artifactKey: Guid(f6f9ed79c3a3eee43a5be01ac48a3f72) Importer(2089858483,0ecaa5967403d082aa24f35e1b516d23)
Start importing Assets/Resources/Models/Laika/LaikaChar.prefab using Guid(f6f9ed79c3a3eee43a5be01ac48a3f72) Importer(2089858483,0ecaa5967403d082aa24f35e1b516d23) Generated GUIDs only implemented for interfaces!
 -> (artifact id: '5c0293c4a6e8f6729be956ea175c2bb0') in 0.032827 seconds
Number of updated asset objects reloaded before import = 0
Number of asset objects unloaded after import = 159
========================================================================
Received Import Request.
  Time since last request: 0.000036 seconds.
  path: Assets/Imported Assets/TileableBricksWall/Textures/Bricks_gloss.TGA
  artifactKey: Guid(0b34c0b034d10bf4fb4c1868cdfce922) Importer(2089858483,0ecaa5967403d082aa24f35e1b516d23)
Start importing Assets/Imported Assets/TileableBricksWall/Textures/Bricks_gloss.TGA using Guid(0b34c0b034d10bf4fb4c1868cdfce922) Importer(2089858483,0ecaa5967403d082aa24f35e1b516d23) Generated GUIDs only implemented for interfaces!
 -> (artifact id: '3799f0a0e2dd84de1153c1a94dba8759') in 0.036814 seconds
Number of updated asset objects reloaded before import = 0
Number of asset objects unloaded after import = 1
========================================================================
Received Import Request.
  Time since last request: 0.000020 seconds.
  path: Assets/Resources/Prefabs/Characters/NPC.prefab
  artifactKey: Guid(1e604271ed6b5a14b9459fafe37fdd4d) Importer(2089858483,0ecaa5967403d082aa24f35e1b516d23)
Start importing Assets/Resources/Prefabs/Characters/NPC.prefab using Guid(1e604271ed6b5a14b9459fafe37fdd4d) Importer(2089858483,0ecaa5967403d082aa24f35e1b516d23) Generated GUIDs only implemented for interfaces!
 -> (artifact id: 'dc3da2f0e307e8187aaf53b961752f72') in 0.036362 seconds
Number of updated asset objects reloaded before import = 0
Number of asset objects unloaded after import = 9
========================================================================
Received Import Request.
  Time since last request: 0.000020 seconds.
  path: Assets/Resources/2D_Art/TutorialExamples/4.PNG
  artifactKey: Guid(6cd0590dc0a6d874c9f836a8ed86214a) Importer(2089858483,0ecaa5967403d082aa24f35e1b516d23)
Start importing Assets/Resources/2D_Art/TutorialExamples/4.PNG using Guid(6cd0590dc0a6d874c9f836a8ed86214a) Importer(2089858483,0ecaa5967403d082aa24f35e1b516d23) Generated GUIDs only implemented for interfaces!
 -> (artifact id: '236ecb30b7f554edb61bf45dff7321b6') in 0.042352 seconds
Number of updated asset objects reloaded before import = 0
Number of asset objects unloaded after import = 3
========================================================================
Received Import Request.
  Time since last request: 0.000022 seconds.
  path: Assets/Resources/Prefabs/Fog/Fog Volume.prefab
  artifactKey: Guid(d06201268f1b67c4b9766c62daa3b6cc) Importer(2089858483,0ecaa5967403d082aa24f35e1b516d23)
Start importing Assets/Resources/Prefabs/Fog/Fog Volume.prefab using Guid(d06201268f1b67c4b9766c62daa3b6cc) Importer(2089858483,0ecaa5967403d082aa24f35e1b516d23) Generated GUIDs only implemented for interfaces!
 -> (artifact id: 'c3438e650c8528e28f559552e3cb6766') in 0.015244 seconds
Number of updated asset objects reloaded before import = 0
Number of asset objects unloaded after import = 8
========================================================================
Received Import Request.
  Time since last request: 0.000019 seconds.
  path: Assets/Resources/Models/Rufio/RufioCharacter.prefab
  artifactKey: Guid(470fc3ca70a44b74c955e6a428eccc7d) Importer(2089858483,0ecaa5967403d082aa24f35e1b516d23)
Start importing Assets/Resources/Models/Rufio/RufioCharacter.prefab using Guid(470fc3ca70a44b74c955e6a428eccc7d) Importer(2089858483,0ecaa5967403d082aa24f35e1b516d23) Generated GUIDs only implemented for interfaces!
 -> (artifact id: '712f4df597dfc89c28d7654e99fe7670') in 0.107471 seconds
Number of updated asset objects reloaded before import = 0
Number of asset objects unloaded after import = 324
========================================================================
Received Import Request.
  Time since last request: 0.000022 seconds.
  path: Assets/Imported Assets/AllSkyFree/_AllSkyFreeDemoEnvironment/Materials/AllSkyDemoEnv_SphereSkyReflect.mat
  artifactKey: Guid(6b37186f17556447eb6746e517892110) Importer(2089858483,0ecaa5967403d082aa24f35e1b516d23)
Start importing Assets/Imported Assets/AllSkyFree/_AllSkyFreeDemoEnvironment/Materials/AllSkyDemoEnv_SphereSkyReflect.mat using Guid(6b37186f17556447eb6746e517892110) Importer(2089858483,0ecaa5967403d082aa24f35e1b516d23) Generated GUIDs only implemented for interfaces!
 -> (artifact id: '092b46b9ded73970fb1d576e109d76ec') in 0.041765 seconds
Number of updated asset objects reloaded before import = 0
Number of asset objects unloaded after import = 1
========================================================================
Received Import Request.
  Time since last request: 0.000035 seconds.
  path: Assets/Imported Assets/AllSkyFree/_AllSkyFreeDemoEnvironment/Materials/AllSkyDemoEnv_Flag_Red.mat
  artifactKey: Guid(33230baef4dda4cf4bd25fcb15d0d06f) Importer(2089858483,0ecaa5967403d082aa24f35e1b516d23)
Start importing Assets/Imported Assets/AllSkyFree/_AllSkyFreeDemoEnvironment/Materials/AllSkyDemoEnv_Flag_Red.mat using Guid(33230baef4dda4cf4bd25fcb15d0d06f) Importer(2089858483,0ecaa5967403d082aa24f35e1b516d23) Generated GUIDs only implemented for interfaces!
 -> (artifact id: '7ea8b223445749b5744729bc7432b6c4') in 0.016774 seconds
Number of updated asset objects reloaded before import = 0
Number of asset objects unloaded after import = 1
========================================================================
Received Import Request.
  Time since last request: 0.000021 seconds.
  path: Assets/Imported Assets/AurynSky/Gems Ultimate Pack/Materials/BG.mat
  artifactKey: Guid(5c623d53aca45c44586ec2d14fef488e) Importer(2089858483,0ecaa5967403d082aa24f35e1b516d23)
Start importing Assets/Imported Assets/AurynSky/Gems Ultimate Pack/Materials/BG.mat using Guid(5c623d53aca45c44586ec2d14fef488e) Importer(2089858483,0ecaa5967403d082aa24f35e1b516d23) Generated GUIDs only implemented for interfaces!
 -> (artifact id: '2b3d284c809ec19a8d3ad27cd192a9f2') in 0.016823 seconds
Number of updated asset objects reloaded before import = 0
Number of asset objects unloaded after import = 1
========================================================================
Received Import Request.
  Time since last request: 0.000015 seconds.
  path: Assets/Imported Assets/AllSkyFree/_AllSkyFreeDemoEnvironment/Materials/AllSkyDemoEnv_LightMetal.mat
  artifactKey: Guid(3e33a38e2349f447d9fb9ae62269009c) Importer(2089858483,0ecaa5967403d082aa24f35e1b516d23)
Start importing Assets/Imported Assets/AllSkyFree/_AllSkyFreeDemoEnvironment/Materials/AllSkyDemoEnv_LightMetal.mat using Guid(3e33a38e2349f447d9fb9ae62269009c) Importer(2089858483,0ecaa5967403d082aa24f35e1b516d23) Generated GUIDs only implemented for interfaces!
 -> (artifact id: 'cf8dc6b1e0e60fc3df7fa0ac24ed95f7') in 0.018039 seconds
Number of updated asset objects reloaded before import = 0
Number of asset objects unloaded after import = 1
========================================================================
Received Import Request.
  Time since last request: 0.000018 seconds.
  path: Assets/Scripts/Rob_Scripts/ScriptableObjects/Rufio.asset
  artifactKey: Guid(7a73be8dd4716b245a1bcfc8ae9e5b30) Importer(2089858483,0ecaa5967403d082aa24f35e1b516d23)
Start importing Assets/Scripts/Rob_Scripts/ScriptableObjects/Rufio.asset using Guid(7a73be8dd4716b245a1bcfc8ae9e5b30) Importer(2089858483,0ecaa5967403d082aa24f35e1b516d23) Generated GUIDs only implemented for interfaces!
 -> (artifact id: 'c71be8bf1b0aa58123a41f3d0142bf6c') in 0.017126 seconds
Number of updated asset objects reloaded before import = 0
Number of asset objects unloaded after import = 1
========================================================================
Received Import Request.
  Time since last request: 0.000017 seconds.
  path: Assets/Scenes/GameScenes/Music/melody3.mp3
  artifactKey: Guid(c9502c237e470c04783214afcf36bd9c) Importer(2089858483,0ecaa5967403d082aa24f35e1b516d23)
Start importing Assets/Scenes/GameScenes/Music/melody3.mp3 using Guid(c9502c237e470c04783214afcf36bd9c) Importer(2089858483,0ecaa5967403d082aa24f35e1b516d23) Generated GUIDs only implemented for interfaces!
 -> (artifact id: '8e56105162ed59819a25cc05d0fafb9d') in 0.119645 seconds
Number of updated asset objects reloaded before import = 0
Number of asset objects unloaded after import = 1
========================================================================
Received Import Request.
  Time since last request: 0.000020 seconds.
  path: Assets/Resources/Prefabs/MapGenPrefabs/Teleporter.prefab
  artifactKey: Guid(7dc8cdf294ab8cf4db45f82b9a68b020) Importer(2089858483,0ecaa5967403d082aa24f35e1b516d23)
Start importing Assets/Resources/Prefabs/MapGenPrefabs/Teleporter.prefab using Guid(7dc8cdf294ab8cf4db45f82b9a68b020) Importer(2089858483,0ecaa5967403d082aa24f35e1b516d23) Generated GUIDs only implemented for interfaces!
 -> (artifact id: '549b96f193528f698217a3ceb957ba39') in 0.017433 seconds
Number of updated asset objects reloaded before import = 0
Number of asset objects unloaded after import = 11
========================================================================
Received Import Request.
  Time since last request: 0.000026 seconds.
  path: Assets/Imported Assets/AllSkyFree/_AllSkyFreeDemoEnvironment/Materials/AllSkyDemoEnv_Rock.mat
  artifactKey: Guid(bfe0cbb8b308b4a40a8f309f516eede2) Importer(2089858483,0ecaa5967403d082aa24f35e1b516d23)
Start importing Assets/Imported Assets/AllSkyFree/_AllSkyFreeDemoEnvironment/Materials/AllSkyDemoEnv_Rock.mat using Guid(bfe0cbb8b308b4a40a8f309f516eede2) Importer(2089858483,0ecaa5967403d082aa24f35e1b516d23) Generated GUIDs only implemented for interfaces!
 -> (artifact id: '1b8deda157b5a938f903b8742c1edee5') in 0.018190 seconds
Number of updated asset objects reloaded before import = 0
Number of asset objects unloaded after import = 1
========================================================================
Received Import Request.
  Time since last request: 0.000021 seconds.
  path: Assets/Scenes/GameScenes/StartLevel/Lightmap-0_comp_light.exr
  artifactKey: Guid(93f91b0876edf414baf9f83f0c0c2a54) Importer(2089858483,0ecaa5967403d082aa24f35e1b516d23)
Start importing Assets/Scenes/GameScenes/StartLevel/Lightmap-0_comp_light.exr using Guid(93f91b0876edf414baf9f83f0c0c2a54) Importer(2089858483,0ecaa5967403d082aa24f35e1b516d23) Generated GUIDs only implemented for interfaces!
 -> (artifact id: 'ada42b705fc6feb847837d7b5ed16b51') in 0.038612 seconds
Number of updated asset objects reloaded before import = 0
Number of asset objects unloaded after import = 1
========================================================================
Received Import Request.
  Time since last request: 0.000023 seconds.
  path: Assets/Resources/2D_Art/TutorialExamples/1.PNG
  artifactKey: Guid(e438f64d65683dc4b838e5634a345155) Importer(2089858483,0ecaa5967403d082aa24f35e1b516d23)
Start importing Assets/Resources/2D_Art/TutorialExamples/1.PNG using Guid(e438f64d65683dc4b838e5634a345155) Importer(2089858483,0ecaa5967403d082aa24f35e1b516d23) Generated GUIDs only implemented for interfaces!
 -> (artifact id: '7c32c3fafd34f473422bd1b96691f7c9') in 0.036630 seconds
Number of updated asset objects reloaded before import = 0
Number of asset objects unloaded after import = 3
========================================================================
Received Import Request.
  Time since last request: 0.000016 seconds.
  path: Assets/Resources/Models/Lucas/NPCBehavior.cs
  artifactKey: Guid(57f3267113889ff47a4689a2e03a9fbb) Importer(2089858483,0ecaa5967403d082aa24f35e1b516d23)
Start importing Assets/Resources/Models/Lucas/NPCBehavior.cs using Guid(57f3267113889ff47a4689a2e03a9fbb) Importer(2089858483,0ecaa5967403d082aa24f35e1b516d23) Generated GUIDs only implemented for interfaces!
 -> (artifact id: 'cbc5c24527f8c5f6d2cce1a6acb7a249') in 0.013112 seconds
Number of updated asset objects reloaded before import = 0
Number of asset objects unloaded after import = 1
========================================================================
Received Import Request.
  Time since last request: 0.000021 seconds.
  path: Assets/Imported Assets/AurynSky/Gems Ultimate Pack/Models/BeveledStar.fbx
  artifactKey: Guid(fce0ecff534816b49af71ef31033c259) Importer(2089858483,0ecaa5967403d082aa24f35e1b516d23)
Start importing Assets/Imported Assets/AurynSky/Gems Ultimate Pack/Models/BeveledStar.fbx using Guid(fce0ecff534816b49af71ef31033c259) Importer(2089858483,0ecaa5967403d082aa24f35e1b516d23) Generated GUIDs only implemented for interfaces!
 -> (artifact id: '2f1be3c670ecc4c5f78dc7bd1a8a5e46') in 0.028132 seconds
Number of updated asset objects reloaded before import = 0
Number of asset objects unloaded after import = 7
========================================================================
Received Import Request.
  Time since last request: 0.000016 seconds.
  path: Assets/Resources/2D_Art/TutorialExamples/Tutorial5.PNG
  artifactKey: Guid(6b442fbf76263ee4d86ca8e5b19716e1) Importer(2089858483,0ecaa5967403d082aa24f35e1b516d23)
Start importing Assets/Resources/2D_Art/TutorialExamples/Tutorial5.PNG using Guid(6b442fbf76263ee4d86ca8e5b19716e1) Importer(2089858483,0ecaa5967403d082aa24f35e1b516d23) Generated GUIDs only implemented for interfaces!
 -> (artifact id: 'fedebee25d5aa01c62b098b866a4d690') in 0.041070 seconds
Number of updated asset objects reloaded before import = 0
Number of asset objects unloaded after import = 3
========================================================================
Received Import Request.
  Time since last request: 0.000028 seconds.
  path: Assets/Resources/Models/Rufio/Rufio_NoBones@T-Pose.fbx
  artifactKey: Guid(dc14b218923088547af4278e7bbb2726) Importer(2089858483,0ecaa5967403d082aa24f35e1b516d23)
Start importing Assets/Resources/Models/Rufio/Rufio_NoBones@T-Pose.fbx using Guid(dc14b218923088547af4278e7bbb2726) Importer(2089858483,0ecaa5967403d082aa24f35e1b516d23) Generated GUIDs only implemented for interfaces!
 -> (artifact id: '819e3a80b41ff4503b038793ca1bd305') in 0.092158 seconds
Number of updated asset objects reloaded before import = 0
Number of asset objects unloaded after import = 151
========================================================================
Received Import Request.
  Time since last request: 0.000031 seconds.
  path: Assets/Imported Assets/StylizedHandPaintedDungeon(Free)/Prefabs/Lamp_02.prefab
  artifactKey: Guid(7970c12d6b19a504fbc82353b8a43abe) Importer(2089858483,0ecaa5967403d082aa24f35e1b516d23)
Start importing Assets/Imported Assets/StylizedHandPaintedDungeon(Free)/Prefabs/Lamp_02.prefab using Guid(7970c12d6b19a504fbc82353b8a43abe) Importer(2089858483,0ecaa5967403d082aa24f35e1b516d23) Generated GUIDs only implemented for interfaces!
 -> (artifact id: '23034418975353304f9a0f9c1d43edd9') in 0.018985 seconds
Number of updated asset objects reloaded before import = 0
Number of asset objects unloaded after import = 7
========================================================================
Received Import Request.
  Time since last request: 0.000017 seconds.
  path: Assets/Imported Assets/AurynSky/Gems Ultimate Pack/Materials/Blue.mat
  artifactKey: Guid(d3fdd53a2b5dd904fad8d824266a4cad) Importer(2089858483,0ecaa5967403d082aa24f35e1b516d23)
Start importing Assets/Imported Assets/AurynSky/Gems Ultimate Pack/Materials/Blue.mat using Guid(d3fdd53a2b5dd904fad8d824266a4cad) Importer(2089858483,0ecaa5967403d082aa24f35e1b516d23) Generated GUIDs only implemented for interfaces!
 -> (artifact id: '5ba150bcedc84d168250a57863ca0e48') in 0.017077 seconds
Number of updated asset objects reloaded before import = 0
Number of asset objects unloaded after import = 1
========================================================================
Received Import Request.
  Time since last request: 0.000028 seconds.
  path: Assets/Resources/Prefabs/Items/WindCrystal.prefab
  artifactKey: Guid(bf9a95d306468f04e8eb06dea969af74) Importer(2089858483,0ecaa5967403d082aa24f35e1b516d23)
Start importing Assets/Resources/Prefabs/Items/WindCrystal.prefab using Guid(bf9a95d306468f04e8eb06dea969af74) Importer(2089858483,0ecaa5967403d082aa24f35e1b516d23) Generated GUIDs only implemented for interfaces!
 -> (artifact id: '5d47f8452dd909f6e9c4418c217754e8') in 0.040843 seconds
Number of updated asset objects reloaded before import = 0
Number of asset objects unloaded after import = 29
========================================================================
Received Import Request.
  Time since last request: 0.000016 seconds.
  path: Assets/Imported Assets/L_FG_Assets_Pack_Lite/Meshes/Plant08_a.FBX
  artifactKey: Guid(24e3be68eb274aa4aa842b71e7b791a5) Importer(2089858483,0ecaa5967403d082aa24f35e1b516d23)
Start importing Assets/Imported Assets/L_FG_Assets_Pack_Lite/Meshes/Plant08_a.FBX using Guid(24e3be68eb274aa4aa842b71e7b791a5) Importer(2089858483,0ecaa5967403d082aa24f35e1b516d23) Generated GUIDs only implemented for interfaces!
 -> (artifact id: '05cc29ba4ccb9acc89b45d4f1be8b895') in 0.027890 seconds
Number of updated asset objects reloaded before import = 0
Number of asset objects unloaded after import = 7
========================================================================
Received Import Request.
  Time since last request: 0.000042 seconds.
  path: Assets/Imported Assets/AurynSky/Gems Ultimate Pack/Models/SphereGemLarge.fbx
  artifactKey: Guid(3be870bd3141f9741b70abdfb4242cb6) Importer(2089858483,0ecaa5967403d082aa24f35e1b516d23)
Start importing Assets/Imported Assets/AurynSky/Gems Ultimate Pack/Models/SphereGemLarge.fbx using Guid(3be870bd3141f9741b70abdfb4242cb6) Importer(2089858483,0ecaa5967403d082aa24f35e1b516d23) Generated GUIDs only implemented for interfaces!
 -> (artifact id: 'a587acf246b4a127fef35c291b68ab7c') in 0.027918 seconds
Number of updated asset objects reloaded before import = 0
Number of asset objects unloaded after import = 7
========================================================================
Received Import Request.
  Time since last request: 0.000017 seconds.
  path: Assets/Imported Assets/Inguz Media Studio/Free 2D Impact FX/Sprites/Impact01.psd
  artifactKey: Guid(6656cff0176db3349aa484846e5a62ea) Importer(2089858483,0ecaa5967403d082aa24f35e1b516d23)
Start importing Assets/Imported Assets/Inguz Media Studio/Free 2D Impact FX/Sprites/Impact01.psd using Guid(6656cff0176db3349aa484846e5a62ea) Importer(2089858483,0ecaa5967403d082aa24f35e1b516d23) Generated GUIDs only implemented for interfaces!
 -> (artifact id: '0888346590d1a71a5855d3062edb8b0e') in 0.100951 seconds
Number of updated asset objects reloaded before import = 0
Number of asset objects unloaded after import = 1
========================================================================
Received Import Request.
  Time since last request: 0.000020 seconds.
  path: Assets/Imported Assets/FantasyMonster/Skeleton/Ani/Skeleton@Damage.FBX
  artifactKey: Guid(81d4af5a5190e3d4d88c97161d881bf3) Importer(2089858483,0ecaa5967403d082aa24f35e1b516d23)
Start importing Assets/Imported Assets/FantasyMonster/Skeleton/Ani/Skeleton@Damage.FBX using Guid(81d4af5a5190e3d4d88c97161d881bf3) Importer(2089858483,0ecaa5967403d082aa24f35e1b516d23) Generated GUIDs only implemented for interfaces!
 -> (artifact id: '79c9586245ee64f6d9f6889993b66e98') in 0.042956 seconds
Number of updated asset objects reloaded before import = 0
Number of asset objects unloaded after import = 89
========================================================================
Received Import Request.
  Time since last request: 0.000039 seconds.
  path: Assets/Imported Assets/AurynSky/Gems Ultimate Pack/Prefabs/Spiral.prefab
  artifactKey: Guid(586acbe765df7c34385298970076297e) Importer(2089858483,0ecaa5967403d082aa24f35e1b516d23)
Start importing Assets/Imported Assets/AurynSky/Gems Ultimate Pack/Prefabs/Spiral.prefab using Guid(586acbe765df7c34385298970076297e) Importer(2089858483,0ecaa5967403d082aa24f35e1b516d23) Generated GUIDs only implemented for interfaces!
 -> (artifact id: 'c058e42d9303a028edde8e70761331e5') in 0.022032 seconds
Number of updated asset objects reloaded before import = 0
Number of asset objects unloaded after import = 8
========================================================================
Received Import Request.
  Time since last request: 0.000019 seconds.
  path: Assets/Imported Assets/AurynSky/Gems Ultimate Pack/Prefabs/5 Side Diamond.prefab
  artifactKey: Guid(c3c0707254334a64ca8198f7486e977d) Importer(2089858483,0ecaa5967403d082aa24f35e1b516d23)
Start importing Assets/Imported Assets/AurynSky/Gems Ultimate Pack/Prefabs/5 Side Diamond.prefab using Guid(c3c0707254334a64ca8198f7486e977d) Importer(2089858483,0ecaa5967403d082aa24f35e1b516d23) Generated GUIDs only implemented for interfaces!
 -> (artifact id: '3db80f21dc3c771205171ed502a3b451') in 0.024286 seconds
Number of updated asset objects reloaded before import = 0
Number of asset objects unloaded after import = 8
========================================================================
Received Import Request.
  Time since last request: 0.000034 seconds.
  path: Assets/Imported Assets/AurynSky/Gems Ultimate Pack/Prefabs/Heart.prefab
  artifactKey: Guid(5a0537415d4017c4fad7a4986f502dc1) Importer(2089858483,0ecaa5967403d082aa24f35e1b516d23)
Start importing Assets/Imported Assets/AurynSky/Gems Ultimate Pack/Prefabs/Heart.prefab using Guid(5a0537415d4017c4fad7a4986f502dc1) Importer(2089858483,0ecaa5967403d082aa24f35e1b516d23) Generated GUIDs only implemented for interfaces!
 -> (artifact id: 'ce60d49f766daa98d35baba276a85ed8') in 0.020946 seconds
Number of updated asset objects reloaded before import = 0
Number of asset objects unloaded after import = 9
========================================================================
Received Import Request.
  Time since last request: 0.000014 seconds.
  path: Assets/Imported Assets/AurynSky/Gems Ultimate Pack/Prefabs/Hexgon.prefab
  artifactKey: Guid(676e107eeafc5524b97910d76516565d) Importer(2089858483,0ecaa5967403d082aa24f35e1b516d23)
Start importing Assets/Imported Assets/AurynSky/Gems Ultimate Pack/Prefabs/Hexgon.prefab using Guid(676e107eeafc5524b97910d76516565d) Importer(2089858483,0ecaa5967403d082aa24f35e1b516d23) Generated GUIDs only implemented for interfaces!
 -> (artifact id: 'd3bca32b77ffa3c1930baff48e966a1a') in 0.021566 seconds
Number of updated asset objects reloaded before import = 0
Number of asset objects unloaded after import = 8
========================================================================
Received Import Request.
  Time since last request: 0.000015 seconds.
  path: Assets/Imported Assets/AurynSky/Gems Ultimate Pack/Prefabs/Diamondo5side.prefab
  artifactKey: Guid(cd34118c604e29141afea74caecd70f2) Importer(2089858483,0ecaa5967403d082aa24f35e1b516d23)
Start importing Assets/Imported Assets/AurynSky/Gems Ultimate Pack/Prefabs/Diamondo5side.prefab using Guid(cd34118c604e29141afea74caecd70f2) Importer(2089858483,0ecaa5967403d082aa24f35e1b516d23) Generated GUIDs only implemented for interfaces!
 -> (artifact id: '79e1ed8cf730331f6acc2512b9ead728') in 0.020701 seconds
Number of updated asset objects reloaded before import = 0
Number of asset objects unloaded after import = 8
========================================================================
Received Import Request.
  Time since last request: 0.000016 seconds.
  path: Assets/Imported Assets/AurynSky/Gems Ultimate Pack/Models/SphereGemSmall.fbx
  artifactKey: Guid(486351f15650ce5408452352641fc317) Importer(2089858483,0ecaa5967403d082aa24f35e1b516d23)
Start importing Assets/Imported Assets/AurynSky/Gems Ultimate Pack/Models/SphereGemSmall.fbx using Guid(486351f15650ce5408452352641fc317) Importer(2089858483,0ecaa5967403d082aa24f35e1b516d23) Generated GUIDs only implemented for interfaces!
 -> (artifact id: '68d4b1448a42c944e21b3970ea1579fe') in 0.033975 seconds
Number of updated asset objects reloaded before import = 0
Number of asset objects unloaded after import = 7
========================================================================
Received Import Request.
  Time since last request: 0.000020 seconds.
  path: Assets/Imported Assets/Inguz Media Studio/Free 2D Impact FX/Demo Scene/DemoManager.cs
  artifactKey: Guid(ba8fabd889b3ced49be34e8076a017fb) Importer(2089858483,0ecaa5967403d082aa24f35e1b516d23)
Start importing Assets/Imported Assets/Inguz Media Studio/Free 2D Impact FX/Demo Scene/DemoManager.cs using Guid(ba8fabd889b3ced49be34e8076a017fb) Importer(2089858483,0ecaa5967403d082aa24f35e1b516d23) Generated GUIDs only implemented for interfaces!
 -> (artifact id: '10212f99b5e719a6b46aa63535d5349a') in 0.014588 seconds
Number of updated asset objects reloaded before import = 0
Number of asset objects unloaded after import = 1
========================================================================
Received Import Request.
  Time since last request: 0.000019 seconds.
  path: Assets/Imported Assets/Inguz Media Studio/Free 2D Impact FX/Demo Scene/ButtonAnimation.cs
  artifactKey: Guid(d832f6f5f40ef214098e9eb56901fe50) Importer(2089858483,0ecaa5967403d082aa24f35e1b516d23)
Start importing Assets/Imported Assets/Inguz Media Studio/Free 2D Impact FX/Demo Scene/ButtonAnimation.cs using Guid(d832f6f5f40ef214098e9eb56901fe50) Importer(2089858483,0ecaa5967403d082aa24f35e1b516d23) Generated GUIDs only implemented for interfaces!
 -> (artifact id: '394b192c7f5a0fb9db933b5f0117c2a2') in 0.015976 seconds
Number of updated asset objects reloaded before import = 0
Number of asset objects unloaded after import = 1
========================================================================
Received Import Request.
  Time since last request: 0.000031 seconds.
  path: Assets/Imported Assets/AurynSky/Gems Ultimate Pack/Models/SoftStar.fbx
  artifactKey: Guid(bc0cdff0b0fdafc46bbdbda4b3717d71) Importer(2089858483,0ecaa5967403d082aa24f35e1b516d23)
Start importing Assets/Imported Assets/AurynSky/Gems Ultimate Pack/Models/SoftStar.fbx using Guid(bc0cdff0b0fdafc46bbdbda4b3717d71) Importer(2089858483,0ecaa5967403d082aa24f35e1b516d23) Generated GUIDs only implemented for interfaces!
 -> (artifact id: '6800a098b79e4553a7f50a465f492ff7') in 0.027062 seconds
Number of updated asset objects reloaded before import = 0
Number of asset objects unloaded after import = 7
========================================================================
Received Import Request.
  Time since last request: 0.000021 seconds.
  path: Assets/Imported Assets/FantasyMonster/Skeleton/Texture/Skeleton_D.tif
  artifactKey: Guid(943f3c476130c4f4f8ae55ef3ccd38ba) Importer(2089858483,0ecaa5967403d082aa24f35e1b516d23)
Start importing Assets/Imported Assets/FantasyMonster/Skeleton/Texture/Skeleton_D.tif using Guid(943f3c476130c4f4f8ae55ef3ccd38ba) Importer(2089858483,0ecaa5967403d082aa24f35e1b516d23) Generated GUIDs only implemented for interfaces!
 -> (artifact id: 'aef67d81cf29309dc399bd16f278d235') in 0.038687 seconds
Number of updated asset objects reloaded before import = 0
Number of asset objects unloaded after import = 1
========================================================================
Received Import Request.
  Time since last request: 0.000021 seconds.
  path: Assets/Imported Assets/Inguz Media Studio/Free 2D Impact FX/Demo Scene/mask2.png
  artifactKey: Guid(2756a2204136aca49a0bcde83a3cf653) Importer(2089858483,0ecaa5967403d082aa24f35e1b516d23)
Start importing Assets/Imported Assets/Inguz Media Studio/Free 2D Impact FX/Demo Scene/mask2.png using Guid(2756a2204136aca49a0bcde83a3cf653) Importer(2089858483,0ecaa5967403d082aa24f35e1b516d23) Generated GUIDs only implemented for interfaces!
 -> (artifact id: '16ee01e2cf75fee3b32e8af588efe356') in 0.039707 seconds
Number of updated asset objects reloaded before import = 0
Number of asset objects unloaded after import = 3
========================================================================
Received Import Request.
  Time since last request: 0.000016 seconds.
  path: Assets/Imported Assets/AurynSky/Gems Ultimate Pack/Prefabs/SoftStar.prefab
  artifactKey: Guid(8f226a393243a0141bace5fd6b60bafa) Importer(2089858483,0ecaa5967403d082aa24f35e1b516d23)
Start importing Assets/Imported Assets/AurynSky/Gems Ultimate Pack/Prefabs/SoftStar.prefab using Guid(8f226a393243a0141bace5fd6b60bafa) Importer(2089858483,0ecaa5967403d082aa24f35e1b516d23) Generated GUIDs only implemented for interfaces!
 -> (artifact id: 'cf824eecce6288b945987725cc3b6063') in 0.022979 seconds
Number of updated asset objects reloaded before import = 0
Number of asset objects unloaded after import = 8
========================================================================
Received Import Request.
  Time since last request: 0.000016 seconds.
  path: Assets/Imported Assets/A_piece_of_nature/Models/Materials/Rocks_3_4_roughness.mat
  artifactKey: Guid(d7046b042b8bb5f45bd99400d84fe8e7) Importer(2089858483,0ecaa5967403d082aa24f35e1b516d23)
Start importing Assets/Imported Assets/A_piece_of_nature/Models/Materials/Rocks_3_4_roughness.mat using Guid(d7046b042b8bb5f45bd99400d84fe8e7) Importer(2089858483,0ecaa5967403d082aa24f35e1b516d23) Generated GUIDs only implemented for interfaces!
 -> (artifact id: '146db33dab7397169a373d2e8a214f89') in 0.016050 seconds
Number of updated asset objects reloaded before import = 0
Number of asset objects unloaded after import = 1
========================================================================
Received Import Request.
  Time since last request: 0.000016 seconds.
  path: Assets/Imported Assets/Inguz Media Studio/Free 2D Impact FX/Materiales/Impact01.mat
  artifactKey: Guid(53fb7d5d423b87147a87e285fab4b804) Importer(2089858483,0ecaa5967403d082aa24f35e1b516d23)
Start importing Assets/Imported Assets/Inguz Media Studio/Free 2D Impact FX/Materiales/Impact01.mat using Guid(53fb7d5d423b87147a87e285fab4b804) Importer(2089858483,0ecaa5967403d082aa24f35e1b516d23) Generated GUIDs only implemented for interfaces!
 -> (artifact id: 'e736dcb3b6142ec9a1a64b0ffb3aa0f6') in 0.079137 seconds
Number of updated asset objects reloaded before import = 0
Number of asset objects unloaded after import = 2
========================================================================
Received Import Request.
  Time since last request: 0.000031 seconds.
  path: Assets/Imported Assets/L_FG_Assets_Pack_Lite/Meshes/Coffin01_b.FBX
  artifactKey: Guid(4040b4df828461d4297ff98a98806982) Importer(2089858483,0ecaa5967403d082aa24f35e1b516d23)
Start importing Assets/Imported Assets/L_FG_Assets_Pack_Lite/Meshes/Coffin01_b.FBX using Guid(4040b4df828461d4297ff98a98806982) Importer(2089858483,0ecaa5967403d082aa24f35e1b516d23) Generated GUIDs only implemented for interfaces!
 -> (artifact id: 'bd1355c9c5a0220c2c5d976b85b00628') in 0.034785 seconds
Number of updated asset objects reloaded before import = 0
Number of asset objects unloaded after import = 7
========================================================================
Received Import Request.
  Time since last request: 0.000024 seconds.
  path: Assets/Imported Assets/NavMeshComponents/Editor/NavMeshAssetManager.cs
  artifactKey: Guid(aa09d7a67381d4340ae3d1c764df5fbf) Importer(2089858483,0ecaa5967403d082aa24f35e1b516d23)
Start importing Assets/Imported Assets/NavMeshComponents/Editor/NavMeshAssetManager.cs using Guid(aa09d7a67381d4340ae3d1c764df5fbf) Importer(2089858483,0ecaa5967403d082aa24f35e1b516d23) Generated GUIDs only implemented for interfaces!
 -> (artifact id: '8855c54a7e22558aae1509966089c5ec') in 0.015153 seconds
Number of updated asset objects reloaded before import = 0
Number of asset objects unloaded after import = 1
========================================================================
Received Import Request.
  Time since last request: 0.000017 seconds.
  path: Assets/Imported Assets/low poly pack/Fbx low poly/Materials/Color_H03.mat
  artifactKey: Guid(c5d97b468baaa2e4bb9d02cf425beba8) Importer(2089858483,0ecaa5967403d082aa24f35e1b516d23)
Start importing Assets/Imported Assets/low poly pack/Fbx low poly/Materials/Color_H03.mat using Guid(c5d97b468baaa2e4bb9d02cf425beba8) Importer(2089858483,0ecaa5967403d082aa24f35e1b516d23) Generated GUIDs only implemented for interfaces!
 -> (artifact id: '55b62ab49b19cc3236c95cf63a340b21') in 0.016521 seconds
Number of updated asset objects reloaded before import = 0
Number of asset objects unloaded after import = 1
========================================================================
Received Import Request.
  Time since last request: 0.000039 seconds.
  path: Assets/Imported Assets/low poly pack/Particle/Flaer/Untitled3.fbx
  artifactKey: Guid(d69afc0e00807c54ead7f69429ca37ae) Importer(2089858483,0ecaa5967403d082aa24f35e1b516d23)
Start importing Assets/Imported Assets/low poly pack/Particle/Flaer/Untitled3.fbx using Guid(d69afc0e00807c54ead7f69429ca37ae) Importer(2089858483,0ecaa5967403d082aa24f35e1b516d23) Generated GUIDs only implemented for interfaces!
 -> (artifact id: '3552d2bade9673b134ba6685644026e0') in 0.023309 seconds
Number of updated asset objects reloaded before import = 0
Number of asset objects unloaded after import = 11
========================================================================
Received Import Request.
  Time since last request: 0.000016 seconds.
  path: Assets/Imported Assets/low poly pack/low poly/Materials/Color_C08.mat
  artifactKey: Guid(d20575702840ae644abf02a9a7da435c) Importer(2089858483,0ecaa5967403d082aa24f35e1b516d23)
Start importing Assets/Imported Assets/low poly pack/low poly/Materials/Color_C08.mat using Guid(d20575702840ae644abf02a9a7da435c) Importer(2089858483,0ecaa5967403d082aa24f35e1b516d23) Generated GUIDs only implemented for interfaces!
 -> (artifact id: '8a80626ae5d6fe8439edbc04f96a8785') in 0.016003 seconds
Number of updated asset objects reloaded before import = 0
Number of asset objects unloaded after import = 1
========================================================================
Received Import Request.
  Time since last request: 0.000021 seconds.
  path: Assets/Imported Assets/Inguz Media Studio/Free 2D Impact FX/Sprites/Plastic006_4K_Roughness.png
  artifactKey: Guid(5c1957aad71ad4b44b810c75163357ad) Importer(2089858483,0ecaa5967403d082aa24f35e1b516d23)
Start importing Assets/Imported Assets/Inguz Media Studio/Free 2D Impact FX/Sprites/Plastic006_4K_Roughness.png using Guid(5c1957aad71ad4b44b810c75163357ad) Importer(2089858483,0ecaa5967403d082aa24f35e1b516d23) Generated GUIDs only implemented for interfaces!
 -> (artifact id: '099a78b8d14cbd1a48ac225f437502f3') in 0.046729 seconds
Number of updated asset objects reloaded before import = 0
Number of asset objects unloaded after import = 1
========================================================================
Received Import Request.
  Time since last request: 0.000017 seconds.
  path: Assets/Imported Assets/low poly pack/Fbx low poly/Model/grass2.prefab
  artifactKey: Guid(48876baceca28b54580c05f93952851c) Importer(2089858483,0ecaa5967403d082aa24f35e1b516d23)
Start importing Assets/Imported Assets/low poly pack/Fbx low poly/Model/grass2.prefab using Guid(48876baceca28b54580c05f93952851c) Importer(2089858483,0ecaa5967403d082aa24f35e1b516d23) Generated GUIDs only implemented for interfaces!
 -> (artifact id: '454c9bc9e20a86ab17e8a90972fe96ca') in 0.014462 seconds
Number of updated asset objects reloaded before import = 0
Number of asset objects unloaded after import = 30
========================================================================
Received Import Request.
  Time since last request: 0.000026 seconds.
  path: Assets/Imported Assets/Inguz Media Studio/Free 2D Impact FX/Sprites/Plastic006_4K_Normal.png
  artifactKey: Guid(dbe8c2837f4828d4f8900a0b3483fe23) Importer(2089858483,0ecaa5967403d082aa24f35e1b516d23)
Start importing Assets/Imported Assets/Inguz Media Studio/Free 2D Impact FX/Sprites/Plastic006_4K_Normal.png using Guid(dbe8c2837f4828d4f8900a0b3483fe23) Importer(2089858483,0ecaa5967403d082aa24f35e1b516d23) Generated GUIDs only implemented for interfaces!
 -> (artifact id: '08c02cbff5aaebcb5d24edbf7e4bb0be') in 0.060277 seconds
Number of updated asset objects reloaded before import = 0
Number of asset objects unloaded after import = 1
========================================================================
Received Import Request.
  Time since last request: 0.000019 seconds.
  path: Assets/Imported Assets/low poly pack/Fbx low poly/Materials/Color_C08.mat
  artifactKey: Guid(647c00f70f19fb249a64ab26b1cced2c) Importer(2089858483,0ecaa5967403d082aa24f35e1b516d23)
Start importing Assets/Imported Assets/low poly pack/Fbx low poly/Materials/Color_C08.mat using Guid(647c00f70f19fb249a64ab26b1cced2c) Importer(2089858483,0ecaa5967403d082aa24f35e1b516d23) Generated GUIDs only implemented for interfaces!
 -> (artifact id: '31f45cf46e9299abae2a2a3b38abc3ce') in 0.024327 seconds
Number of updated asset objects reloaded before import = 0
Number of asset objects unloaded after import = 1
========================================================================
Received Import Request.
  Time since last request: 0.000087 seconds.
  path: Assets/Imported Assets/low poly pack/Fbx low poly/Materials/Color_B04.mat
  artifactKey: Guid(912a5083d12f34643a82c4f0ec671a03) Importer(2089858483,0ecaa5967403d082aa24f35e1b516d23)
Start importing Assets/Imported Assets/low poly pack/Fbx low poly/Materials/Color_B04.mat using Guid(912a5083d12f34643a82c4f0ec671a03) Importer(2089858483,0ecaa5967403d082aa24f35e1b516d23) Generated GUIDs only implemented for interfaces!
 -> (artifact id: '4da23dbdd51aa73d9059fff2c7674b7d') in 0.018164 seconds
Number of updated asset objects reloaded before import = 0
Number of asset objects unloaded after import = 1
========================================================================
Received Import Request.
  Time since last request: 0.000020 seconds.
  path: Assets/Imported Assets/low poly pack/Fbx low poly/Model/rock_mini3.prefab
  artifactKey: Guid(0a44ee53582c21c4690f3ffb7ba6e225) Importer(2089858483,0ecaa5967403d082aa24f35e1b516d23)
Start importing Assets/Imported Assets/low poly pack/Fbx low poly/Model/rock_mini3.prefab using Guid(0a44ee53582c21c4690f3ffb7ba6e225) Importer(2089858483,0ecaa5967403d082aa24f35e1b516d23) Generated GUIDs only implemented for interfaces!
 -> (artifact id: 'ccc99890f485a4080f7701e4e67b6c87') in 0.020370 seconds
Number of updated asset objects reloaded before import = 0
Number of asset objects unloaded after import = 9
========================================================================
Received Import Request.
  Time since last request: 0.000018 seconds.
  path: Assets/Imported Assets/low poly pack/Fbx low poly/Materials/Color_F08.mat
  artifactKey: Guid(264f79f81e127074b963f610900e1205) Importer(2089858483,0ecaa5967403d082aa24f35e1b516d23)
Start importing Assets/Imported Assets/low poly pack/Fbx low poly/Materials/Color_F08.mat using Guid(264f79f81e127074b963f610900e1205) Importer(2089858483,0ecaa5967403d082aa24f35e1b516d23) Generated GUIDs only implemented for interfaces!
 -> (artifact id: '112a585ea811c4d41e2d1dbce35a65ef') in 0.018571 seconds
Number of updated asset objects reloaded before import = 0
Number of asset objects unloaded after import = 1
========================================================================
Received Import Request.
  Time since last request: 0.000018 seconds.
  path: Assets/Imported Assets/low poly pack/Fbx low poly/Model/rock_mini2.prefab
  artifactKey: Guid(55ca6c69149867345a44056719ed70b0) Importer(2089858483,0ecaa5967403d082aa24f35e1b516d23)
Start importing Assets/Imported Assets/low poly pack/Fbx low poly/Model/rock_mini2.prefab using Guid(55ca6c69149867345a44056719ed70b0) Importer(2089858483,0ecaa5967403d082aa24f35e1b516d23) Generated GUIDs only implemented for interfaces!
 -> (artifact id: '938fe68a430237e199f813be6a06117b') in 0.015331 seconds
Number of updated asset objects reloaded before import = 0
Number of asset objects unloaded after import = 9
========================================================================
Received Import Request.
  Time since last request: 0.000021 seconds.
  path: Assets/Imported Assets/low poly pack/Fbx low poly/Materials/Color_F06.mat
  artifactKey: Guid(d6a61d838ee19094d87924d4fc67e113) Importer(2089858483,0ecaa5967403d082aa24f35e1b516d23)
Start importing Assets/Imported Assets/low poly pack/Fbx low poly/Materials/Color_F06.mat using Guid(d6a61d838ee19094d87924d4fc67e113) Importer(2089858483,0ecaa5967403d082aa24f35e1b516d23) Generated GUIDs only implemented for interfaces!
 -> (artifact id: 'a6fcdf382b6a6b5dcf020f0639332cc7') in 0.016038 seconds
Number of updated asset objects reloaded before import = 0
Number of asset objects unloaded after import = 1
========================================================================
Received Import Request.
  Time since last request: 0.000017 seconds.
  path: Assets/Imported Assets/low poly pack/Fbx low poly/Model/tree5.prefab
  artifactKey: Guid(6ffb2fcad2887ac498e047370ee91ac0) Importer(2089858483,0ecaa5967403d082aa24f35e1b516d23)
Start importing Assets/Imported Assets/low poly pack/Fbx low poly/Model/tree5.prefab using Guid(6ffb2fcad2887ac498e047370ee91ac0) Importer(2089858483,0ecaa5967403d082aa24f35e1b516d23) Generated GUIDs only implemented for interfaces!
 -> (artifact id: '445ca8ada3709ff6e6bc9e1988edf4f8') in 0.016192 seconds
Number of updated asset objects reloaded before import = 0
Number of asset objects unloaded after import = 90
========================================================================
Received Import Request.
  Time since last request: 0.000017 seconds.
  path: Assets/Imported Assets/low poly pack/Fbx low poly/Model/wood_mini.prefab
  artifactKey: Guid(9d5b5ab235332be42a7221ddec7bfbb8) Importer(2089858483,0ecaa5967403d082aa24f35e1b516d23)
Start importing Assets/Imported Assets/low poly pack/Fbx low poly/Model/wood_mini.prefab using Guid(9d5b5ab235332be42a7221ddec7bfbb8) Importer(2089858483,0ecaa5967403d082aa24f35e1b516d23) Generated GUIDs only implemented for interfaces!
 -> (artifact id: 'f181d598242a29496e5c25b108cd306a') in 0.015074 seconds
Number of updated asset objects reloaded before import = 0
Number of asset objects unloaded after import = 9
========================================================================
Received Import Request.
  Time since last request: 0.000018 seconds.
  path: Assets/Imported Assets/low poly pack/low poly/Materials/Color_M04.mat
  artifactKey: Guid(965fd6e6396fed345be930b6ba917f07) Importer(2089858483,0ecaa5967403d082aa24f35e1b516d23)
Start importing Assets/Imported Assets/low poly pack/low poly/Materials/Color_M04.mat using Guid(965fd6e6396fed345be930b6ba917f07) Importer(2089858483,0ecaa5967403d082aa24f35e1b516d23) Generated GUIDs only implemented for interfaces!
 -> (artifact id: 'b6edbbbcd7ebcfdaf5e5ba52d003e5f0') in 0.016779 seconds
Number of updated asset objects reloaded before import = 0
Number of asset objects unloaded after import = 1
========================================================================
Received Import Request.
  Time since last request: 0.000017 seconds.
  path: Assets/Imported Assets/low poly pack/Fbx low poly/Model/Rock_normal2.prefab
  artifactKey: Guid(d5f13229abd060d4e82aafd4843a0bef) Importer(2089858483,0ecaa5967403d082aa24f35e1b516d23)
Start importing Assets/Imported Assets/low poly pack/Fbx low poly/Model/Rock_normal2.prefab using Guid(d5f13229abd060d4e82aafd4843a0bef) Importer(2089858483,0ecaa5967403d082aa24f35e1b516d23) Generated GUIDs only implemented for interfaces!
 -> (artifact id: '05c60193ce7bd54b6e11b95ac57fc535') in 0.016167 seconds
Number of updated asset objects reloaded before import = 0
Number of asset objects unloaded after import = 9
========================================================================
Received Import Request.
  Time since last request: 0.000027 seconds.
  path: Assets/Imported Assets/low poly pack/Fbx low poly/Materials/Color_G03.mat
  artifactKey: Guid(e085441fbdf85a4458c6186c1001352c) Importer(2089858483,0ecaa5967403d082aa24f35e1b516d23)
Start importing Assets/Imported Assets/low poly pack/Fbx low poly/Materials/Color_G03.mat using Guid(e085441fbdf85a4458c6186c1001352c) Importer(2089858483,0ecaa5967403d082aa24f35e1b516d23) Generated GUIDs only implemented for interfaces!
 -> (artifact id: 'aee0838734a164bd43b9b826486cdeb0') in 0.022596 seconds
Number of updated asset objects reloaded before import = 0
Number of asset objects unloaded after import = 1
========================================================================
Received Import Request.
  Time since last request: 0.000026 seconds.
  path: Assets/Imported Assets/low poly pack/Fbx low poly/Model/Rock_normal.prefab
  artifactKey: Guid(8e73db4289667c64f99748cc34e37c15) Importer(2089858483,0ecaa5967403d082aa24f35e1b516d23)
Start importing Assets/Imported Assets/low poly pack/Fbx low poly/Model/Rock_normal.prefab using Guid(8e73db4289667c64f99748cc34e37c15) Importer(2089858483,0ecaa5967403d082aa24f35e1b516d23) Generated GUIDs only implemented for interfaces!
 -> (artifact id: '5b8587d730a90479eebeeb099553afd8') in 0.014947 seconds
Number of updated asset objects reloaded before import = 0
Number of asset objects unloaded after import = 9
========================================================================
Received Import Request.
  Time since last request: 0.000039 seconds.
  path: Assets/Imported Assets/Inguz Media Studio/Free 2D Impact FX/Sprites/Plastic006_4K_Color.png
  artifactKey: Guid(1b93288426fe4b148ac1195cabc7a164) Importer(2089858483,0ecaa5967403d082aa24f35e1b516d23)
Start importing Assets/Imported Assets/Inguz Media Studio/Free 2D Impact FX/Sprites/Plastic006_4K_Color.png using Guid(1b93288426fe4b148ac1195cabc7a164) Importer(2089858483,0ecaa5967403d082aa24f35e1b516d23) Generated GUIDs only implemented for interfaces!
 -> (artifact id: '0bdeacab5447c78c729187205ddb2fbf') in 0.040957 seconds
Number of updated asset objects reloaded before import = 0
Number of asset objects unloaded after import = 1
========================================================================
Received Import Request.
  Time since last request: 0.000016 seconds.
  path: Assets/Imported Assets/L_FG_Assets_Pack_Lite/Meshes/Tomb04_b.FBX
  artifactKey: Guid(0e7d2b4fd1fe7024b88ccdc96ef5f491) Importer(2089858483,0ecaa5967403d082aa24f35e1b516d23)
Start importing Assets/Imported Assets/L_FG_Assets_Pack_Lite/Meshes/Tomb04_b.FBX using Guid(0e7d2b4fd1fe7024b88ccdc96ef5f491) Importer(2089858483,0ecaa5967403d082aa24f35e1b516d23) Generated GUIDs only implemented for interfaces!
 -> (artifact id: '15357898e511faa634f0816585d31c36') in 0.036066 seconds
Number of updated asset objects reloaded before import = 0
Number of asset objects unloaded after import = 7
========================================================================
Received Import Request.
  Time since last request: 0.000017 seconds.
  path: Assets/Imported Assets/L_FG_Assets_Pack_Lite/Meshes/Cart03.FBX
  artifactKey: Guid(5428fbf5fe8baa647b32476dfd3cb800) Importer(2089858483,0ecaa5967403d082aa24f35e1b516d23)
Start importing Assets/Imported Assets/L_FG_Assets_Pack_Lite/Meshes/Cart03.FBX using Guid(5428fbf5fe8baa647b32476dfd3cb800) Importer(2089858483,0ecaa5967403d082aa24f35e1b516d23) Generated GUIDs only implemented for interfaces!
 -> (artifact id: '8b04fd8d489f70eabbc96b653d55c863') in 0.030989 seconds
Number of updated asset objects reloaded before import = 0
Number of asset objects unloaded after import = 7
========================================================================
Received Import Request.
  Time since last request: 0.000016 seconds.
  path: Assets/Imported Assets/TextMesh Pro/Resources/LineBreaking Following Characters.txt
  artifactKey: Guid(fade42e8bc714b018fac513c043d323b) Importer(2089858483,0ecaa5967403d082aa24f35e1b516d23)
Start importing Assets/Imported Assets/TextMesh Pro/Resources/LineBreaking Following Characters.txt using Guid(fade42e8bc714b018fac513c043d323b) Importer(2089858483,0ecaa5967403d082aa24f35e1b516d23) Generated GUIDs only implemented for interfaces!
 -> (artifact id: 'c9e695f7495d7d47ca8d5f7539ba31e0') in 0.012744 seconds
Number of updated asset objects reloaded before import = 0
Number of asset objects unloaded after import = 1
========================================================================
Received Import Request.
  Time since last request: 0.000021 seconds.
  path: Assets/Imported Assets/L_FG_Assets_Pack_Lite/Demo/Demo6.unity
  artifactKey: Guid(b475c139dd123534a9c2b7cda5de4d6f) Importer(2089858483,0ecaa5967403d082aa24f35e1b516d23)
Start importing Assets/Imported Assets/L_FG_Assets_Pack_Lite/Demo/Demo6.unity using Guid(b475c139dd123534a9c2b7cda5de4d6f) Importer(2089858483,0ecaa5967403d082aa24f35e1b516d23) Generated GUIDs only implemented for interfaces!
 -> (artifact id: 'a1d4b45b6cca39c4843c1a1f00093d5c') in 0.013208 seconds
Number of updated asset objects reloaded before import = 0
Number of asset objects unloaded after import = 1
========================================================================
Received Import Request.
  Time since last request: 0.000030 seconds.
  path: Assets/Imported Assets/low poly pack/Particle/Perfab/Dust.prefab
  artifactKey: Guid(adf0738bacbec9143bac3c19518ab89a) Importer(2089858483,0ecaa5967403d082aa24f35e1b516d23)
Start importing Assets/Imported Assets/low poly pack/Particle/Perfab/Dust.prefab using Guid(adf0738bacbec9143bac3c19518ab89a) Importer(2089858483,0ecaa5967403d082aa24f35e1b516d23) Generated GUIDs only implemented for interfaces!
 -> (artifact id: '5c8c677abc725300c4c400f4636a8649') in 0.068486 seconds
Number of updated asset objects reloaded before import = 0
Number of asset objects unloaded after import = 6
========================================================================
Received Import Request.
  Time since last request: 0.000021 seconds.
  path: Assets/Imported Assets/L_FG_Assets_Pack_Lite/Meshes/Collision/Plant02_b_col.FBX
  artifactKey: Guid(e50a45b55f790e842a8aafee047ad1ee) Importer(2089858483,0ecaa5967403d082aa24f35e1b516d23)
Start importing Assets/Imported Assets/L_FG_Assets_Pack_Lite/Meshes/Collision/Plant02_b_col.FBX using Guid(e50a45b55f790e842a8aafee047ad1ee) Importer(2089858483,0ecaa5967403d082aa24f35e1b516d23) Generated GUIDs only implemented for interfaces!
 -> (artifact id: '82255c968fef9fbc3ed761fa901af67d') in 0.030412 seconds
Number of updated asset objects reloaded before import = 0
Number of asset objects unloaded after import = 7
========================================================================
Received Import Request.
  Time since last request: 0.000030 seconds.
  path: Assets/Imported Assets/L_FG_Assets_Pack_Lite/Perfabs/Cemetery/Tomb02_a.prefab
  artifactKey: Guid(96d52558c68a6834ab13d4aead40533e) Importer(2089858483,0ecaa5967403d082aa24f35e1b516d23)
Start importing Assets/Imported Assets/L_FG_Assets_Pack_Lite/Perfabs/Cemetery/Tomb02_a.prefab using Guid(96d52558c68a6834ab13d4aead40533e) Importer(2089858483,0ecaa5967403d082aa24f35e1b516d23) Generated GUIDs only implemented for interfaces!
 -> (artifact id: '37d86575a5638f1c9948682381110749') in 0.018917 seconds
Number of updated asset objects reloaded before import = 0
Number of asset objects unloaded after import = 8
========================================================================
Received Import Request.
  Time since last request: 0.000016 seconds.
  path: Assets/Imported Assets/L_FG_Assets_Pack_Lite/Perfabs/Cemetery/Gravestone08.prefab
  artifactKey: Guid(6589eaba50223784ab0ce4cba53d7121) Importer(2089858483,0ecaa5967403d082aa24f35e1b516d23)
Start importing Assets/Imported Assets/L_FG_Assets_Pack_Lite/Perfabs/Cemetery/Gravestone08.prefab using Guid(6589eaba50223784ab0ce4cba53d7121) Importer(2089858483,0ecaa5967403d082aa24f35e1b516d23) Generated GUIDs only implemented for interfaces!
 -> (artifact id: '0ddd3c80a5109232bc848b90b73a79e7') in 0.018895 seconds
Number of updated asset objects reloaded before import = 0
Number of asset objects unloaded after import = 8
========================================================================
Received Import Request.
  Time since last request: 0.000017 seconds.
  path: Assets/Imported Assets/L_FG_Assets_Pack_Lite/Perfabs/Cemetery/Gravestone07.prefab
  artifactKey: Guid(6e38357010671d049b86a013ec393ff5) Importer(2089858483,0ecaa5967403d082aa24f35e1b516d23)
Start importing Assets/Imported Assets/L_FG_Assets_Pack_Lite/Perfabs/Cemetery/Gravestone07.prefab using Guid(6e38357010671d049b86a013ec393ff5) Importer(2089858483,0ecaa5967403d082aa24f35e1b516d23) Generated GUIDs only implemented for interfaces!
 -> (artifact id: 'f37189e52610231254792f6b54485442') in 0.024247 seconds
Number of updated asset objects reloaded before import = 0
Number of asset objects unloaded after import = 8
========================================================================
Received Import Request.
  Time since last request: 0.000086 seconds.
  path: Assets/Imported Assets/L_FG_Assets_Pack_Lite/Meshes/Collision/Statue05_a_col.FBX
  artifactKey: Guid(79bc23519bff89b4d8848dae920354e0) Importer(2089858483,0ecaa5967403d082aa24f35e1b516d23)
Start importing Assets/Imported Assets/L_FG_Assets_Pack_Lite/Meshes/Collision/Statue05_a_col.FBX using Guid(79bc23519bff89b4d8848dae920354e0) Importer(2089858483,0ecaa5967403d082aa24f35e1b516d23) Generated GUIDs only implemented for interfaces!
 -> (artifact id: '929333ef52a97de99dfe7cd84b5074d7') in 0.028108 seconds
Number of updated asset objects reloaded before import = 0
Number of asset objects unloaded after import = 7
========================================================================
Received Import Request.
  Time since last request: 0.000019 seconds.
  path: Assets/Imported Assets/L_FG_Assets_Pack_Lite/Perfabs/Cemetery/Tomb02_b.prefab
  artifactKey: Guid(bbefdad86b0051342964e591789fd280) Importer(2089858483,0ecaa5967403d082aa24f35e1b516d23)
Start importing Assets/Imported Assets/L_FG_Assets_Pack_Lite/Perfabs/Cemetery/Tomb02_b.prefab using Guid(bbefdad86b0051342964e591789fd280) Importer(2089858483,0ecaa5967403d082aa24f35e1b516d23) Generated GUIDs only implemented for interfaces!
 -> (artifact id: '6c8f76ce8f54bde9e4a08fe18359675c') in 0.018965 seconds
Number of updated asset objects reloaded before import = 0
Number of asset objects unloaded after import = 8
========================================================================
Received Import Request.
  Time since last request: 0.000020 seconds.
  path: Assets/Imported Assets/L_FG_Assets_Pack_Lite/Perfabs/Cemetery/Tomb01_b.prefab
  artifactKey: Guid(02683c051842142449dd654ef9455f62) Importer(2089858483,0ecaa5967403d082aa24f35e1b516d23)
Start importing Assets/Imported Assets/L_FG_Assets_Pack_Lite/Perfabs/Cemetery/Tomb01_b.prefab using Guid(02683c051842142449dd654ef9455f62) Importer(2089858483,0ecaa5967403d082aa24f35e1b516d23) Generated GUIDs only implemented for interfaces!
 -> (artifact id: 'a712b74b1350e6a68cf7817f4c06cce6') in 0.024642 seconds
Number of updated asset objects reloaded before import = 0
Number of asset objects unloaded after import = 8
========================================================================
Received Import Request.
  Time since last request: 0.000015 seconds.
  path: Assets/Imported Assets/L_FG_Assets_Pack_Lite/Meshes/Collision/Plant03_e_col.FBX
  artifactKey: Guid(8e92140bfc1c00e419c6e52c4bcde24b) Importer(2089858483,0ecaa5967403d082aa24f35e1b516d23)
Start importing Assets/Imported Assets/L_FG_Assets_Pack_Lite/Meshes/Collision/Plant03_e_col.FBX using Guid(8e92140bfc1c00e419c6e52c4bcde24b) Importer(2089858483,0ecaa5967403d082aa24f35e1b516d23) Generated GUIDs only implemented for interfaces!
 -> (artifact id: '9b85315a74dfd46cc87441ef6aadb75a') in 0.027868 seconds
Number of updated asset objects reloaded before import = 0
Number of asset objects unloaded after import = 7
========================================================================
Received Import Request.
  Time since last request: 0.000015 seconds.
  path: Assets/Imported Assets/L_FG_Assets_Pack_Lite/Meshes/Collision/Plant01_a_col.FBX
  artifactKey: Guid(ef3480fc25b15b04d93c120c2dfca838) Importer(2089858483,0ecaa5967403d082aa24f35e1b516d23)
Start importing Assets/Imported Assets/L_FG_Assets_Pack_Lite/Meshes/Collision/Plant01_a_col.FBX using Guid(ef3480fc25b15b04d93c120c2dfca838) Importer(2089858483,0ecaa5967403d082aa24f35e1b516d23) Generated GUIDs only implemented for interfaces!
 -> (artifact id: 'b622adeb8fa6fcd37cd29f42c231a7f9') in 0.036663 seconds
Number of updated asset objects reloaded before import = 0
Number of asset objects unloaded after import = 7
========================================================================
Received Import Request.
  Time since last request: 0.000018 seconds.
  path: Assets/Imported Assets/L_FG_Assets_Pack_Lite/Perfabs/Cemetery/Gravestone04.prefab
  artifactKey: Guid(5b4d4c9c1210b89499bde63bd94c5d9c) Importer(2089858483,0ecaa5967403d082aa24f35e1b516d23)
Start importing Assets/Imported Assets/L_FG_Assets_Pack_Lite/Perfabs/Cemetery/Gravestone04.prefab using Guid(5b4d4c9c1210b89499bde63bd94c5d9c) Importer(2089858483,0ecaa5967403d082aa24f35e1b516d23) Generated GUIDs only implemented for interfaces!
 -> (artifact id: '59f1ec4fb2a75ae927440e89f54934c0') in 0.025016 seconds
Number of updated asset objects reloaded before import = 0
Number of asset objects unloaded after import = 8
========================================================================
Received Import Request.
  Time since last request: 0.000035 seconds.
  path: Assets/Imported Assets/L_FG_Assets_Pack_Lite/Meshes/Collision/Statue04_b_col.FBX
  artifactKey: Guid(2c3e0ee2e579cce45b91d92201f88428) Importer(2089858483,0ecaa5967403d082aa24f35e1b516d23)
Start importing Assets/Imported Assets/L_FG_Assets_Pack_Lite/Meshes/Collision/Statue04_b_col.FBX using Guid(2c3e0ee2e579cce45b91d92201f88428) Importer(2089858483,0ecaa5967403d082aa24f35e1b516d23) Generated GUIDs only implemented for interfaces!
 -> (artifact id: '57f89e1c451771e906b56cc8ae447036') in 0.024424 seconds
Number of updated asset objects reloaded before import = 0
Number of asset objects unloaded after import = 7
========================================================================
Received Import Request.
  Time since last request: 0.000023 seconds.
  path: Assets/Imported Assets/L_FG_Assets_Pack_Lite/Meshes/Collision/Plant03_c_col.FBX
  artifactKey: Guid(3cc546a97a00ec147a0971a580dd8b1b) Importer(2089858483,0ecaa5967403d082aa24f35e1b516d23)
Start importing Assets/Imported Assets/L_FG_Assets_Pack_Lite/Meshes/Collision/Plant03_c_col.FBX using Guid(3cc546a97a00ec147a0971a580dd8b1b) Importer(2089858483,0ecaa5967403d082aa24f35e1b516d23) Generated GUIDs only implemented for interfaces!
 -> (artifact id: '9281aca4521fb76ad20a93588afa4c44') in 0.026610 seconds
Number of updated asset objects reloaded before import = 0
Number of asset objects unloaded after import = 7
========================================================================
Received Import Request.
  Time since last request: 0.000017 seconds.
  path: Assets/Imported Assets/L_FG_Assets_Pack_Lite/Meshes/Collision/Plant02_d_col.FBX
  artifactKey: Guid(1e44849ce57a2774ba2a641769217cc8) Importer(2089858483,0ecaa5967403d082aa24f35e1b516d23)
Start importing Assets/Imported Assets/L_FG_Assets_Pack_Lite/Meshes/Collision/Plant02_d_col.FBX using Guid(1e44849ce57a2774ba2a641769217cc8) Importer(2089858483,0ecaa5967403d082aa24f35e1b516d23) Generated GUIDs only implemented for interfaces!
 -> (artifact id: '36e068a9a24f7d1c10f7dabd8cba61aa') in 0.027979 seconds
Number of updated asset objects reloaded before import = 0
Number of asset objects unloaded after import = 7
========================================================================
Received Import Request.
  Time since last request: 0.000154 seconds.
  path: Assets/Imported Assets/L_FG_Assets_Pack_Lite/Perfabs/Cemetery/Tomb01_a.prefab
  artifactKey: Guid(67336e8f523bac74caa8b832e212996e) Importer(2089858483,0ecaa5967403d082aa24f35e1b516d23)
Start importing Assets/Imported Assets/L_FG_Assets_Pack_Lite/Perfabs/Cemetery/Tomb01_a.prefab using Guid(67336e8f523bac74caa8b832e212996e) Importer(2089858483,0ecaa5967403d082aa24f35e1b516d23) Generated GUIDs only implemented for interfaces!
 -> (artifact id: 'ebcc6ede1c9462f8d55b917c5a0aba24') in 0.021565 seconds
Number of updated asset objects reloaded before import = 0
Number of asset objects unloaded after import = 8
========================================================================
Received Import Request.
  Time since last request: 0.000022 seconds.
  path: Assets/Imported Assets/L_FG_Assets_Pack_Lite/Meshes/Collision/Statue02_a_col.FBX
  artifactKey: Guid(10512e02f60d98b428a71745ea7e575f) Importer(2089858483,0ecaa5967403d082aa24f35e1b516d23)
Start importing Assets/Imported Assets/L_FG_Assets_Pack_Lite/Meshes/Collision/Statue02_a_col.FBX using Guid(10512e02f60d98b428a71745ea7e575f) Importer(2089858483,0ecaa5967403d082aa24f35e1b516d23) Generated GUIDs only implemented for interfaces!
 -> (artifact id: 'e5d883b62c193a7e35e09c5c815eaaf2') in 0.027828 seconds
Number of updated asset objects reloaded before import = 0
Number of asset objects unloaded after import = 7
========================================================================
Received Import Request.
  Time since last request: 0.000082 seconds.
  path: Assets/Imported Assets/L_FG_Assets_Pack_Lite/Demo/Demo6/Lightmap-1_comp_light.exr
  artifactKey: Guid(0b8b957a07eb08e4892dfd7ecc74b2fd) Importer(2089858483,0ecaa5967403d082aa24f35e1b516d23)
Start importing Assets/Imported Assets/L_FG_Assets_Pack_Lite/Demo/Demo6/Lightmap-1_comp_light.exr using Guid(0b8b957a07eb08e4892dfd7ecc74b2fd) Importer(2089858483,0ecaa5967403d082aa24f35e1b516d23) Generated GUIDs only implemented for interfaces!
 -> (artifact id: 'aab149d1e270f9f920d71518d9f42d6f') in 0.045178 seconds
Number of updated asset objects reloaded before import = 0
Number of asset objects unloaded after import = 1
========================================================================
Received Import Request.
  Time since last request: 0.000056 seconds.
  path: Assets/Imported Assets/L_FG_Assets_Pack_Lite/Demo/Demo6/Lightmap-2_comp_light.exr
  artifactKey: Guid(d606cbdb9d059e8449759f75a0c18d89) Importer(2089858483,0ecaa5967403d082aa24f35e1b516d23)
Start importing Assets/Imported Assets/L_FG_Assets_Pack_Lite/Demo/Demo6/Lightmap-2_comp_light.exr using Guid(d606cbdb9d059e8449759f75a0c18d89) Importer(2089858483,0ecaa5967403d082aa24f35e1b516d23) Generated GUIDs only implemented for interfaces!
 -> (artifact id: '94480fb301bbe03b128efb0ccc2615a1') in 0.039566 seconds
Number of updated asset objects reloaded before import = 0
Number of asset objects unloaded after import = 1
========================================================================
Received Import Request.
  Time since last request: 0.000117 seconds.
  path: Assets/Imported Assets/low poly pack/Particle/Textur/5845d790af218158d0d20d4d.png
  artifactKey: Guid(5e305629730ca2242bc77ac2aded0b9d) Importer(2089858483,0ecaa5967403d082aa24f35e1b516d23)
Start importing Assets/Imported Assets/low poly pack/Particle/Textur/5845d790af218158d0d20d4d.png using Guid(5e305629730ca2242bc77ac2aded0b9d) Importer(2089858483,0ecaa5967403d082aa24f35e1b516d23) Generated GUIDs only implemented for interfaces!
 -> (artifact id: 'd57775c66019715fd0f9978ff0686a2e') in 0.035540 seconds
Number of updated asset objects reloaded before import = 0
Number of asset objects unloaded after import = 1
========================================================================
Received Import Request.
  Time since last request: 0.000027 seconds.
  path: Assets/Imported Assets/L_FG_Assets_Pack_Lite/Meshes/Coffin01_a.FBX
  artifactKey: Guid(9c075f8d9964ff843a13d19f497e95bc) Importer(2089858483,0ecaa5967403d082aa24f35e1b516d23)
Start importing Assets/Imported Assets/L_FG_Assets_Pack_Lite/Meshes/Coffin01_a.FBX using Guid(9c075f8d9964ff843a13d19f497e95bc) Importer(2089858483,0ecaa5967403d082aa24f35e1b516d23) Generated GUIDs only implemented for interfaces!
 -> (artifact id: '772a6926ad87642fe1889ca661e4a6bf') in 0.024310 seconds
Number of updated asset objects reloaded before import = 0
Number of asset objects unloaded after import = 7
========================================================================
Received Import Request.
  Time since last request: 0.000015 seconds.
  path: Assets/Imported Assets/A_piece_of_nature/Models/Materials/No Name.mat
  artifactKey: Guid(7235949ba2224f84fba7e98adea975b3) Importer(2089858483,0ecaa5967403d082aa24f35e1b516d23)
Start importing Assets/Imported Assets/A_piece_of_nature/Models/Materials/No Name.mat using Guid(7235949ba2224f84fba7e98adea975b3) Importer(2089858483,0ecaa5967403d082aa24f35e1b516d23) Generated GUIDs only implemented for interfaces!
 -> (artifact id: 'a3fa6730653ae452a04436451b3eea1a') in 0.018180 seconds
Number of updated asset objects reloaded before import = 0
Number of asset objects unloaded after import = 1
========================================================================
Received Import Request.
  Time since last request: 0.000065 seconds.
  path: Assets/Imported Assets/Inguz Media Studio/Free 2D Impact FX/Sprites/Plastic006_4K_Displacement.png
  artifactKey: Guid(1ee1ef7510919684184f2b3b51349095) Importer(2089858483,0ecaa5967403d082aa24f35e1b516d23)
Start importing Assets/Imported Assets/Inguz Media Studio/Free 2D Impact FX/Sprites/Plastic006_4K_Displacement.png using Guid(1ee1ef7510919684184f2b3b51349095) Importer(2089858483,0ecaa5967403d082aa24f35e1b516d23) Generated GUIDs only implemented for interfaces!
 -> (artifact id: '51c511defde2a2396bc62fdf6adc41fd') in 0.041124 seconds
Number of updated asset objects reloaded before import = 0
Number of asset objects unloaded after import = 1
========================================================================
Received Import Request.
  Time since last request: 0.000078 seconds.
  path: Assets/Imported Assets/low poly pack/Fbx low poly/Model/Tree 1.prefab
  artifactKey: Guid(f1b1e2546b630e54a81d5f4e0b9a32c5) Importer(2089858483,0ecaa5967403d082aa24f35e1b516d23)
Start importing Assets/Imported Assets/low poly pack/Fbx low poly/Model/Tree 1.prefab using Guid(f1b1e2546b630e54a81d5f4e0b9a32c5) Importer(2089858483,0ecaa5967403d082aa24f35e1b516d23) Generated GUIDs only implemented for interfaces!
 -> (artifact id: 'a28bef59aed2b71a56502a5fbf697c96') in 0.021581 seconds
Number of updated asset objects reloaded before import = 0
Number of asset objects unloaded after import = 18
========================================================================
Received Import Request.
  Time since last request: 0.000029 seconds.
  path: Assets/Imported Assets/L_FG_Assets_Pack_Lite/Meshes/Tomb05_c.FBX
  artifactKey: Guid(b84a774e0e048184dad1e0978df2cd96) Importer(2089858483,0ecaa5967403d082aa24f35e1b516d23)
Start importing Assets/Imported Assets/L_FG_Assets_Pack_Lite/Meshes/Tomb05_c.FBX using Guid(b84a774e0e048184dad1e0978df2cd96) Importer(2089858483,0ecaa5967403d082aa24f35e1b516d23) Generated GUIDs only implemented for interfaces!
 -> (artifact id: 'b037a0257d941092c153f079031041b2') in 0.031010 seconds
Number of updated asset objects reloaded before import = 0
Number of asset objects unloaded after import = 7
========================================================================
Received Import Request.
  Time since last request: 0.000024 seconds.
  path: Assets/Imported Assets/L_FG_Assets_Pack_Lite/Meshes/Gravestone01.FBX
  artifactKey: Guid(a3571f8c0b7a11f439f0fecf229d58b8) Importer(2089858483,0ecaa5967403d082aa24f35e1b516d23)
Start importing Assets/Imported Assets/L_FG_Assets_Pack_Lite/Meshes/Gravestone01.FBX using Guid(a3571f8c0b7a11f439f0fecf229d58b8) Importer(2089858483,0ecaa5967403d082aa24f35e1b516d23) Generated GUIDs only implemented for interfaces!
 -> (artifact id: 'cff61c26b6f3eaf15672b4e8bc19fa39') in 0.025132 seconds
Number of updated asset objects reloaded before import = 0
Number of asset objects unloaded after import = 7
========================================================================
Received Import Request.
  Time since last request: 0.000015 seconds.
  path: Assets/Imported Assets/low poly pack/Particle/Material/New Material 2.mat
  artifactKey: Guid(dac143f36e578e44cbcb98dfd4431dba) Importer(2089858483,0ecaa5967403d082aa24f35e1b516d23)
Start importing Assets/Imported Assets/low poly pack/Particle/Material/New Material 2.mat using Guid(dac143f36e578e44cbcb98dfd4431dba) Importer(2089858483,0ecaa5967403d082aa24f35e1b516d23) Generated GUIDs only implemented for interfaces!
 -> (artifact id: 'bc4a60ebbae6f20908835785c189bbf7') in 0.017443 seconds
Number of updated asset objects reloaded before import = 0
Number of asset objects unloaded after import = 2
========================================================================
Received Import Request.
  Time since last request: 0.000019 seconds.
  path: Assets/Imported Assets/AurynSky/Gems Ultimate Pack/Prefabs/4 Side Diamond.prefab
  artifactKey: Guid(0ed203d298c050b49bfabe788790e1c2) Importer(2089858483,0ecaa5967403d082aa24f35e1b516d23)
Start importing Assets/Imported Assets/AurynSky/Gems Ultimate Pack/Prefabs/4 Side Diamond.prefab using Guid(0ed203d298c050b49bfabe788790e1c2) Importer(2089858483,0ecaa5967403d082aa24f35e1b516d23) Generated GUIDs only implemented for interfaces!
 -> (artifact id: 'b40ced5e1ed62182763a0fdfa3b18fc4') in 0.017014 seconds
Number of updated asset objects reloaded before import = 0
Number of asset objects unloaded after import = 8
========================================================================
Received Import Request.
  Time since last request: 0.000020 seconds.
  path: Assets/Imported Assets/L_FG_Assets_Pack_Lite/Meshes/Tomb05_b.FBX
  artifactKey: Guid(02dc708fec9d21342919b99910d9cd04) Importer(2089858483,0ecaa5967403d082aa24f35e1b516d23)
Start importing Assets/Imported Assets/L_FG_Assets_Pack_Lite/Meshes/Tomb05_b.FBX using Guid(02dc708fec9d21342919b99910d9cd04) Importer(2089858483,0ecaa5967403d082aa24f35e1b516d23) Generated GUIDs only implemented for interfaces!
 -> (artifact id: 'ee0a9f23c9be85fcc6ef3916d5ea3512') in 0.025887 seconds
Number of updated asset objects reloaded before import = 0
Number of asset objects unloaded after import = 7
========================================================================
Received Import Request.
  Time since last request: 0.000015 seconds.
  path: Assets/Imported Assets/Inguz Media Studio/Free 2D Impact FX/Prefabs/Impact01.prefab
  artifactKey: Guid(37138c0c33167b04fa1fb90b7f5a794f) Importer(2089858483,0ecaa5967403d082aa24f35e1b516d23)
Start importing Assets/Imported Assets/Inguz Media Studio/Free 2D Impact FX/Prefabs/Impact01.prefab using Guid(37138c0c33167b04fa1fb90b7f5a794f) Importer(2089858483,0ecaa5967403d082aa24f35e1b516d23) Generated GUIDs only implemented for interfaces!
 -> (artifact id: 'b5726033f0b8430d3fc2beceb68e984a') in 0.061709 seconds
Number of updated asset objects reloaded before import = 0
Number of asset objects unloaded after import = 6
========================================================================
Received Import Request.
  Time since last request: 0.000018 seconds.
  path: Assets/Imported Assets/L_FG_Assets_Pack_Lite/Textures/Campfire01_D.tga
  artifactKey: Guid(a7bcb8c637bb87b43a1d617858c93fb4) Importer(2089858483,0ecaa5967403d082aa24f35e1b516d23)
Start importing Assets/Imported Assets/L_FG_Assets_Pack_Lite/Textures/Campfire01_D.tga using Guid(a7bcb8c637bb87b43a1d617858c93fb4) Importer(2089858483,0ecaa5967403d082aa24f35e1b516d23) Generated GUIDs only implemented for interfaces!
 -> (artifact id: '48693d1d73221443233e76acfddba057') in 0.030396 seconds
Number of updated asset objects reloaded before import = 0
Number of asset objects unloaded after import = 1
========================================================================
Received Import Request.
  Time since last request: 0.000030 seconds.
  path: Assets/Imported Assets/StylizedHandPaintedDungeon(Free)/Originals/Wall_Entrance.fbx
  artifactKey: Guid(ce8cc834ba277844da67143cfc370fa8) Importer(2089858483,0ecaa5967403d082aa24f35e1b516d23)
Start importing Assets/Imported Assets/StylizedHandPaintedDungeon(Free)/Originals/Wall_Entrance.fbx using Guid(ce8cc834ba277844da67143cfc370fa8) Importer(2089858483,0ecaa5967403d082aa24f35e1b516d23) Generated GUIDs only implemented for interfaces!
 -> (artifact id: '781f6afc1a5f2380e84e568ee51f1346') in 0.031237 seconds
Number of updated asset objects reloaded before import = 0
Number of asset objects unloaded after import = 7
========================================================================
Received Import Request.
  Time since last request: 0.000017 seconds.
  path: Assets/Imported Assets/AurynSky/Gems Ultimate Pack/Models/Cubie.fbx
  artifactKey: Guid(8b4719f3fd5020040bdbb5595fda39aa) Importer(2089858483,0ecaa5967403d082aa24f35e1b516d23)
Start importing Assets/Imported Assets/AurynSky/Gems Ultimate Pack/Models/Cubie.fbx using Guid(8b4719f3fd5020040bdbb5595fda39aa) Importer(2089858483,0ecaa5967403d082aa24f35e1b516d23) Generated GUIDs only implemented for interfaces!
 -> (artifact id: 'ad2e1248a80871f80bed983631f0e858') in 0.028291 seconds
Number of updated asset objects reloaded before import = 0
Number of asset objects unloaded after import = 7
========================================================================
Received Import Request.
  Time since last request: 0.000022 seconds.
  path: Assets/Imported Assets/AurynSky/Gems Ultimate Pack/Prefabs/Penta.prefab
  artifactKey: Guid(1a73058088a4b204bb3a13aff5c48489) Importer(2089858483,0ecaa5967403d082aa24f35e1b516d23)
Start importing Assets/Imported Assets/AurynSky/Gems Ultimate Pack/Prefabs/Penta.prefab using Guid(1a73058088a4b204bb3a13aff5c48489) Importer(2089858483,0ecaa5967403d082aa24f35e1b516d23) Generated GUIDs only implemented for interfaces!
 -> (artifact id: 'fd1ce58598284f01c6463ede15d00815') in 0.016269 seconds
Number of updated asset objects reloaded before import = 0
Number of asset objects unloaded after import = 8
========================================================================
Received Import Request.
  Time since last request: 0.000016 seconds.
  path: Assets/Imported Assets/L_FG_Assets_Pack_Lite/Meshes/Collision/Plant02_a_col.FBX
  artifactKey: Guid(725cb8bcb650b024d998b069503953a8) Importer(2089858483,0ecaa5967403d082aa24f35e1b516d23)
Start importing Assets/Imported Assets/L_FG_Assets_Pack_Lite/Meshes/Collision/Plant02_a_col.FBX using Guid(725cb8bcb650b024d998b069503953a8) Importer(2089858483,0ecaa5967403d082aa24f35e1b516d23) Generated GUIDs only implemented for interfaces!
 -> (artifact id: '549469609dd55bbec196d453e2e02070') in 0.032627 seconds
Number of updated asset objects reloaded before import = 0
Number of asset objects unloaded after import = 7
========================================================================
Received Import Request.
  Time since last request: 0.000028 seconds.
  path: Assets/Imported Assets/StylizedHandPaintedDungeon(Free)/Originals/Floor.fbx
  artifactKey: Guid(b31c62c35ced11c4383176ecffe930c9) Importer(2089858483,0ecaa5967403d082aa24f35e1b516d23)
Start importing Assets/Imported Assets/StylizedHandPaintedDungeon(Free)/Originals/Floor.fbx using Guid(b31c62c35ced11c4383176ecffe930c9) Importer(2089858483,0ecaa5967403d082aa24f35e1b516d23) Generated GUIDs only implemented for interfaces!
 -> (artifact id: '84621bfb5372aaa7d8908f7d051f1288') in 0.024431 seconds
Number of updated asset objects reloaded before import = 0
Number of asset objects unloaded after import = 7
========================================================================
Received Import Request.
  Time since last request: 0.000036 seconds.
  path: Assets/Imported Assets/L_FG_Assets_Pack_Lite/Meshes/Collision/Coffin01_a_col.FBX
  artifactKey: Guid(c7163e2fded93b24ebf76534aa5b2dbc) Importer(2089858483,0ecaa5967403d082aa24f35e1b516d23)
Start importing Assets/Imported Assets/L_FG_Assets_Pack_Lite/Meshes/Collision/Coffin01_a_col.FBX using Guid(c7163e2fded93b24ebf76534aa5b2dbc) Importer(2089858483,0ecaa5967403d082aa24f35e1b516d23) Generated GUIDs only implemented for interfaces!
 -> (artifact id: '488446f4e9c3275caaefc203f52cf998') in 0.026672 seconds
Number of updated asset objects reloaded before import = 0
Number of asset objects unloaded after import = 7
========================================================================
Received Import Request.
  Time since last request: 0.000018 seconds.
  path: Assets/Imported Assets/L_FG_Assets_Pack_Lite/Demo/Read me01.txt
  artifactKey: Guid(78675e16c15c2bc48ab55569586360a3) Importer(2089858483,0ecaa5967403d082aa24f35e1b516d23)
Start importing Assets/Imported Assets/L_FG_Assets_Pack_Lite/Demo/Read me01.txt using Guid(78675e16c15c2bc48ab55569586360a3) Importer(2089858483,0ecaa5967403d082aa24f35e1b516d23) Generated GUIDs only implemented for interfaces!
 -> (artifact id: 'd0232b398479c435095653a665b75fa1') in 0.013121 seconds
Number of updated asset objects reloaded before import = 0
Number of asset objects unloaded after import = 1
========================================================================
Received Import Request.
  Time since last request: 0.000030 seconds.
  path: Assets/Imported Assets/L_FG_Assets_Pack_Lite/Textures/Ground05_D.tga
  artifactKey: Guid(c8dadc8c1a6ca0d4c961835979a788ec) Importer(2089858483,0ecaa5967403d082aa24f35e1b516d23)
Start importing Assets/Imported Assets/L_FG_Assets_Pack_Lite/Textures/Ground05_D.tga using Guid(c8dadc8c1a6ca0d4c961835979a788ec) Importer(2089858483,0ecaa5967403d082aa24f35e1b516d23) Generated GUIDs only implemented for interfaces!
 -> (artifact id: 'c4533b926f469e253838d92c83d82670') in 0.028663 seconds
Number of updated asset objects reloaded before import = 0
Number of asset objects unloaded after import = 1
========================================================================
Received Import Request.
  Time since last request: 0.000015 seconds.
  path: Assets/Imported Assets/NavMeshComponents/Scripts/NavMeshModifierVolume.cs
  artifactKey: Guid(01767dc15b459734a840f30cdddc151b) Importer(2089858483,0ecaa5967403d082aa24f35e1b516d23)
Start importing Assets/Imported Assets/NavMeshComponents/Scripts/NavMeshModifierVolume.cs using Guid(01767dc15b459734a840f30cdddc151b) Importer(2089858483,0ecaa5967403d082aa24f35e1b516d23) Generated GUIDs only implemented for interfaces!
 -> (artifact id: 'b7a7a42720432c95cd82395793278f1b') in 0.015696 seconds
Number of updated asset objects reloaded before import = 0
Number of asset objects unloaded after import = 2
========================================================================
Received Import Request.
  Time since last request: 0.000020 seconds.
  path: Assets/Resources/Prefabs/Misc/Enemy_AI_V1.prefab
  artifactKey: Guid(c901a2dcd65a85b4182841c62631b81f) Importer(2089858483,0ecaa5967403d082aa24f35e1b516d23)
Start importing Assets/Resources/Prefabs/Misc/Enemy_AI_V1.prefab using Guid(c901a2dcd65a85b4182841c62631b81f) Importer(2089858483,0ecaa5967403d082aa24f35e1b516d23) Generated GUIDs only implemented for interfaces!
 -> (artifact id: 'a4de254acaaa6518ef73e7fea421c983') in 0.082914 seconds
Number of updated asset objects reloaded before import = 0
Number of asset objects unloaded after import = 446
========================================================================
Received Import Request.
  Time since last request: 0.000028 seconds.
  path: Assets/Imported Assets/Inguz Media Studio/Free 2D Impact FX/Prefabs/Impact02.prefab
  artifactKey: Guid(e17d9a3f04750764c8c0a7a0461e4c3b) Importer(2089858483,0ecaa5967403d082aa24f35e1b516d23)
Start importing Assets/Imported Assets/Inguz Media Studio/Free 2D Impact FX/Prefabs/Impact02.prefab using Guid(e17d9a3f04750764c8c0a7a0461e4c3b) Importer(2089858483,0ecaa5967403d082aa24f35e1b516d23) Generated GUIDs only implemented for interfaces!
 -> (artifact id: '781e6fad09ea1e6d55841d5a8e1c8fef') in 0.061901 seconds
Number of updated asset objects reloaded before import = 0
Number of asset objects unloaded after import = 6
========================================================================
Received Import Request.
  Time since last request: 0.000092 seconds.
  path: Assets/Imported Assets/low poly pack/Fbx low poly/Model/Rock_big.prefab
  artifactKey: Guid(3caa243fbfa00ac44af06ebc61cb0bf2) Importer(2089858483,0ecaa5967403d082aa24f35e1b516d23)
Start importing Assets/Imported Assets/low poly pack/Fbx low poly/Model/Rock_big.prefab using Guid(3caa243fbfa00ac44af06ebc61cb0bf2) Importer(2089858483,0ecaa5967403d082aa24f35e1b516d23) Generated GUIDs only implemented for interfaces!
 -> (artifact id: '770702431ac61c9923f4add54e3cb58d') in 0.014544 seconds
Number of updated asset objects reloaded before import = 0
Number of asset objects unloaded after import = 9
========================================================================
Received Import Request.
  Time since last request: 0.000016 seconds.
  path: Assets/Imported Assets/Sherbbs Particle Collection/Materials/VertexUnlitGlowHollowCircle.mat
  artifactKey: Guid(866bb9aa040051c42b608f04088acc81) Importer(2089858483,0ecaa5967403d082aa24f35e1b516d23)
Start importing Assets/Imported Assets/Sherbbs Particle Collection/Materials/VertexUnlitGlowHollowCircle.mat using Guid(866bb9aa040051c42b608f04088acc81) Importer(2089858483,0ecaa5967403d082aa24f35e1b516d23) Generated GUIDs only implemented for interfaces!
 -> (artifact id: 'eafa706095669e213ee0057832b0a11f') in 0.019635 seconds
Number of updated asset objects reloaded before import = 0
Number of asset objects unloaded after import = 2
========================================================================
Received Import Request.
  Time since last request: 0.000037 seconds.
  path: Assets/Imported Assets/Sherbbs Particle Collection/Materials/VertexUnlitDiffuseCircle.mat
  artifactKey: Guid(da51c40235f7fcc47812a1e6f2c6df0a) Importer(2089858483,0ecaa5967403d082aa24f35e1b516d23)
Start importing Assets/Imported Assets/Sherbbs Particle Collection/Materials/VertexUnlitDiffuseCircle.mat using Guid(da51c40235f7fcc47812a1e6f2c6df0a) Importer(2089858483,0ecaa5967403d082aa24f35e1b516d23) Generated GUIDs only implemented for interfaces!
 -> (artifact id: '7c14a7985e445400f50e4b69ac8f0bfd') in 0.019190 seconds
Number of updated asset objects reloaded before import = 0
Number of asset objects unloaded after import = 2
========================================================================
Received Import Request.
  Time since last request: 0.000179 seconds.
  path: Assets/Scenes/GameScenes/Level01/Level1.lighting
  artifactKey: Guid(8633e2d0c920d554283785dba8fba1c6) Importer(2089858483,0ecaa5967403d082aa24f35e1b516d23)
Start importing Assets/Scenes/GameScenes/Level01/Level1.lighting using Guid(8633e2d0c920d554283785dba8fba1c6) Importer(2089858483,0ecaa5967403d082aa24f35e1b516d23) LightingSettings: switching bake backend from 1 to 0.
Generated GUIDs only implemented for interfaces!
 -> (artifact id: 'f82ee077f399c5d843fdc5383eab2882') in 0.022138 seconds
Number of updated asset objects reloaded before import = 0
Number of asset objects unloaded after import = 1
========================================================================
Received Import Request.
  Time since last request: 0.000015 seconds.
  path: Assets/Imported Assets/AurynSky/Gems Ultimate Pack/Models/CubieBeveled.fbx
  artifactKey: Guid(6579b708f10e00c448d8ddbc06ba95fe) Importer(2089858483,0ecaa5967403d082aa24f35e1b516d23)
Start importing Assets/Imported Assets/AurynSky/Gems Ultimate Pack/Models/CubieBeveled.fbx using Guid(6579b708f10e00c448d8ddbc06ba95fe) Importer(2089858483,0ecaa5967403d082aa24f35e1b516d23) Generated GUIDs only implemented for interfaces!
 -> (artifact id: '639c719c1f05273e165a0b7a5832e7c3') in 0.029377 seconds
Number of updated asset objects reloaded before import = 0
Number of asset objects unloaded after import = 7
========================================================================
Received Import Request.
  Time since last request: 0.000141 seconds.
  path: Assets/Imported Assets/L_FG_Assets_Pack_Lite/Meshes/Tomb03_d.FBX
  artifactKey: Guid(3d76bbe2e312a8a4193275e403b9ac42) Importer(2089858483,0ecaa5967403d082aa24f35e1b516d23)
Start importing Assets/Imported Assets/L_FG_Assets_Pack_Lite/Meshes/Tomb03_d.FBX using Guid(3d76bbe2e312a8a4193275e403b9ac42) Importer(2089858483,0ecaa5967403d082aa24f35e1b516d23) Generated GUIDs only implemented for interfaces!
 -> (artifact id: 'f0a7578ed3d46c83d57d81759f68648f') in 0.025610 seconds
Number of updated asset objects reloaded before import = 0
Number of asset objects unloaded after import = 7
========================================================================
Received Import Request.
  Time since last request: 3.807585 seconds.
  path: Assets/Imported Assets/L_FG_Assets_Pack_Lite/Perfabs/Cemetery/Tomb02_c.prefab
  artifactKey: Guid(447a267b9d0ea2940a650a578ef9039a) Importer(2089858483,0ecaa5967403d082aa24f35e1b516d23)
Start importing Assets/Imported Assets/L_FG_Assets_Pack_Lite/Perfabs/Cemetery/Tomb02_c.prefab using Guid(447a267b9d0ea2940a650a578ef9039a) Importer(2089858483,0ecaa5967403d082aa24f35e1b516d23) Generated GUIDs only implemented for interfaces!
 -> (artifact id: '429482d595fe21ec3c9f94900e13acf4') in 0.021440 seconds
Number of updated asset objects reloaded before import = 0
Number of asset objects unloaded after import = 9
========================================================================
Received Import Request.
  Time since last request: 0.000016 seconds.
  path: Assets/Imported Assets/Sherbbs Particle Collection/Particles/Normal/Fireworks.prefab
  artifactKey: Guid(4a919ff208278c347a4582e77e55ed83) Importer(2089858483,0ecaa5967403d082aa24f35e1b516d23)
Start importing Assets/Imported Assets/Sherbbs Particle Collection/Particles/Normal/Fireworks.prefab using Guid(4a919ff208278c347a4582e77e55ed83) Importer(2089858483,0ecaa5967403d082aa24f35e1b516d23) Generated GUIDs only implemented for interfaces!
 -> (artifact id: '70a17cd1f43b849470c63c490c5ee17b') in 0.074197 seconds
Number of updated asset objects reloaded before import = 0
Number of asset objects unloaded after import = 22
========================================================================
Received Import Request.
  Time since last request: 0.000023 seconds.
  path: Assets/Imported Assets/L_FG_Assets_Pack_Lite/Perfabs/Plant/Plant08_f.prefab
  artifactKey: Guid(ffca8cb4c459bc94cbd86c0d26de6139) Importer(2089858483,0ecaa5967403d082aa24f35e1b516d23)
Start importing Assets/Imported Assets/L_FG_Assets_Pack_Lite/Perfabs/Plant/Plant08_f.prefab using Guid(ffca8cb4c459bc94cbd86c0d26de6139) Importer(2089858483,0ecaa5967403d082aa24f35e1b516d23) Generated GUIDs only implemented for interfaces!
 -> (artifact id: '9d4dd72c8d7c9ce3580ffe49e3bd348f') in 0.015575 seconds
Number of updated asset objects reloaded before import = 0
Number of asset objects unloaded after import = 7
========================================================================
Received Import Request.
  Time since last request: 0.000020 seconds.
  path: Assets/Imported Assets/TextMesh Pro/Examples & Extras/Scenes/12a - Text Interactions.unity
  artifactKey: Guid(08572ab7713642c8a60789750f0bce5c) Importer(2089858483,0ecaa5967403d082aa24f35e1b516d23)
Start importing Assets/Imported Assets/TextMesh Pro/Examples & Extras/Scenes/12a - Text Interactions.unity using Guid(08572ab7713642c8a60789750f0bce5c) Importer(2089858483,0ecaa5967403d082aa24f35e1b516d23) Generated GUIDs only implemented for interfaces!
 -> (artifact id: '198a6939550beff6bbf8d37fd8323b05') in 0.012915 seconds
Number of updated asset objects reloaded before import = 0
Number of asset objects unloaded after import = 1
========================================================================
Received Import Request.
  Time since last request: 0.000046 seconds.
  path: Assets/Imported Assets/Sherbbs Particle Collection/Particles/Trails/EtherialTrail.prefab
  artifactKey: Guid(ac1eb58333177014ca6f8c95cc1a7273) Importer(2089858483,0ecaa5967403d082aa24f35e1b516d23)
Start importing Assets/Imported Assets/Sherbbs Particle Collection/Particles/Trails/EtherialTrail.prefab using Guid(ac1eb58333177014ca6f8c95cc1a7273) Importer(2089858483,0ecaa5967403d082aa24f35e1b516d23) Generated GUIDs only implemented for interfaces!
 -> (artifact id: '0ccf40dce251a015da12a16ae1ab8b65') in 0.067928 seconds
Number of updated asset objects reloaded before import = 0
Number of asset objects unloaded after import = 6
========================================================================
Received Import Request.
  Time since last request: 0.000034 seconds.
  path: Assets/Imported Assets/TextMesh Pro/Examples & Extras/Prefabs/TextMeshPro - Prefab 1.prefab
  artifactKey: Guid(a6e39ced0ea046bcb636c3f0b2e2a745) Importer(2089858483,0ecaa5967403d082aa24f35e1b516d23)
Start importing Assets/Imported Assets/TextMesh Pro/Examples & Extras/Prefabs/TextMeshPro - Prefab 1.prefab using Guid(a6e39ced0ea046bcb636c3f0b2e2a745) Importer(2089858483,0ecaa5967403d082aa24f35e1b516d23) Generated GUIDs only implemented for interfaces!
 -> (artifact id: 'c749f1c284d1c3bff44cef35becf0625') in 0.073662 seconds
Number of updated asset objects reloaded before import = 0
Number of asset objects unloaded after import = 16
========================================================================
Received Import Request.
  Time since last request: 0.000017 seconds.
  path: Assets/Imported Assets/Sherbbs Particle Collection/Particles/Normal/BirthdayConfetti + Streamers.prefab
  artifactKey: Guid(848e19326a3e611488c952f5ba97c0cb) Importer(2089858483,0ecaa5967403d082aa24f35e1b516d23)
Start importing Assets/Imported Assets/Sherbbs Particle Collection/Particles/Normal/BirthdayConfetti + Streamers.prefab using Guid(848e19326a3e611488c952f5ba97c0cb) Importer(2089858483,0ecaa5967403d082aa24f35e1b516d23) Generated GUIDs only implemented for interfaces!
 -> (artifact id: 'ec048f370653756f5caebffc316df56f') in 0.067291 seconds
Number of updated asset objects reloaded before import = 0
Number of asset objects unloaded after import = 14
========================================================================
Received Import Request.
  Time since last request: 0.000025 seconds.
  path: Assets/Imported Assets/L_FG_Assets_Pack_Lite/Perfabs/Cemetery/Tomb05_a.prefab
  artifactKey: Guid(95bb716919bfaa940995cdaede7b7ec6) Importer(2089858483,0ecaa5967403d082aa24f35e1b516d23)
Start importing Assets/Imported Assets/L_FG_Assets_Pack_Lite/Perfabs/Cemetery/Tomb05_a.prefab using Guid(95bb716919bfaa940995cdaede7b7ec6) Importer(2089858483,0ecaa5967403d082aa24f35e1b516d23) Generated GUIDs only implemented for interfaces!
 -> (artifact id: '2af2643ad65c0cd0417277944bf612d1') in 0.020199 seconds
Number of updated asset objects reloaded before import = 0
Number of asset objects unloaded after import = 9
========================================================================
Received Import Request.
  Time since last request: 0.000035 seconds.
  path: Assets/Imported Assets/TextMesh Pro/Examples & Extras/Materials/Ground - Logo Scene.mat
  artifactKey: Guid(c719e38f25a9480abd2480ab621a2949) Importer(2089858483,0ecaa5967403d082aa24f35e1b516d23)
Start importing Assets/Imported Assets/TextMesh Pro/Examples & Extras/Materials/Ground - Logo Scene.mat using Guid(c719e38f25a9480abd2480ab621a2949) Importer(2089858483,0ecaa5967403d082aa24f35e1b516d23) Generated GUIDs only implemented for interfaces!
 -> (artifact id: '376d139374f9a8151b88b276844c2382') in 0.016566 seconds
Number of updated asset objects reloaded before import = 0
Number of asset objects unloaded after import = 2
========================================================================
Received Import Request.
  Time since last request: 0.000014 seconds.
  path: Assets/Imported Assets/Polytope Studio/Lowpoly Medieval Village/Prefabs/PT_Medieval_Village_Fence_04.prefab
  artifactKey: Guid(652f7014d6c823644ad1c083dab25274) Importer(2089858483,0ecaa5967403d082aa24f35e1b516d23)
Start importing Assets/Imported Assets/Polytope Studio/Lowpoly Medieval Village/Prefabs/PT_Medieval_Village_Fence_04.prefab using Guid(652f7014d6c823644ad1c083dab25274) Importer(2089858483,0ecaa5967403d082aa24f35e1b516d23) Generated GUIDs only implemented for interfaces!
 -> (artifact id: '5a07bde4fa48180fe36ff38575f7801d') in 0.025666 seconds
Number of updated asset objects reloaded before import = 0
Number of asset objects unloaded after import = 8
========================================================================
Received Import Request.
  Time since last request: 0.000021 seconds.
  path: Assets/Imported Assets/Polytope Studio/Lowpoly Medieval Demos/Environment_Free/PostProcessing.asset
  artifactKey: Guid(af22d70a6c38a4b40b45fe694bf97376) Importer(2089858483,0ecaa5967403d082aa24f35e1b516d23)
Start importing Assets/Imported Assets/Polytope Studio/Lowpoly Medieval Demos/Environment_Free/PostProcessing.asset using Guid(af22d70a6c38a4b40b45fe694bf97376) Importer(2089858483,0ecaa5967403d082aa24f35e1b516d23) Generated GUIDs only implemented for interfaces!
 -> (artifact id: 'de2155089b9b26c13690a0db3f9e33ef') in 0.029239 seconds
Number of updated asset objects reloaded before import = 0
Number of asset objects unloaded after import = 5
========================================================================
Received Import Request.
  Time since last request: 0.000026 seconds.
  path: Assets/Imported Assets/L_FG_Assets_Pack_Lite/Perfabs/Plant/Plant07_a.prefab
  artifactKey: Guid(29bbcc626ac559e4fad1c099e4b2aa17) Importer(2089858483,0ecaa5967403d082aa24f35e1b516d23)
Start importing Assets/Imported Assets/L_FG_Assets_Pack_Lite/Perfabs/Plant/Plant07_a.prefab using Guid(29bbcc626ac559e4fad1c099e4b2aa17) Importer(2089858483,0ecaa5967403d082aa24f35e1b516d23) Generated GUIDs only implemented for interfaces!
 -> (artifact id: '29028d2d04fac6b0d5d92620af634445') in 0.016382 seconds
Number of updated asset objects reloaded before import = 0
Number of asset objects unloaded after import = 7
========================================================================
Received Import Request.
  Time since last request: 0.000015 seconds.
  path: Assets/Imported Assets/TextMesh Pro/Examples & Extras/Textures/NewLayer.terrainlayer
  artifactKey: Guid(a2e50fc8f3a923d48bff9894a5409588) Importer(2089858483,0ecaa5967403d082aa24f35e1b516d23)
Start importing Assets/Imported Assets/TextMesh Pro/Examples & Extras/Textures/NewLayer.terrainlayer using Guid(a2e50fc8f3a923d48bff9894a5409588) Importer(2089858483,0ecaa5967403d082aa24f35e1b516d23) Generated GUIDs only implemented for interfaces!
 -> (artifact id: '82fbddc86e7a9fe1f4256ff76b61ae32') in 0.019298 seconds
Number of updated asset objects reloaded before import = 0
Number of asset objects unloaded after import = 2
========================================================================
Received Import Request.
  Time since last request: 0.000016 seconds.
  path: Assets/Resources/Models/Laika/LaikaAnimations/Laika_NewClothes_Boneless@Thoughtful Head Nod.fbx
  artifactKey: Guid(3b3fb45af0b575742b45da4dade1411a) Importer(2089858483,0ecaa5967403d082aa24f35e1b516d23)
Start importing Assets/Resources/Models/Laika/LaikaAnimations/Laika_NewClothes_Boneless@Thoughtful Head Nod.fbx using Guid(3b3fb45af0b575742b45da4dade1411a) Importer(2089858483,0ecaa5967403d082aa24f35e1b516d23) Generated GUIDs only implemented for interfaces!
 -> (artifact id: 'b262e68f505397c82f53fd4533fe5c56') in 0.038174 seconds
Number of updated asset objects reloaded before import = 0
Number of asset objects unloaded after import = 136
========================================================================
Received Import Request.
  Time since last request: 0.000016 seconds.
  path: Assets/Imported Assets/TextMesh Pro/Examples & Extras/Scenes/Benchmark (Floating Text).unity
  artifactKey: Guid(16177da2e3254cee91944756d5f8ddd3) Importer(2089858483,0ecaa5967403d082aa24f35e1b516d23)
Start importing Assets/Imported Assets/TextMesh Pro/Examples & Extras/Scenes/Benchmark (Floating Text).unity using Guid(16177da2e3254cee91944756d5f8ddd3) Importer(2089858483,0ecaa5967403d082aa24f35e1b516d23) Generated GUIDs only implemented for interfaces!
 -> (artifact id: '90f8cf6d6176edc1b6ca26e4d3cb245a') in 0.015004 seconds
Number of updated asset objects reloaded before import = 0
Number of asset objects unloaded after import = 1
========================================================================
Received Import Request.
  Time since last request: 0.000019 seconds.
  path: Assets/Imported Assets/TileableBricksWall/Materials/MyStuff/NormalWall.mat
  artifactKey: Guid(69af385a2a828004ea3891661314c2bd) Importer(2089858483,0ecaa5967403d082aa24f35e1b516d23)
Start importing Assets/Imported Assets/TileableBricksWall/Materials/MyStuff/NormalWall.mat using Guid(69af385a2a828004ea3891661314c2bd) Importer(2089858483,0ecaa5967403d082aa24f35e1b516d23) Generated GUIDs only implemented for interfaces!
 -> (artifact id: '94bcb40db3bc46db4eeb3103451b92b6') in 0.019279 seconds
Number of updated asset objects reloaded before import = 0
Number of asset objects unloaded after import = 4
========================================================================
Received Import Request.
  Time since last request: 0.000029 seconds.
  path: Assets/Imported Assets/TextMesh Pro/Examples & Extras/Textures/Text Overflow - Linked Text Image 1.png
  artifactKey: Guid(4ccf43d26c4748c792174516f4a8fcef) Importer(2089858483,0ecaa5967403d082aa24f35e1b516d23)
Start importing Assets/Imported Assets/TextMesh Pro/Examples & Extras/Textures/Text Overflow - Linked Text Image 1.png using Guid(4ccf43d26c4748c792174516f4a8fcef) Importer(2089858483,0ecaa5967403d082aa24f35e1b516d23) Generated GUIDs only implemented for interfaces!
 -> (artifact id: '95b853eb34871e0978621a317f195c10') in 0.033543 seconds
Number of updated asset objects reloaded before import = 0
Number of asset objects unloaded after import = 1
========================================================================
Received Import Request.
  Time since last request: 0.000018 seconds.
  path: Assets/Imported Assets/L_FG_Assets_Pack_Lite/Perfabs/Plant/Plant06_f.prefab
  artifactKey: Guid(75d4ede8f2477ec40bda53b3b6b0b41b) Importer(2089858483,0ecaa5967403d082aa24f35e1b516d23)
Start importing Assets/Imported Assets/L_FG_Assets_Pack_Lite/Perfabs/Plant/Plant06_f.prefab using Guid(75d4ede8f2477ec40bda53b3b6b0b41b) Importer(2089858483,0ecaa5967403d082aa24f35e1b516d23) Generated GUIDs only implemented for interfaces!
 -> (artifact id: 'a76e53bbebdb2410cc4d39ada38e4cb9') in 0.019128 seconds
Number of updated asset objects reloaded before import = 0
Number of asset objects unloaded after import = 7
========================================================================
Received Import Request.
  Time since last request: 0.000016 seconds.
  path: Assets/Imported Assets/L_FG_Assets_Pack_Lite/Perfabs/Cemetery/Tomb03_c.prefab
  artifactKey: Guid(ba6c1d8ab9e557a41ae865390e50e1a4) Importer(2089858483,0ecaa5967403d082aa24f35e1b516d23)
Start importing Assets/Imported Assets/L_FG_Assets_Pack_Lite/Perfabs/Cemetery/Tomb03_c.prefab using Guid(ba6c1d8ab9e557a41ae865390e50e1a4) Importer(2089858483,0ecaa5967403d082aa24f35e1b516d23) Generated GUIDs only implemented for interfaces!
 -> (artifact id: '5721086ae67ed52d0b13e688b6f67719') in 0.020138 seconds
Number of updated asset objects reloaded before import = 0
Number of asset objects unloaded after import = 9
========================================================================
Received Import Request.
  Time since last request: 0.000020 seconds.
  path: Assets/Imported Assets/TextMesh Pro/Examples & Extras/Scripts/TMP_ExampleScript_01.cs
  artifactKey: Guid(6f2c5b59b6874405865e2616e4ec276a) Importer(2089858483,0ecaa5967403d082aa24f35e1b516d23)
Start importing Assets/Imported Assets/TextMesh Pro/Examples & Extras/Scripts/TMP_ExampleScript_01.cs using Guid(6f2c5b59b6874405865e2616e4ec276a) Importer(2089858483,0ecaa5967403d082aa24f35e1b516d23) Generated GUIDs only implemented for interfaces!
 -> (artifact id: '02fe82e571f7361e5bc76ee45f464770') in 0.014042 seconds
Number of updated asset objects reloaded before import = 0
Number of asset objects unloaded after import = 1
========================================================================
Received Import Request.
  Time since last request: 0.000017 seconds.
  path: Assets/Imported Assets/TextMesh Pro/Examples & Extras/Textures/Floor Tiles 1 - diffuse.jpg
  artifactKey: Guid(85ac55597b97403c82fc6601a93cf241) Importer(2089858483,0ecaa5967403d082aa24f35e1b516d23)
Start importing Assets/Imported Assets/TextMesh Pro/Examples & Extras/Textures/Floor Tiles 1 - diffuse.jpg using Guid(85ac55597b97403c82fc6601a93cf241) Importer(2089858483,0ecaa5967403d082aa24f35e1b516d23) Generated GUIDs only implemented for interfaces!
 -> (artifact id: '44a9d54ca3b40fbc8e9acc2cbe57be80') in 0.044503 seconds
Number of updated asset objects reloaded before import = 0
Number of asset objects unloaded after import = 1
========================================================================
Received Import Request.
  Time since last request: 0.000022 seconds.
  path: Assets/Imported Assets/TextMesh Pro/Examples & Extras/Scenes/03 - Line Justification.unity
  artifactKey: Guid(21a509e1d3cd49978623fa564adb6f02) Importer(2089858483,0ecaa5967403d082aa24f35e1b516d23)
Start importing Assets/Imported Assets/TextMesh Pro/Examples & Extras/Scenes/03 - Line Justification.unity using Guid(21a509e1d3cd49978623fa564adb6f02) Importer(2089858483,0ecaa5967403d082aa24f35e1b516d23) Generated GUIDs only implemented for interfaces!
 -> (artifact id: '3dde2c8061073664a21a0224b8807186') in 0.014022 seconds
Number of updated asset objects reloaded before import = 0
Number of asset objects unloaded after import = 1
========================================================================
Received Import Request.
  Time since last request: 0.000042 seconds.
  path: Assets/Resources/Models/Laika/Pose/Laika_NewClothes_Boneless@Male Dynamic Pose.fbx
  artifactKey: Guid(741bb754e4a811247b81d3783cbb45da) Importer(2089858483,0ecaa5967403d082aa24f35e1b516d23)
Start importing Assets/Resources/Models/Laika/Pose/Laika_NewClothes_Boneless@Male Dynamic Pose.fbx using Guid(741bb754e4a811247b81d3783cbb45da) Importer(2089858483,0ecaa5967403d082aa24f35e1b516d23) Generated GUIDs only implemented for interfaces!
 -> (artifact id: '352ca580137552fab313200ef02cdfa6') in 0.125532 seconds
Number of updated asset objects reloaded before import = 0
Number of asset objects unloaded after import = 169
========================================================================
Received Import Request.
  Time since last request: 0.000022 seconds.
  path: Assets/Resources/Models/Laika/LaikaMaterials/N00_000_00_Body_00_SKIN (Instance).mat
  artifactKey: Guid(5d3ab45b87681be478a12ed082828a08) Importer(2089858483,0ecaa5967403d082aa24f35e1b516d23)
Start importing Assets/Resources/Models/Laika/LaikaMaterials/N00_000_00_Body_00_SKIN (Instance).mat using Guid(5d3ab45b87681be478a12ed082828a08) Importer(2089858483,0ecaa5967403d082aa24f35e1b516d23) Generated GUIDs only implemented for interfaces!
 -> (artifact id: '49b604a02249e06b7a92ad58fbb65c41') in 0.018172 seconds
Number of updated asset objects reloaded before import = 0
Number of asset objects unloaded after import = 2
========================================================================
Received Import Request.
  Time since last request: 0.000030 seconds.
  path: Assets/Imported Assets/TextMesh Pro/Examples & Extras/Scripts/ObjectSpin.cs
  artifactKey: Guid(4f19c7f94c794c5097d8bd11e39c750d) Importer(2089858483,0ecaa5967403d082aa24f35e1b516d23)
Start importing Assets/Imported Assets/TextMesh Pro/Examples & Extras/Scripts/ObjectSpin.cs using Guid(4f19c7f94c794c5097d8bd11e39c750d) Importer(2089858483,0ecaa5967403d082aa24f35e1b516d23) Generated GUIDs only implemented for interfaces!
 -> (artifact id: '98f1c9b18465abb82d86142919de20d9') in 0.018657 seconds
Number of updated asset objects reloaded before import = 0
Number of asset objects unloaded after import = 1
========================================================================
Received Import Request.
  Time since last request: 0.000018 seconds.
  path: Assets/Resources/Models/Laika/LaikaMaterials/N00_004_01_Tops_01_CLOTH (Instance).mat
  artifactKey: Guid(64d5874ec1474614c84da2c720867130) Importer(2089858483,0ecaa5967403d082aa24f35e1b516d23)
Start importing Assets/Resources/Models/Laika/LaikaMaterials/N00_004_01_Tops_01_CLOTH (Instance).mat using Guid(64d5874ec1474614c84da2c720867130) Importer(2089858483,0ecaa5967403d082aa24f35e1b516d23) Generated GUIDs only implemented for interfaces!
 -> (artifact id: 'e12e70f7083415f6edffd565d480ef56') in 0.019189 seconds
Number of updated asset objects reloaded before import = 0
Number of asset objects unloaded after import = 2
========================================================================
Received Import Request.
  Time since last request: 0.000017 seconds.
  path: Assets/Resources/Models/Lucas/LucasTextures/Image_17.png
  artifactKey: Guid(a0dec2949cad86540b1a2a0d776c4ec0) Importer(2089858483,0ecaa5967403d082aa24f35e1b516d23)
Start importing Assets/Resources/Models/Lucas/LucasTextures/Image_17.png using Guid(a0dec2949cad86540b1a2a0d776c4ec0) Importer(2089858483,0ecaa5967403d082aa24f35e1b516d23) Generated GUIDs only implemented for interfaces!
 -> (artifact id: '3c34d940875d5a9822a1a8e5dbed084f') in 0.040647 seconds
Number of updated asset objects reloaded before import = 0
Number of asset objects unloaded after import = 1
========================================================================
Received Import Request.
  Time since last request: 0.000020 seconds.
  path: Assets/Resources/Models/Rufio/Rufio Textures/_01.png
  artifactKey: Guid(eced3f4993bf543409ac91e2d476cd9a) Importer(2089858483,0ecaa5967403d082aa24f35e1b516d23)
Start importing Assets/Resources/Models/Rufio/Rufio Textures/_01.png using Guid(eced3f4993bf543409ac91e2d476cd9a) Importer(2089858483,0ecaa5967403d082aa24f35e1b516d23) Generated GUIDs only implemented for interfaces!
 -> (artifact id: '10cf6d183a733ac5b0c9d2b5415c3172') in 0.035838 seconds
Number of updated asset objects reloaded before import = 0
Number of asset objects unloaded after import = 1
========================================================================
Received Import Request.
  Time since last request: 0.000018 seconds.
  path: Assets/Resources/Models/Lucas/LucasMaterials/N00_001_01_Bottoms_01_CLOTH (Instance).mat
  artifactKey: Guid(66d1e6dc1bce6b040acbe5ed3293ddd6) Importer(2089858483,0ecaa5967403d082aa24f35e1b516d23)
Start importing Assets/Resources/Models/Lucas/LucasMaterials/N00_001_01_Bottoms_01_CLOTH (Instance).mat using Guid(66d1e6dc1bce6b040acbe5ed3293ddd6) Importer(2089858483,0ecaa5967403d082aa24f35e1b516d23) Generated GUIDs only implemented for interfaces!
 -> (artifact id: '3b7a777688b36fb0bff46bda39c5b3d9') in 0.021437 seconds
Number of updated asset objects reloaded before import = 0
Number of asset objects unloaded after import = 2
========================================================================
Received Import Request.
  Time since last request: 0.000017 seconds.
  path: Assets/Resources/Models/Lucas/LucasTextures/Image_11.png
  artifactKey: Guid(97adcc01b7d6067499b1a486ee27848d) Importer(2089858483,0ecaa5967403d082aa24f35e1b516d23)
Start importing Assets/Resources/Models/Lucas/LucasTextures/Image_11.png using Guid(97adcc01b7d6067499b1a486ee27848d) Importer(2089858483,0ecaa5967403d082aa24f35e1b516d23) Generated GUIDs only implemented for interfaces!
 -> (artifact id: '8194cd3913bf3b4574bd72144adec7ee') in 0.032987 seconds
Number of updated asset objects reloaded before import = 0
Number of asset objects unloaded after import = 1
========================================================================
Received Import Request.
  Time since last request: 0.000021 seconds.
  path: Assets/Imported Assets/TextMesh Pro/Resources/Fonts & Materials/LiberationSans SDF - Outline.mat
  artifactKey: Guid(79459efec17a4d00a321bdcc27bbc385) Importer(2089858483,0ecaa5967403d082aa24f35e1b516d23)
Start importing Assets/Imported Assets/TextMesh Pro/Resources/Fonts & Materials/LiberationSans SDF - Outline.mat using Guid(79459efec17a4d00a321bdcc27bbc385) Importer(2089858483,0ecaa5967403d082aa24f35e1b516d23) Generated GUIDs only implemented for interfaces!
 -> (artifact id: 'abd050ce05c4f0c0b0d022b508b348d7') in 0.028961 seconds
Number of updated asset objects reloaded before import = 0
Number of asset objects unloaded after import = 2
========================================================================
Received Import Request.
  Time since last request: 0.000025 seconds.
  path: Assets/Resources/Models/Lucas/LucasTextures/Image_13.png
  artifactKey: Guid(ee03981d3f132e54386666600993a2ad) Importer(2089858483,0ecaa5967403d082aa24f35e1b516d23)
Start importing Assets/Resources/Models/Lucas/LucasTextures/Image_13.png using Guid(ee03981d3f132e54386666600993a2ad) Importer(2089858483,0ecaa5967403d082aa24f35e1b516d23) Generated GUIDs only implemented for interfaces!
 -> (artifact id: '2bcac68cbc80abc230d725b4892d4618') in 0.033367 seconds
Number of updated asset objects reloaded before import = 0
Number of asset objects unloaded after import = 1
========================================================================
Received Import Request.
  Time since last request: 0.000034 seconds.
  path: Assets/Imported Assets/StylizedHandPaintedDungeon(Free)/Demo/Assets_Preview/Assets_Preview.unity
  artifactKey: Guid(6f93acd388e1d2549aa45617fe3f6ff1) Importer(2089858483,0ecaa5967403d082aa24f35e1b516d23)
Start importing Assets/Imported Assets/StylizedHandPaintedDungeon(Free)/Demo/Assets_Preview/Assets_Preview.unity using Guid(6f93acd388e1d2549aa45617fe3f6ff1) Importer(2089858483,0ecaa5967403d082aa24f35e1b516d23) Generated GUIDs only implemented for interfaces!
 -> (artifact id: '2105df5a88d61303c32d8375ee02c858') in 0.013245 seconds
Number of updated asset objects reloaded before import = 0
Number of asset objects unloaded after import = 1
========================================================================
Received Import Request.
  Time since last request: 0.000018 seconds.
  path: Assets/Imported Assets/L_FG_Assets_Pack_Lite/Perfabs/Plant/Plant05_f.prefab
  artifactKey: Guid(f2cbb5199ef6d1d46b3e03d712606966) Importer(2089858483,0ecaa5967403d082aa24f35e1b516d23)
Start importing Assets/Imported Assets/L_FG_Assets_Pack_Lite/Perfabs/Plant/Plant05_f.prefab using Guid(f2cbb5199ef6d1d46b3e03d712606966) Importer(2089858483,0ecaa5967403d082aa24f35e1b516d23) Generated GUIDs only implemented for interfaces!
 -> (artifact id: '2ef1225e989dda6bd7ebb09c619cbfa7') in 0.017355 seconds
Number of updated asset objects reloaded before import = 0
Number of asset objects unloaded after import = 8
========================================================================
Received Import Request.
  Time since last request: 0.000019 seconds.
  path: Assets/Imported Assets/TextMesh Pro/Examples & Extras/Scenes/23 - Animating Vertex Attributes.unity
  artifactKey: Guid(54e994244b4b467e8583cf2da6dcc716) Importer(2089858483,0ecaa5967403d082aa24f35e1b516d23)
Start importing Assets/Imported Assets/TextMesh Pro/Examples & Extras/Scenes/23 - Animating Vertex Attributes.unity using Guid(54e994244b4b467e8583cf2da6dcc716) Importer(2089858483,0ecaa5967403d082aa24f35e1b516d23) Generated GUIDs only implemented for interfaces!
 -> (artifact id: 'cd45097cb11cfb2a000668cadbb0bf4a') in 0.011446 seconds
Number of updated asset objects reloaded before import = 0
Number of asset objects unloaded after import = 1
========================================================================
Received Import Request.
  Time since last request: 0.000022 seconds.
  path: Assets/Imported Assets/Polytope Studio/Lowpoly Medieval Demos/Environment_Free/FENCE.prefab
  artifactKey: Guid(f16f39bd1be9d4140ad0cd32366b3c89) Importer(2089858483,0ecaa5967403d082aa24f35e1b516d23)
Start importing Assets/Imported Assets/Polytope Studio/Lowpoly Medieval Demos/Environment_Free/FENCE.prefab using Guid(f16f39bd1be9d4140ad0cd32366b3c89) Importer(2089858483,0ecaa5967403d082aa24f35e1b516d23) Generated GUIDs only implemented for interfaces!
 -> (artifact id: '65804fc1667dde9d49f3fe9b8c0460cd') in 0.018516 seconds
Number of updated asset objects reloaded before import = 0
Number of asset objects unloaded after import = 221
========================================================================
Received Import Request.
  Time since last request: 0.000016 seconds.
  path: Assets/Resources/Models/Laika/LaikaMaterials/N00_000_00_FaceEyelash_00_FACE (Instance).mat
  artifactKey: Guid(df81a4e2eefc23144bbb71cbd3c84f35) Importer(2089858483,0ecaa5967403d082aa24f35e1b516d23)
Start importing Assets/Resources/Models/Laika/LaikaMaterials/N00_000_00_FaceEyelash_00_FACE (Instance).mat using Guid(df81a4e2eefc23144bbb71cbd3c84f35) Importer(2089858483,0ecaa5967403d082aa24f35e1b516d23) Generated GUIDs only implemented for interfaces!
 -> (artifact id: 'b27e07ed378ce556f3474999554d3382') in 0.021462 seconds
Number of updated asset objects reloaded before import = 0
Number of asset objects unloaded after import = 2
========================================================================
Received Import Request.
  Time since last request: 0.000017 seconds.
  path: Assets/Resources/Models/Lucas/LucasMaterials/N00_000_00_FaceMouth_00_FACE (Instance).mat
  artifactKey: Guid(6162954648b78304985b2c59be6223d2) Importer(2089858483,0ecaa5967403d082aa24f35e1b516d23)
Start importing Assets/Resources/Models/Lucas/LucasMaterials/N00_000_00_FaceMouth_00_FACE (Instance).mat using Guid(6162954648b78304985b2c59be6223d2) Importer(2089858483,0ecaa5967403d082aa24f35e1b516d23) Generated GUIDs only implemented for interfaces!
 -> (artifact id: '81eada280c7de1fc88c4507b52c60421') in 0.020630 seconds
Number of updated asset objects reloaded before import = 0
Number of asset objects unloaded after import = 2
========================================================================
Received Import Request.
  Time since last request: 0.000017 seconds.
  path: Assets/Imported Assets/TextMesh Pro/Examples & Extras/Scenes/24 - Surface Shader Example.unity
  artifactKey: Guid(8c4969fd8ba94a68b07cf11f3e7a5137) Importer(2089858483,0ecaa5967403d082aa24f35e1b516d23)
Start importing Assets/Imported Assets/TextMesh Pro/Examples & Extras/Scenes/24 - Surface Shader Example.unity using Guid(8c4969fd8ba94a68b07cf11f3e7a5137) Importer(2089858483,0ecaa5967403d082aa24f35e1b516d23) Generated GUIDs only implemented for interfaces!
 -> (artifact id: 'dd3e17a5aa3df8288f9f77ac30f319a2') in 0.015601 seconds
Number of updated asset objects reloaded before import = 0
Number of asset objects unloaded after import = 1
========================================================================
Received Import Request.
  Time since last request: 0.000016 seconds.
  path: Assets/Imported Assets/TextMesh Pro/Examples & Extras/Textures/Wipe Pattern - Radial Quad.psd
  artifactKey: Guid(2b5e9ae96c5644d8bae932f8b4ca68a2) Importer(2089858483,0ecaa5967403d082aa24f35e1b516d23)
Start importing Assets/Imported Assets/TextMesh Pro/Examples & Extras/Textures/Wipe Pattern - Radial Quad.psd using Guid(2b5e9ae96c5644d8bae932f8b4ca68a2) Importer(2089858483,0ecaa5967403d082aa24f35e1b516d23) Generated GUIDs only implemented for interfaces!
 -> (artifact id: 'b042a1adacd98c1bff7e6f17f7e6edcf') in 0.034993 seconds
Number of updated asset objects reloaded before import = 0
Number of asset objects unloaded after import = 1
========================================================================
Received Import Request.
  Time since last request: 0.000020 seconds.
  path: Assets/Imported Assets/TextMesh Pro/Examples & Extras/Scenes/11 - The Style Tag.unity
  artifactKey: Guid(84ed36ad77dd4956b2ffe3769f759879) Importer(2089858483,0ecaa5967403d082aa24f35e1b516d23)
Start importing Assets/Imported Assets/TextMesh Pro/Examples & Extras/Scenes/11 - The Style Tag.unity using Guid(84ed36ad77dd4956b2ffe3769f759879) Importer(2089858483,0ecaa5967403d082aa24f35e1b516d23) Generated GUIDs only implemented for interfaces!
 -> (artifact id: '9e04e1d8f5ab0adb631d267212b87ee6') in 0.012757 seconds
Number of updated asset objects reloaded before import = 0
Number of asset objects unloaded after import = 1
========================================================================
Received Import Request.
  Time since last request: 0.000035 seconds.
  path: Assets/Imported Assets/Sherbbs Particle Collection/Particles/Normal/MuzzleFlash.prefab
  artifactKey: Guid(fe8624b8239b6d44e8dba978b745de2a) Importer(2089858483,0ecaa5967403d082aa24f35e1b516d23)
Start importing Assets/Imported Assets/Sherbbs Particle Collection/Particles/Normal/MuzzleFlash.prefab using Guid(fe8624b8239b6d44e8dba978b745de2a) Importer(2089858483,0ecaa5967403d082aa24f35e1b516d23) Generated GUIDs only implemented for interfaces!
 -> (artifact id: '9dbab84e0497dadae816a8bb7c4c4340') in 0.073519 seconds
Number of updated asset objects reloaded before import = 0
Number of asset objects unloaded after import = 18
========================================================================
Received Import Request.
  Time since last request: 0.000019 seconds.
  path: Assets/Resources/Models/Rufio/RufioMaterials/N00_000_00_EyeIris_00_EYE (Instance).mat
  artifactKey: Guid(5246cfd9133585a4e9659ed2b0284c3b) Importer(2089858483,0ecaa5967403d082aa24f35e1b516d23)
Start importing Assets/Resources/Models/Rufio/RufioMaterials/N00_000_00_EyeIris_00_EYE (Instance).mat using Guid(5246cfd9133585a4e9659ed2b0284c3b) Importer(2089858483,0ecaa5967403d082aa24f35e1b516d23) Generated GUIDs only implemented for interfaces!
 -> (artifact id: '5e8b6c4784cb8a66da5751652dae2051') in 0.018913 seconds
Number of updated asset objects reloaded before import = 0
Number of asset objects unloaded after import = 2
========================================================================
Received Import Request.
  Time since last request: 0.000017 seconds.
  path: Assets/Imported Assets/Polytope Studio/Lowpoly Medieval Demos/Environment_Free/Terrain/TerrainData_d3c37e8d-6092-48f4-b81e-93b97326e4d2.asset
  artifactKey: Guid(dbe8ee5abb1344a4e8a8b80348f13db8) Importer(2089858483,0ecaa5967403d082aa24f35e1b516d23)
Start importing Assets/Imported Assets/Polytope Studio/Lowpoly Medieval Demos/Environment_Free/Terrain/TerrainData_d3c37e8d-6092-48f4-b81e-93b97326e4d2.asset using Guid(dbe8ee5abb1344a4e8a8b80348f13db8) Importer(2089858483,0ecaa5967403d082aa24f35e1b516d23) Generated GUIDs only implemented for interfaces!
 -> (artifact id: '88f09c6565054e045ee61bf615d7c17a') in 0.033179 seconds
Number of updated asset objects reloaded before import = 0
Number of asset objects unloaded after import = 104
========================================================================
Received Import Request.
  Time since last request: 0.000021 seconds.
  path: Assets/Resources/Prefabs/Level_1/Floor2/Level1_2.prefab
  artifactKey: Guid(e7f8986a5ddc86c47b943d6621a68292) Importer(2089858483,0ecaa5967403d082aa24f35e1b516d23)
Start importing Assets/Resources/Prefabs/Level_1/Floor2/Level1_2.prefab using Guid(e7f8986a5ddc86c47b943d6621a68292) Importer(2089858483,0ecaa5967403d082aa24f35e1b516d23) Generated GUIDs only implemented for interfaces!
 -> (artifact id: '2bd707b620d3fc23d371f371367520fb') in 0.021455 seconds
Number of updated asset objects reloaded before import = 0
Number of asset objects unloaded after import = 752
========================================================================
Received Import Request.
  Time since last request: 0.000025 seconds.
  path: Assets/Imported Assets/Polytope Studio/Lowpoly Medieval Demos/Environment_Free/Terrain/TerrainData_984456c3-d32f-475f-a118-27bb19f92a65.asset
  artifactKey: Guid(abd9fc8a29ea3f549bf82c3d3b8c843f) Importer(2089858483,0ecaa5967403d082aa24f35e1b516d23)
Start importing Assets/Imported Assets/Polytope Studio/Lowpoly Medieval Demos/Environment_Free/Terrain/TerrainData_984456c3-d32f-475f-a118-27bb19f92a65.asset using Guid(abd9fc8a29ea3f549bf82c3d3b8c843f) Importer(2089858483,0ecaa5967403d082aa24f35e1b516d23) The tree PT_Pine_Tree_03_stump must use the Nature/Soft Occlusion shader. Otherwise billboarding/lighting will not work correctly.
UnityEngine.StackTraceUtility:ExtractStackTrace ()
UnityEditor.Search.AssetIndexer:IndexProperties (int&,string&,bool&)
UnityEditor.Search.AssetIndexer:IndexDocument (string,bool)
UnityEditor.Search.SearchIndexEntryImporter:OnImportAsset (UnityEditor.AssetImporters.AssetImportContext)
UnityEditor.AssetImporters.ScriptedImporter:GenerateAssetData (UnityEditor.AssetImporters.AssetImportContext)

[C:\build\output\unity\unity\Modules\Terrain\Public\TreeDatabase.cpp line 337]

The tree PT_Fruit_Tree_01_logs must use the Nature/Soft Occlusion shader. Otherwise billboarding/lighting will not work correctly.
UnityEngine.StackTraceUtility:ExtractStackTrace ()
UnityEditor.Search.AssetIndexer:IndexProperties (int&,string&,bool&)
UnityEditor.Search.AssetIndexer:IndexDocument (string,bool)
UnityEditor.Search.SearchIndexEntryImporter:OnImportAsset (UnityEditor.AssetImporters.AssetImportContext)
UnityEditor.AssetImporters.ScriptedImporter:GenerateAssetData (UnityEditor.AssetImporters.AssetImportContext)

[C:\build\output\unity\unity\Modules\Terrain\Public\TreeDatabase.cpp line 337]

Generated GUIDs only implemented for interfaces!
 -> (artifact id: '009652cb43ebf65fd7afff432e61724e') in 0.049827 seconds
Number of updated asset objects reloaded before import = 0
Number of asset objects unloaded after import = 271
========================================================================
Received Import Request.
  Time since last request: 0.000025 seconds.
  path: Assets/Resources/Models/Laika/LaikaAnimations/Laika_NewClothes_Boneless@Weight Shift.fbx
  artifactKey: Guid(d7ce12ab263ffcc4da150cd89e65cb35) Importer(2089858483,0ecaa5967403d082aa24f35e1b516d23)
Start importing Assets/Resources/Models/Laika/LaikaAnimations/Laika_NewClothes_Boneless@Weight Shift.fbx using Guid(d7ce12ab263ffcc4da150cd89e65cb35) Importer(2089858483,0ecaa5967403d082aa24f35e1b516d23) Generated GUIDs only implemented for interfaces!
 -> (artifact id: '208d845cddf3ac055ecf03d76ce714a7') in 0.037050 seconds
Number of updated asset objects reloaded before import = 0
Number of asset objects unloaded after import = 136
========================================================================
Received Import Request.
  Time since last request: 0.000024 seconds.
  path: Assets/Imported Assets/TextMesh Pro/Examples & Extras/Textures/Mask Zig-n-Zag.psd
  artifactKey: Guid(bb8dfcd263ad4eb383a33d74a720be6f) Importer(2089858483,0ecaa5967403d082aa24f35e1b516d23)
Start importing Assets/Imported Assets/TextMesh Pro/Examples & Extras/Textures/Mask Zig-n-Zag.psd using Guid(bb8dfcd263ad4eb383a33d74a720be6f) Importer(2089858483,0ecaa5967403d082aa24f35e1b516d23) Generated GUIDs only implemented for interfaces!
 -> (artifact id: '4c9d75a463e26565f6980369fdaa978b') in 0.038654 seconds
Number of updated asset objects reloaded before import = 0
Number of asset objects unloaded after import = 1
========================================================================
Received Import Request.
  Time since last request: 0.000020 seconds.
  path: Assets/Resources/Models/Lucas/LucasMaterials/N00_000_00_FaceEyeline_00_FACE (Instance).mat
  artifactKey: Guid(406df7e69c2bebb4bbe51ebb22dd6c8c) Importer(2089858483,0ecaa5967403d082aa24f35e1b516d23)
Start importing Assets/Resources/Models/Lucas/LucasMaterials/N00_000_00_FaceEyeline_00_FACE (Instance).mat using Guid(406df7e69c2bebb4bbe51ebb22dd6c8c) Importer(2089858483,0ecaa5967403d082aa24f35e1b516d23) Generated GUIDs only implemented for interfaces!
 -> (artifact id: 'c7d36d8d6b31a1796c53df65dd96a54f') in 0.021235 seconds
Number of updated asset objects reloaded before import = 0
Number of asset objects unloaded after import = 2
========================================================================
Received Import Request.
  Time since last request: 0.000023 seconds.
  path: Assets/Imported Assets/Sherbbs Particle Collection/Particles/Normal/BirthdayConfetti.prefab
  artifactKey: Guid(a56fa166c27c1b64a90204cdc43a72fd) Importer(2089858483,0ecaa5967403d082aa24f35e1b516d23)
Start importing Assets/Imported Assets/Sherbbs Particle Collection/Particles/Normal/BirthdayConfetti.prefab using Guid(a56fa166c27c1b64a90204cdc43a72fd) Importer(2089858483,0ecaa5967403d082aa24f35e1b516d23) Generated GUIDs only implemented for interfaces!
 -> (artifact id: '4c4d48042d936c9c286b3a67db7c7157') in 0.069648 seconds
Number of updated asset objects reloaded before import = 0
Number of asset objects unloaded after import = 6
========================================================================
Received Import Request.
  Time since last request: 0.000022 seconds.
  path: Assets/Imported Assets/L_FG_Assets_Pack_Lite/Perfabs/Statue/Statue02_a.prefab
  artifactKey: Guid(e80a90665c8b01142a7527f62c403773) Importer(2089858483,0ecaa5967403d082aa24f35e1b516d23)
Start importing Assets/Imported Assets/L_FG_Assets_Pack_Lite/Perfabs/Statue/Statue02_a.prefab using Guid(e80a90665c8b01142a7527f62c403773) Importer(2089858483,0ecaa5967403d082aa24f35e1b516d23) Generated GUIDs only implemented for interfaces!
 -> (artifact id: '7ebd5792192e3e0d27f1095e83fd18d0') in 0.020824 seconds
Number of updated asset objects reloaded before import = 0
Number of asset objects unloaded after import = 9
========================================================================
Received Import Request.
  Time since last request: 0.000016 seconds.
  path: Assets/Imported Assets/L_FG_Assets_Pack_Lite/Perfabs/Cemetery/Tomb04_g.prefab
  artifactKey: Guid(3ac5a6bc9fb37a14bbd546da542e0236) Importer(2089858483,0ecaa5967403d082aa24f35e1b516d23)
Start importing Assets/Imported Assets/L_FG_Assets_Pack_Lite/Perfabs/Cemetery/Tomb04_g.prefab using Guid(3ac5a6bc9fb37a14bbd546da542e0236) Importer(2089858483,0ecaa5967403d082aa24f35e1b516d23) Generated GUIDs only implemented for interfaces!
 -> (artifact id: '695441cbee7b3d694b42f84f7ba1cc64') in 0.016900 seconds
Number of updated asset objects reloaded before import = 0
Number of asset objects unloaded after import = 37
========================================================================
Received Import Request.
  Time since last request: 0.000020 seconds.
  path: Assets/Resources/Models/Rufio/Rufio Textures/_07.png
  artifactKey: Guid(dc05a406442a8624dbc9016395a84fcb) Importer(2089858483,0ecaa5967403d082aa24f35e1b516d23)
Start importing Assets/Resources/Models/Rufio/Rufio Textures/_07.png using Guid(dc05a406442a8624dbc9016395a84fcb) Importer(2089858483,0ecaa5967403d082aa24f35e1b516d23) Generated GUIDs only implemented for interfaces!
 -> (artifact id: '3d72a353c968857d201c3a8fc2ba4b75') in 0.038423 seconds
Number of updated asset objects reloaded before import = 0
Number of asset objects unloaded after import = 1
========================================================================
Received Import Request.
  Time since last request: 0.000032 seconds.
  path: Assets/Resources/Models/Rufio/RufioAnimations/Rufio_NoBones@Standing 1H Magic Attack 03.fbx
  artifactKey: Guid(a93e8feaebd240a4e885d4dbac90dfde) Importer(2089858483,0ecaa5967403d082aa24f35e1b516d23)
Start importing Assets/Resources/Models/Rufio/RufioAnimations/Rufio_NoBones@Standing 1H Magic Attack 03.fbx using Guid(a93e8feaebd240a4e885d4dbac90dfde) Importer(2089858483,0ecaa5967403d082aa24f35e1b516d23) Generated GUIDs only implemented for interfaces!
 -> (artifact id: '27ba3845cdb22b83ec07089bc5774c8c') in 0.047137 seconds
Number of updated asset objects reloaded before import = 0
Number of asset objects unloaded after import = 136
========================================================================
Received Import Request.
  Time since last request: 0.000018 seconds.
  path: Assets/Imported Assets/Polytope Studio/Lowpoly Medieval Environments/Prefabs/Trees/PT_Fruit_Tree_01_dead_cut.prefab
  artifactKey: Guid(d9ec8d9e687cf0648b90ca1157463338) Importer(2089858483,0ecaa5967403d082aa24f35e1b516d23)
Start importing Assets/Imported Assets/Polytope Studio/Lowpoly Medieval Environments/Prefabs/Trees/PT_Fruit_Tree_01_dead_cut.prefab using Guid(d9ec8d9e687cf0648b90ca1157463338) Importer(2089858483,0ecaa5967403d082aa24f35e1b516d23) Generated GUIDs only implemented for interfaces!
 -> (artifact id: '3a4780d03a6a38be34696dc33e15dd8d') in 0.020543 seconds
Number of updated asset objects reloaded before import = 0
Number of asset objects unloaded after import = 7
========================================================================
Received Import Request.
  Time since last request: 0.000017 seconds.
  path: Assets/Imported Assets/Polytope Studio/Lowpoly Medieval Environments/Sources/Materials/PT_Poppy_mat.mat
  artifactKey: Guid(67c85a5a0248e2a4a98e653c8e7eeb9e) Importer(2089858483,0ecaa5967403d082aa24f35e1b516d23)
Start importing Assets/Imported Assets/Polytope Studio/Lowpoly Medieval Environments/Sources/Materials/PT_Poppy_mat.mat using Guid(67c85a5a0248e2a4a98e653c8e7eeb9e) Importer(2089858483,0ecaa5967403d082aa24f35e1b516d23) Generated GUIDs only implemented for interfaces!
 -> (artifact id: 'c384824bdfd33584c24035478f2a8150') in 0.149182 seconds
Number of updated asset objects reloaded before import = 0
Number of asset objects unloaded after import = 2
========================================================================
Received Import Request.
  Time since last request: 0.000020 seconds.
  path: Assets/Imported Assets/Polytope Studio/Lowpoly Medieval Environments/Sources/Materials/PT_Pine_Tree_Leaves_Mat.mat
  artifactKey: Guid(823cb446423dd7747b7454d5cf133e75) Importer(2089858483,0ecaa5967403d082aa24f35e1b516d23)
Start importing Assets/Imported Assets/Polytope Studio/Lowpoly Medieval Environments/Sources/Materials/PT_Pine_Tree_Leaves_Mat.mat using Guid(823cb446423dd7747b7454d5cf133e75) Importer(2089858483,0ecaa5967403d082aa24f35e1b516d23) Generated GUIDs only implemented for interfaces!
 -> (artifact id: '5e478d9518c42d38b1bb3341ffee4d85') in 0.115990 seconds
Number of updated asset objects reloaded before import = 0
Number of asset objects unloaded after import = 2
========================================================================
Received Import Request.
  Time since last request: 0.000027 seconds.
  path: Assets/Imported Assets/TextMesh Pro/Examples & Extras/Textures/Fruit Jelly (B&W).jpg
  artifactKey: Guid(1cdc5b506b1a4a33a53c30669ced1f51) Importer(2089858483,0ecaa5967403d082aa24f35e1b516d23)
Start importing Assets/Imported Assets/TextMesh Pro/Examples & Extras/Textures/Fruit Jelly (B&W).jpg using Guid(1cdc5b506b1a4a33a53c30669ced1f51) Importer(2089858483,0ecaa5967403d082aa24f35e1b516d23) Generated GUIDs only implemented for interfaces!
 -> (artifact id: '823b680fa3510e0db813e27764fbdf79') in 0.036035 seconds
Number of updated asset objects reloaded before import = 0
Number of asset objects unloaded after import = 1
========================================================================
Received Import Request.
  Time since last request: 0.000020 seconds.
  path: Assets/Resources/Models/Lucas/LucasMaterials/N00_000_00_Body_00_SKIN (Instance).mat
  artifactKey: Guid(06837e7ddd360a44d8ece890d62add3b) Importer(2089858483,0ecaa5967403d082aa24f35e1b516d23)
Start importing Assets/Resources/Models/Lucas/LucasMaterials/N00_000_00_Body_00_SKIN (Instance).mat using Guid(06837e7ddd360a44d8ece890d62add3b) Importer(2089858483,0ecaa5967403d082aa24f35e1b516d23) Generated GUIDs only implemented for interfaces!
 -> (artifact id: 'f3956becd8d15e32e244c462409d8994') in 0.019905 seconds
Number of updated asset objects reloaded before import = 0
Number of asset objects unloaded after import = 2
========================================================================
Received Import Request.
  Time since last request: 0.000021 seconds.
  path: Assets/Imported Assets/TileableBricksWall/Materials/MyStuff/LongShort.mat
  artifactKey: Guid(d83431d4533da7f44b322b6d1b8361fd) Importer(2089858483,0ecaa5967403d082aa24f35e1b516d23)
Start importing Assets/Imported Assets/TileableBricksWall/Materials/MyStuff/LongShort.mat using Guid(d83431d4533da7f44b322b6d1b8361fd) Importer(2089858483,0ecaa5967403d082aa24f35e1b516d23) Generated GUIDs only implemented for interfaces!
 -> (artifact id: '6a7c44fed9248dc4e986b5cc921d1e8b') in 0.022977 seconds
Number of updated asset objects reloaded before import = 0
Number of asset objects unloaded after import = 4
========================================================================
Received Import Request.
  Time since last request: 0.000016 seconds.
  path: Assets/Resources/Models/Laika/LaikaMaterials/N00_000_00_EyeIris_00_EYE (Instance).mat
  artifactKey: Guid(6bba19640461b274d8135172e2ccfe7a) Importer(2089858483,0ecaa5967403d082aa24f35e1b516d23)
Start importing Assets/Resources/Models/Laika/LaikaMaterials/N00_000_00_EyeIris_00_EYE (Instance).mat using Guid(6bba19640461b274d8135172e2ccfe7a) Importer(2089858483,0ecaa5967403d082aa24f35e1b516d23) Generated GUIDs only implemented for interfaces!
 -> (artifact id: '71274680bbf17f2f7a6bb5e3f314963a') in 0.021592 seconds
Number of updated asset objects reloaded before import = 0
Number of asset objects unloaded after import = 2
========================================================================
Received Import Request.
  Time since last request: 0.000015 seconds.
  path: Assets/Imported Assets/Sherbbs Particle Collection/Particles/Atmosphere/Rain (Collision).prefab
  artifactKey: Guid(8407edd9f34fd6a458da5ab5802b803c) Importer(2089858483,0ecaa5967403d082aa24f35e1b516d23)
Start importing Assets/Imported Assets/Sherbbs Particle Collection/Particles/Atmosphere/Rain (Collision).prefab using Guid(8407edd9f34fd6a458da5ab5802b803c) Importer(2089858483,0ecaa5967403d082aa24f35e1b516d23) Generated GUIDs only implemented for interfaces!
 -> (artifact id: '12fd330888d6df353a7ad8f7f182f4b0') in 0.075517 seconds
Number of updated asset objects reloaded before import = 0
Number of asset objects unloaded after import = 10
========================================================================
Received Import Request.
  Time since last request: 0.000021 seconds.
  path: Assets/Imported Assets/Polytope Studio/Lowpoly Medieval Environments/Sources/Textures/PT_Grass_03.png
  artifactKey: Guid(44ec7a3e14f0b854d8926cad83222db5) Importer(2089858483,0ecaa5967403d082aa24f35e1b516d23)
Start importing Assets/Imported Assets/Polytope Studio/Lowpoly Medieval Environments/Sources/Textures/PT_Grass_03.png using Guid(44ec7a3e14f0b854d8926cad83222db5) Importer(2089858483,0ecaa5967403d082aa24f35e1b516d23) Generated GUIDs only implemented for interfaces!
 -> (artifact id: '3aedf5998a84c768cb0eb5e71a6274fb') in 0.033142 seconds
Number of updated asset objects reloaded before import = 0
Number of asset objects unloaded after import = 1
========================================================================
Received Import Request.
  Time since last request: 0.000033 seconds.
  path: Assets/Imported Assets/Polytope Studio/Lowpoly Medieval Village/Sources/Materials/PT_Medieval_mat.mat
  artifactKey: Guid(56532089e45dbc1479865e115cc8c637) Importer(2089858483,0ecaa5967403d082aa24f35e1b516d23)
Start importing Assets/Imported Assets/Polytope Studio/Lowpoly Medieval Village/Sources/Materials/PT_Medieval_mat.mat using Guid(56532089e45dbc1479865e115cc8c637) Importer(2089858483,0ecaa5967403d082aa24f35e1b516d23) Generated GUIDs only implemented for interfaces!
 -> (artifact id: 'ca6331e46df4d2ef7cf63a0963a91f5e') in 0.019266 seconds
Number of updated asset objects reloaded before import = 0
Number of asset objects unloaded after import = 2
========================================================================
Received Import Request.
  Time since last request: 0.000016 seconds.
  path: Assets/Imported Assets/Polytope Studio/Lowpoly Medieval Village/Sources/Meshes/PT_Medieval_Village_Fence_01.fbx
  artifactKey: Guid(ed920bad5318ee347ad3e34dd82e273f) Importer(2089858483,0ecaa5967403d082aa24f35e1b516d23)
Start importing Assets/Imported Assets/Polytope Studio/Lowpoly Medieval Village/Sources/Meshes/PT_Medieval_Village_Fence_01.fbx using Guid(ed920bad5318ee347ad3e34dd82e273f) Importer(2089858483,0ecaa5967403d082aa24f35e1b516d23) Generated GUIDs only implemented for interfaces!
 -> (artifact id: '59b0061f9b2041f05883e8a1f6e11f7d') in 0.032398 seconds
Number of updated asset objects reloaded before import = 0
Number of asset objects unloaded after import = 8
========================================================================
Received Import Request.
  Time since last request: 0.000032 seconds.
  path: Assets/Imported Assets/TextMesh Pro/Examples & Extras/Scripts/VertexZoom.cs
  artifactKey: Guid(52ec835d14bd486f900952b77698b7eb) Importer(2089858483,0ecaa5967403d082aa24f35e1b516d23)
Start importing Assets/Imported Assets/TextMesh Pro/Examples & Extras/Scripts/VertexZoom.cs using Guid(52ec835d14bd486f900952b77698b7eb) Importer(2089858483,0ecaa5967403d082aa24f35e1b516d23) Generated GUIDs only implemented for interfaces!
 -> (artifact id: 'b7947fb28c6e0be29a7b85281ac2d0e2') in 0.014326 seconds
Number of updated asset objects reloaded before import = 0
Number of asset objects unloaded after import = 1
========================================================================
Received Import Request.
  Time since last request: 0.000056 seconds.
  path: Assets/Resources/Models/Lucas/LucasTextures/Image_0.png
  artifactKey: Guid(6bfc2bb2aee25e74e82cd9612e9e2fbf) Importer(2089858483,0ecaa5967403d082aa24f35e1b516d23)
Start importing Assets/Resources/Models/Lucas/LucasTextures/Image_0.png using Guid(6bfc2bb2aee25e74e82cd9612e9e2fbf) Importer(2089858483,0ecaa5967403d082aa24f35e1b516d23) Generated GUIDs only implemented for interfaces!
 -> (artifact id: '70d5beccb39a7739b356b76bd08b36b3') in 0.034145 seconds
Number of updated asset objects reloaded before import = 0
Number of asset objects unloaded after import = 1
========================================================================
Received Import Request.
  Time since last request: 0.000034 seconds.
  path: Assets/Resources/Models/Lucas/LucasTextures/Image_20.png
  artifactKey: Guid(4165174944ebcb549a4cb3660b5a49b0) Importer(2089858483,0ecaa5967403d082aa24f35e1b516d23)
Start importing Assets/Resources/Models/Lucas/LucasTextures/Image_20.png using Guid(4165174944ebcb549a4cb3660b5a49b0) Importer(2089858483,0ecaa5967403d082aa24f35e1b516d23) Generated GUIDs only implemented for interfaces!
 -> (artifact id: 'dd6a2b3dee56ba4fd659a9f2b3388bb4') in 0.037359 seconds
Number of updated asset objects reloaded before import = 0
Number of asset objects unloaded after import = 1
========================================================================
Received Import Request.
  Time since last request: 0.000022 seconds.
  path: Assets/Imported Assets/TextMesh Pro/Examples & Extras/Scripts/Benchmark04.cs
  artifactKey: Guid(dc20866c0d5e413ab7559440e15333ae) Importer(2089858483,0ecaa5967403d082aa24f35e1b516d23)
Start importing Assets/Imported Assets/TextMesh Pro/Examples & Extras/Scripts/Benchmark04.cs using Guid(dc20866c0d5e413ab7559440e15333ae) Importer(2089858483,0ecaa5967403d082aa24f35e1b516d23) Generated GUIDs only implemented for interfaces!
 -> (artifact id: 'e23331ad3d4ed8d1e81b424ba188d340') in 0.015167 seconds
Number of updated asset objects reloaded before import = 0
Number of asset objects unloaded after import = 1
========================================================================
Received Import Request.
  Time since last request: 0.000016 seconds.
  path: Assets/Resources/Models/Rufio/RufioMaterials/N00_000_00_FaceMouth_00_FACE (Instance).mat
  artifactKey: Guid(ebb86ce724472f74f91bf294a4717f01) Importer(2089858483,0ecaa5967403d082aa24f35e1b516d23)
Start importing Assets/Resources/Models/Rufio/RufioMaterials/N00_000_00_FaceMouth_00_FACE (Instance).mat using Guid(ebb86ce724472f74f91bf294a4717f01) Importer(2089858483,0ecaa5967403d082aa24f35e1b516d23) Generated GUIDs only implemented for interfaces!
 -> (artifact id: '4ba553395569d35375f1d03a7eec1aec') in 0.018075 seconds
Number of updated asset objects reloaded before import = 0
Number of asset objects unloaded after import = 2
========================================================================
Received Import Request.
  Time since last request: 0.000024 seconds.
  path: Assets/Imported Assets/TextMesh Pro/Examples & Extras/Fonts/Electronic Highway Sign.TTF
  artifactKey: Guid(8a2b9e2a607dd2143b58c44bc32410b4) Importer(2089858483,0ecaa5967403d082aa24f35e1b516d23)
Start importing Assets/Imported Assets/TextMesh Pro/Examples & Extras/Fonts/Electronic Highway Sign.TTF using Guid(8a2b9e2a607dd2143b58c44bc32410b4) Importer(2089858483,0ecaa5967403d082aa24f35e1b516d23) Generated GUIDs only implemented for interfaces!
 -> (artifact id: '2a1d0403ccaf389a5e3aa44077dc7e2a') in 0.025974 seconds
Number of updated asset objects reloaded before import = 0
Number of asset objects unloaded after import = 3
========================================================================
Received Import Request.
  Time since last request: 0.000032 seconds.
  path: Assets/Imported Assets/TextMesh Pro/Examples & Extras/Scripts/TMP_TextSelector_B.cs
  artifactKey: Guid(a05dcd8be7ec4ccbb35c26219884aa37) Importer(2089858483,0ecaa5967403d082aa24f35e1b516d23)
Start importing Assets/Imported Assets/TextMesh Pro/Examples & Extras/Scripts/TMP_TextSelector_B.cs using Guid(a05dcd8be7ec4ccbb35c26219884aa37) Importer(2089858483,0ecaa5967403d082aa24f35e1b516d23) Generated GUIDs only implemented for interfaces!
 -> (artifact id: 'c8237c760fcb92673b307fc5fce2d183') in 0.017353 seconds
Number of updated asset objects reloaded before import = 0
Number of asset objects unloaded after import = 1
========================================================================
Received Import Request.
  Time since last request: 0.000017 seconds.
  path: Assets/Imported Assets/Polytope Studio/Lowpoly Medieval Environments/Sources/Materials/PT_Generic_Leaf_mat.mat
  artifactKey: Guid(aac20e0005fef5248bc0774a19a05e87) Importer(2089858483,0ecaa5967403d082aa24f35e1b516d23)
Start importing Assets/Imported Assets/Polytope Studio/Lowpoly Medieval Environments/Sources/Materials/PT_Generic_Leaf_mat.mat using Guid(aac20e0005fef5248bc0774a19a05e87) Importer(2089858483,0ecaa5967403d082aa24f35e1b516d23) Generated GUIDs only implemented for interfaces!
 -> (artifact id: '1fbf318d10c0e5c0459c521de12ce91c') in 0.096362 seconds
Number of updated asset objects reloaded before import = 0
Number of asset objects unloaded after import = 1
========================================================================
Received Import Request.
  Time since last request: 0.000015 seconds.
  path: Assets/Imported Assets/low poly pack/Particle/Flaer/Materials/New Cubemap.mat
  artifactKey: Guid(841ae8e8bd4dc574b9c76bc7a00d18f4) Importer(2089858483,0ecaa5967403d082aa24f35e1b516d23)
Start importing Assets/Imported Assets/low poly pack/Particle/Flaer/Materials/New Cubemap.mat using Guid(841ae8e8bd4dc574b9c76bc7a00d18f4) Importer(2089858483,0ecaa5967403d082aa24f35e1b516d23) Generated GUIDs only implemented for interfaces!
 -> (artifact id: '1066928ab5c190c52854c66a0bd73ac1') in 0.017629 seconds
Number of updated asset objects reloaded before import = 0
Number of asset objects unloaded after import = 1
========================================================================
Received Import Request.
  Time since last request: 0.000020 seconds.
  path: Assets/Imported Assets/TextMesh Pro/Examples & Extras/Scripts/SimpleScript.cs
  artifactKey: Guid(9eff140b25d64601aabc6ba32245d099) Importer(2089858483,0ecaa5967403d082aa24f35e1b516d23)
Start importing Assets/Imported Assets/TextMesh Pro/Examples & Extras/Scripts/SimpleScript.cs using Guid(9eff140b25d64601aabc6ba32245d099) Importer(2089858483,0ecaa5967403d082aa24f35e1b516d23) Generated GUIDs only implemented for interfaces!
 -> (artifact id: '2ff082ef6dc82c188d31b94971d1512d') in 0.016209 seconds
Number of updated asset objects reloaded before import = 0
Number of asset objects unloaded after import = 1
========================================================================
Received Import Request.
  Time since last request: 0.000018 seconds.
  path: Assets/Imported Assets/TextMesh Pro/Examples & Extras/Resources/Color Gradient Presets/Blue to Purple - Vertical.asset
  artifactKey: Guid(479a66fa4b094512a62b0a8e553ad95a) Importer(2089858483,0ecaa5967403d082aa24f35e1b516d23)
Start importing Assets/Imported Assets/TextMesh Pro/Examples & Extras/Resources/Color Gradient Presets/Blue to Purple - Vertical.asset using Guid(479a66fa4b094512a62b0a8e553ad95a) Importer(2089858483,0ecaa5967403d082aa24f35e1b516d23) Generated GUIDs only implemented for interfaces!
 -> (artifact id: 'b3ce9702559d22e7b150679283c06d3a') in 0.018344 seconds
Number of updated asset objects reloaded before import = 0
Number of asset objects unloaded after import = 1
========================================================================
Received Import Request.
  Time since last request: 0.000020 seconds.
  path: Assets/Imported Assets/Polytope Studio/Lowpoly Medieval Environments/Sources/Meshes/Shrubs/PT_Generic_Shrub_01_dead.fbx
  artifactKey: Guid(0101712be5ca1c7449afe15d548c8817) Importer(2089858483,0ecaa5967403d082aa24f35e1b516d23)
Start importing Assets/Imported Assets/Polytope Studio/Lowpoly Medieval Environments/Sources/Meshes/Shrubs/PT_Generic_Shrub_01_dead.fbx using Guid(0101712be5ca1c7449afe15d548c8817) Importer(2089858483,0ecaa5967403d082aa24f35e1b516d23) Generated GUIDs only implemented for interfaces!
 -> (artifact id: '2f8e2cb89cc3ecd762f397af7da0dc93') in 0.031646 seconds
Number of updated asset objects reloaded before import = 0
Number of asset objects unloaded after import = 20
========================================================================
Received Import Request.
  Time since last request: 0.000026 seconds.
  path: Assets/Imported Assets/Polytope Studio/Lowpoly Medieval Environments/Sources/Meshes/Rocks/PT_Generic_Rock_01.fbx
  artifactKey: Guid(f226223b3a11d2d4b980aaa520301583) Importer(2089858483,0ecaa5967403d082aa24f35e1b516d23)
Start importing Assets/Imported Assets/Polytope Studio/Lowpoly Medieval Environments/Sources/Meshes/Rocks/PT_Generic_Rock_01.fbx using Guid(f226223b3a11d2d4b980aaa520301583) Importer(2089858483,0ecaa5967403d082aa24f35e1b516d23) Generated GUIDs only implemented for interfaces!
 -> (artifact id: 'f847c8c06b1b896797d29397f0478f0f') in 0.030742 seconds
Number of updated asset objects reloaded before import = 0
Number of asset objects unloaded after import = 20
========================================================================
Received Import Request.
  Time since last request: 0.000017 seconds.
  path: Assets/Imported Assets/TextMesh Pro/Examples & Extras/Resources/Fonts & Materials/Anton SDF.asset
  artifactKey: Guid(8a89fa14b10d46a99122fd4f73fca9a2) Importer(2089858483,0ecaa5967403d082aa24f35e1b516d23)
Start importing Assets/Imported Assets/TextMesh Pro/Examples & Extras/Resources/Fonts & Materials/Anton SDF.asset using Guid(8a89fa14b10d46a99122fd4f73fca9a2) Importer(2089858483,0ecaa5967403d082aa24f35e1b516d23) Generated GUIDs only implemented for interfaces!
 -> (artifact id: 'efa36d6511bda0da67487ed175b47abc') in 0.046829 seconds
Number of updated asset objects reloaded before import = 0
Number of asset objects unloaded after import = 5
========================================================================
Received Import Request.
  Time since last request: 0.000017 seconds.
  path: Assets/Imported Assets/TextMesh Pro/Examples & Extras/Resources/Fonts & Materials/Bangers SDF - Drop Shadow.mat
  artifactKey: Guid(f2dcf029949142e28b974630369c8b4e) Importer(2089858483,0ecaa5967403d082aa24f35e1b516d23)
Start importing Assets/Imported Assets/TextMesh Pro/Examples & Extras/Resources/Fonts & Materials/Bangers SDF - Drop Shadow.mat using Guid(f2dcf029949142e28b974630369c8b4e) Importer(2089858483,0ecaa5967403d082aa24f35e1b516d23) Generated GUIDs only implemented for interfaces!
 -> (artifact id: '978ea9e44a4ce218c46d355ace255c79') in 0.031440 seconds
Number of updated asset objects reloaded before import = 0
Number of asset objects unloaded after import = 2
========================================================================
Received Import Request.
  Time since last request: 0.000023 seconds.
  path: Assets/Imported Assets/FantasyMonster/Skeleton/Ani/Materials/skeleton_D.mat
  artifactKey: Guid(b1494958bf9856a479bec1767c02878e) Importer(2089858483,0ecaa5967403d082aa24f35e1b516d23)
Start importing Assets/Imported Assets/FantasyMonster/Skeleton/Ani/Materials/skeleton_D.mat using Guid(b1494958bf9856a479bec1767c02878e) Importer(2089858483,0ecaa5967403d082aa24f35e1b516d23) Generated GUIDs only implemented for interfaces!
 -> (artifact id: '8ecd98ea1cdb267ea0fdfe01d24d22ab') in 0.037864 seconds
Number of updated asset objects reloaded before import = 0
Number of asset objects unloaded after import = 2
========================================================================
Received Import Request.
  Time since last request: 0.000016 seconds.
  path: Assets/Imported Assets/Sherbbs Particle Collection/Particles/Normal/EtherealHit 2.prefab
  artifactKey: Guid(bdafa105848a31d4b8915a64b96d5c98) Importer(2089858483,0ecaa5967403d082aa24f35e1b516d23)
Start importing Assets/Imported Assets/Sherbbs Particle Collection/Particles/Normal/EtherealHit 2.prefab using Guid(bdafa105848a31d4b8915a64b96d5c98) Importer(2089858483,0ecaa5967403d082aa24f35e1b516d23) Generated GUIDs only implemented for interfaces!
 -> (artifact id: '7242bb0740bcf42a13fa1ef2c21e90ac') in 0.070078 seconds
Number of updated asset objects reloaded before import = 0
Number of asset objects unloaded after import = 18
========================================================================
Received Import Request.
  Time since last request: 0.000092 seconds.
  path: Assets/Imported Assets/L_FG_Assets_Pack_Lite/Perfabs/Cemetery/Tomb04_f.prefab
  artifactKey: Guid(d37eae32286eadd44abb5f8a92dc59bc) Importer(2089858483,0ecaa5967403d082aa24f35e1b516d23)
Start importing Assets/Imported Assets/L_FG_Assets_Pack_Lite/Perfabs/Cemetery/Tomb04_f.prefab using Guid(d37eae32286eadd44abb5f8a92dc59bc) Importer(2089858483,0ecaa5967403d082aa24f35e1b516d23) Generated GUIDs only implemented for interfaces!
 -> (artifact id: '742ae94136778c040c2a6ed961aa45ab') in 0.017750 seconds
Number of updated asset objects reloaded before import = 0
Number of asset objects unloaded after import = 18
========================================================================
Received Import Request.
  Time since last request: 0.000025 seconds.
  path: Assets/Imported Assets/L_FG_Assets_Pack_Lite/Perfabs/Plant/Plant02_b.prefab
  artifactKey: Guid(a3170992a56741a4cb89c578e22597bf) Importer(2089858483,0ecaa5967403d082aa24f35e1b516d23)
Start importing Assets/Imported Assets/L_FG_Assets_Pack_Lite/Perfabs/Plant/Plant02_b.prefab using Guid(a3170992a56741a4cb89c578e22597bf) Importer(2089858483,0ecaa5967403d082aa24f35e1b516d23) Generated GUIDs only implemented for interfaces!
 -> (artifact id: 'bbd53a221a408108f48302af7b7310ec') in 0.032411 seconds
Number of updated asset objects reloaded before import = 0
Number of asset objects unloaded after import = 9
========================================================================
Received Import Request.
  Time since last request: 0.000017 seconds.
  path: Assets/Imported Assets/TextMesh Pro/Examples & Extras/Scenes/18 - ScrollRect & Masking & Layout.unity
  artifactKey: Guid(03f9d74cec8e4b94a29d2dfd177c821b) Importer(2089858483,0ecaa5967403d082aa24f35e1b516d23)
Start importing Assets/Imported Assets/TextMesh Pro/Examples & Extras/Scenes/18 - ScrollRect & Masking & Layout.unity using Guid(03f9d74cec8e4b94a29d2dfd177c821b) Importer(2089858483,0ecaa5967403d082aa24f35e1b516d23) Generated GUIDs only implemented for interfaces!
 -> (artifact id: '48e5d87578012d2d637ac0965fc3b23a') in 0.014809 seconds
Number of updated asset objects reloaded before import = 0
Number of asset objects unloaded after import = 1
========================================================================
Received Import Request.
  Time since last request: 0.000021 seconds.
  path: Assets/Imported Assets/Polytope Studio/Lowpoly Medieval Village/Prefabs/PT_Medieval_Village_Fence_02.prefab
  artifactKey: Guid(0f3413d69b4e3a048869018aed66e3d2) Importer(2089858483,0ecaa5967403d082aa24f35e1b516d23)
Start importing Assets/Imported Assets/Polytope Studio/Lowpoly Medieval Village/Prefabs/PT_Medieval_Village_Fence_02.prefab using Guid(0f3413d69b4e3a048869018aed66e3d2) Importer(2089858483,0ecaa5967403d082aa24f35e1b516d23) Generated GUIDs only implemented for interfaces!
 -> (artifact id: 'b3a0bb26ac11d2dbd14a4d9731d998e9') in 0.021478 seconds
Number of updated asset objects reloaded before import = 0
Number of asset objects unloaded after import = 8
========================================================================
Received Import Request.
  Time since last request: 0.000019 seconds.
  path: Assets/Imported Assets/TextMesh Pro/Examples & Extras/Scenes/25 - Sunny Days Example.unity
  artifactKey: Guid(f9b4c22e15cff344ba9fc6542a58dd07) Importer(2089858483,0ecaa5967403d082aa24f35e1b516d23)
Start importing Assets/Imported Assets/TextMesh Pro/Examples & Extras/Scenes/25 - Sunny Days Example.unity using Guid(f9b4c22e15cff344ba9fc6542a58dd07) Importer(2089858483,0ecaa5967403d082aa24f35e1b516d23) Generated GUIDs only implemented for interfaces!
 -> (artifact id: '90f8a7e43637b1ed4cd5241ad5b6d42e') in 0.014419 seconds
Number of updated asset objects reloaded before import = 0
Number of asset objects unloaded after import = 1
========================================================================
Received Import Request.
  Time since last request: 0.000084 seconds.
  path: Assets/Imported Assets/TextMesh Pro/Resources/Style Sheets/Default Style Sheet.asset
  artifactKey: Guid(f952c082cb03451daed3ee968ac6c63e) Importer(2089858483,0ecaa5967403d082aa24f35e1b516d23)
Start importing Assets/Imported Assets/TextMesh Pro/Resources/Style Sheets/Default Style Sheet.asset using Guid(f952c082cb03451daed3ee968ac6c63e) Importer(2089858483,0ecaa5967403d082aa24f35e1b516d23) Generated GUIDs only implemented for interfaces!
 -> (artifact id: '829d784218dba05d5b6f1fc1572d3f1a') in 0.015142 seconds
Number of updated asset objects reloaded before import = 0
Number of asset objects unloaded after import = 1
========================================================================
Received Import Request.
  Time since last request: 0.000017 seconds.
  path: Assets/Imported Assets/TextMesh Pro/Resources/Fonts & Materials/LiberationSans SDF.asset
  artifactKey: Guid(8f586378b4e144a9851e7b34d9b748ee) Importer(2089858483,0ecaa5967403d082aa24f35e1b516d23)
Start importing Assets/Imported Assets/TextMesh Pro/Resources/Fonts & Materials/LiberationSans SDF.asset using Guid(8f586378b4e144a9851e7b34d9b748ee) Importer(2089858483,0ecaa5967403d082aa24f35e1b516d23) Generated GUIDs only implemented for interfaces!
 -> (artifact id: '5fbcdc3988317614d53e7f5217060ff9') in 0.056180 seconds
Number of updated asset objects reloaded before import = 0
Number of asset objects unloaded after import = 8
========================================================================
Received Import Request.
  Time since last request: 0.000018 seconds.
  path: Assets/Imported Assets/Polytope Studio/Lowpoly Medieval Environments/Sources/Meshes/Trees/PT_Fruit_Tree_01_stump.fbx
  artifactKey: Guid(f42a2ed0c78e45643bba339ed33235d4) Importer(2089858483,0ecaa5967403d082aa24f35e1b516d23)
Start importing Assets/Imported Assets/Polytope Studio/Lowpoly Medieval Environments/Sources/Meshes/Trees/PT_Fruit_Tree_01_stump.fbx using Guid(f42a2ed0c78e45643bba339ed33235d4) Importer(2089858483,0ecaa5967403d082aa24f35e1b516d23) Generated GUIDs only implemented for interfaces!
 -> (artifact id: '7c85798388b71e0c0c34a6e0ed7b2a18') in 0.026731 seconds
Number of updated asset objects reloaded before import = 0
Number of asset objects unloaded after import = 7
========================================================================
Received Import Request.
  Time since last request: 0.000023 seconds.
  path: Assets/Imported Assets/Polytope Studio/Lowpoly Medieval Environments/Sources/Meshes/Trees/PT_Fruit_Tree_01_apples.fbx
  artifactKey: Guid(fb0559a36ae9650449b6e3c26d5076a5) Importer(2089858483,0ecaa5967403d082aa24f35e1b516d23)
Start importing Assets/Imported Assets/Polytope Studio/Lowpoly Medieval Environments/Sources/Meshes/Trees/PT_Fruit_Tree_01_apples.fbx using Guid(fb0559a36ae9650449b6e3c26d5076a5) Importer(2089858483,0ecaa5967403d082aa24f35e1b516d23) Generated GUIDs only implemented for interfaces!
 -> (artifact id: '2c1e4e5d7a88d0923a7abf38a00b9884') in 0.037019 seconds
Number of updated asset objects reloaded before import = 0
Number of asset objects unloaded after import = 20
========================================================================
Received Import Request.
  Time since last request: 0.000029 seconds.
  path: Assets/Imported Assets/Polytope Studio/Lowpoly Medieval Environments/Sources/Meshes/Trees/PT_Fruit_Tree_01_plums.fbx
  artifactKey: Guid(0ef9f3b550a8ffd40ab0be1ae6034fe1) Importer(2089858483,0ecaa5967403d082aa24f35e1b516d23)
Start importing Assets/Imported Assets/Polytope Studio/Lowpoly Medieval Environments/Sources/Meshes/Trees/PT_Fruit_Tree_01_plums.fbx using Guid(0ef9f3b550a8ffd40ab0be1ae6034fe1) Importer(2089858483,0ecaa5967403d082aa24f35e1b516d23) Generated GUIDs only implemented for interfaces!
 -> (artifact id: '2b9bda136263443a71b1c66754eaf7ee') in 0.034219 seconds
Number of updated asset objects reloaded before import = 0
Number of asset objects unloaded after import = 20
========================================================================
Received Import Request.
  Time since last request: 0.000017 seconds.
  path: Assets/Imported Assets/Polytope Studio/Lowpoly Medieval Environments/Prefabs/Flowers/PT_Poppy_02.prefab
  artifactKey: Guid(2b66385ecc3e6b34e82ee78058e90aea) Importer(2089858483,0ecaa5967403d082aa24f35e1b516d23)
Start importing Assets/Imported Assets/Polytope Studio/Lowpoly Medieval Environments/Prefabs/Flowers/PT_Poppy_02.prefab using Guid(2b66385ecc3e6b34e82ee78058e90aea) Importer(2089858483,0ecaa5967403d082aa24f35e1b516d23) Generated GUIDs only implemented for interfaces!
 -> (artifact id: '6249c064fabac3cc086c9ff93d7f2e9d') in 0.019030 seconds
Number of updated asset objects reloaded before import = 0
Number of asset objects unloaded after import = 20
========================================================================
Received Import Request.
  Time since last request: 0.000021 seconds.
  path: Assets/Imported Assets/TextMesh Pro/Examples & Extras/Resources/Fonts & Materials/LiberationSans SDF - Soft Mask.mat
  artifactKey: Guid(42df1c7856584b6b8db9a509b6b10074) Importer(2089858483,0ecaa5967403d082aa24f35e1b516d23)
Start importing Assets/Imported Assets/TextMesh Pro/Examples & Extras/Resources/Fonts & Materials/LiberationSans SDF - Soft Mask.mat using Guid(42df1c7856584b6b8db9a509b6b10074) Importer(2089858483,0ecaa5967403d082aa24f35e1b516d23) Generated GUIDs only implemented for interfaces!
 -> (artifact id: 'ab0375c929f9dad3ce391560bb47e883') in 0.027540 seconds
Number of updated asset objects reloaded before import = 0
Number of asset objects unloaded after import = 3
========================================================================
Received Import Request.
  Time since last request: 0.000017 seconds.
  path: Assets/Resources/Models/Laika/LaikaAnimations/Laika_NewClothes_Boneless@Superhuman Choke Lift.fbx
  artifactKey: Guid(84c2940837d159749b0d604ac5082009) Importer(2089858483,0ecaa5967403d082aa24f35e1b516d23)
Start importing Assets/Resources/Models/Laika/LaikaAnimations/Laika_NewClothes_Boneless@Superhuman Choke Lift.fbx using Guid(84c2940837d159749b0d604ac5082009) Importer(2089858483,0ecaa5967403d082aa24f35e1b516d23) Generated GUIDs only implemented for interfaces!
 -> (artifact id: 'bacc4c93131fdc4e4599865e33c6639d') in 0.039427 seconds
Number of updated asset objects reloaded before import = 0
Number of asset objects unloaded after import = 136
========================================================================
Received Import Request.
  Time since last request: 0.000018 seconds.
  path: Assets/Imported Assets/Polytope Studio/Lowpoly Medieval Environments/Sources/Shaders/PT_Vegetation_Foliage_Shader_VS.shader
  artifactKey: Guid(5f1a71d7bb3221f4885984574896fc3f) Importer(2089858483,0ecaa5967403d082aa24f35e1b516d23)
Start importing Assets/Imported Assets/Polytope Studio/Lowpoly Medieval Environments/Sources/Shaders/PT_Vegetation_Foliage_Shader_VS.shader using Guid(5f1a71d7bb3221f4885984574896fc3f) Importer(2089858483,0ecaa5967403d082aa24f35e1b516d23) Generated GUIDs only implemented for interfaces!
 -> (artifact id: '6ea874157a76238a2285b6bcb31d6c3a') in 0.024384 seconds
Number of updated asset objects reloaded before import = 0
Number of asset objects unloaded after import = 1
========================================================================
Received Import Request.
  Time since last request: 0.000024 seconds.
  path: Assets/Imported Assets/L_FG_Assets_Pack_Lite/Perfabs/Cemetery/Tomb04_c.prefab
  artifactKey: Guid(5f7ea6eb3952f8e468af637f283f6168) Importer(2089858483,0ecaa5967403d082aa24f35e1b516d23)
Start importing Assets/Imported Assets/L_FG_Assets_Pack_Lite/Perfabs/Cemetery/Tomb04_c.prefab using Guid(5f7ea6eb3952f8e468af637f283f6168) Importer(2089858483,0ecaa5967403d082aa24f35e1b516d23) Generated GUIDs only implemented for interfaces!
 -> (artifact id: '58177bdc6809519988276658072b4560') in 0.021033 seconds
Number of updated asset objects reloaded before import = 0
Number of asset objects unloaded after import = 9
========================================================================
Received Import Request.
  Time since last request: 0.000020 seconds.
  path: Assets/Resources/Models/Rufio/RufioMaterials/N00_000_Hair_00_HAIR (Instance).mat
  artifactKey: Guid(92f9a7b9a9e3cb54484deb385b3db791) Importer(2089858483,0ecaa5967403d082aa24f35e1b516d23)
Start importing Assets/Resources/Models/Rufio/RufioMaterials/N00_000_Hair_00_HAIR (Instance).mat using Guid(92f9a7b9a9e3cb54484deb385b3db791) Importer(2089858483,0ecaa5967403d082aa24f35e1b516d23) Generated GUIDs only implemented for interfaces!
 -> (artifact id: 'e891d6e7c2e96713c5ba06816b92ebb2') in 0.020542 seconds
Number of updated asset objects reloaded before import = 0
Number of asset objects unloaded after import = 2
========================================================================
Received Import Request.
  Time since last request: 0.000029 seconds.
  path: Assets/Imported Assets/L_FG_Assets_Pack_Lite/Perfabs/Rock/Rock01.prefab
  artifactKey: Guid(9bfa0c2985bcdca469da2285e0a27429) Importer(2089858483,0ecaa5967403d082aa24f35e1b516d23)
Start importing Assets/Imported Assets/L_FG_Assets_Pack_Lite/Perfabs/Rock/Rock01.prefab using Guid(9bfa0c2985bcdca469da2285e0a27429) Importer(2089858483,0ecaa5967403d082aa24f35e1b516d23) Generated GUIDs only implemented for interfaces!
 -> (artifact id: 'c044ee6c34282c8ded5e3e9e5c375c4f') in 0.017853 seconds
Number of updated asset objects reloaded before import = 0
Number of asset objects unloaded after import = 7
========================================================================
Received Import Request.
  Time since last request: 0.000017 seconds.
  path: Assets/Imported Assets/Polytope Studio/Lowpoly Medieval Environments/Sources/Meshes/Flowers/PT_Poppy_02.fbx
  artifactKey: Guid(5c7de3ea78afce6468d2ebe76dd0bf6d) Importer(2089858483,0ecaa5967403d082aa24f35e1b516d23)
Start importing Assets/Imported Assets/Polytope Studio/Lowpoly Medieval Environments/Sources/Meshes/Flowers/PT_Poppy_02.fbx using Guid(5c7de3ea78afce6468d2ebe76dd0bf6d) Importer(2089858483,0ecaa5967403d082aa24f35e1b516d23) Generated GUIDs only implemented for interfaces!
 -> (artifact id: 'a8d7cc69fd8466b7f22a9aad54186e3e') in 0.032809 seconds
Number of updated asset objects reloaded before import = 0
Number of asset objects unloaded after import = 20
========================================================================
Received Import Request.
  Time since last request: 0.000025 seconds.
  path: Assets/Imported Assets/TextMesh Pro/Examples & Extras/Resources/Fonts & Materials/Roboto-Bold SDF - Drop Shadow.mat
  artifactKey: Guid(b246c4190f4e46ec9352fe15a7b09ce0) Importer(2089858483,0ecaa5967403d082aa24f35e1b516d23)
Start importing Assets/Imported Assets/TextMesh Pro/Examples & Extras/Resources/Fonts & Materials/Roboto-Bold SDF - Drop Shadow.mat using Guid(b246c4190f4e46ec9352fe15a7b09ce0) Importer(2089858483,0ecaa5967403d082aa24f35e1b516d23) Generated GUIDs only implemented for interfaces!
 -> (artifact id: '4b1c1ae645ed91e26ffb96443b7c9cc1') in 0.029569 seconds
Number of updated asset objects reloaded before import = 0
Number of asset objects unloaded after import = 2
========================================================================
Received Import Request.
  Time since last request: 0.000017 seconds.
  path: Assets/Imported Assets/TextMesh Pro/Examples & Extras/Scenes/01-  Single Line TextMesh Pro.unity
  artifactKey: Guid(2ac8cf212df6445e8aebbe3cb832e993) Importer(2089858483,0ecaa5967403d082aa24f35e1b516d23)
Start importing Assets/Imported Assets/TextMesh Pro/Examples & Extras/Scenes/01-  Single Line TextMesh Pro.unity using Guid(2ac8cf212df6445e8aebbe3cb832e993) Importer(2089858483,0ecaa5967403d082aa24f35e1b516d23) Generated GUIDs only implemented for interfaces!
 -> (artifact id: 'ee617f3a8c6b117b847c9cca2aedde0e') in 0.013729 seconds
Number of updated asset objects reloaded before import = 0
Number of asset objects unloaded after import = 1
========================================================================
Received Import Request.
  Time since last request: 0.000039 seconds.
  path: Assets/Imported Assets/Sherbbs Particle Collection/Particles/Trails/SmokeTrail.prefab
  artifactKey: Guid(b7946187dcbeb374685f5916c35fb228) Importer(2089858483,0ecaa5967403d082aa24f35e1b516d23)
Start importing Assets/Imported Assets/Sherbbs Particle Collection/Particles/Trails/SmokeTrail.prefab using Guid(b7946187dcbeb374685f5916c35fb228) Importer(2089858483,0ecaa5967403d082aa24f35e1b516d23) Generated GUIDs only implemented for interfaces!
 -> (artifact id: '66824661b3d4f5427d5724faab925645') in 0.064680 seconds
Number of updated asset objects reloaded before import = 0
Number of asset objects unloaded after import = 7
========================================================================
Received Import Request.
  Time since last request: 0.000023 seconds.
  path: Assets/Imported Assets/TileableBricksWall/Materials/MyStuff/LongWalls.mat
  artifactKey: Guid(b5cadd89bf934474abb4583298b07279) Importer(2089858483,0ecaa5967403d082aa24f35e1b516d23)
Start importing Assets/Imported Assets/TileableBricksWall/Materials/MyStuff/LongWalls.mat using Guid(b5cadd89bf934474abb4583298b07279) Importer(2089858483,0ecaa5967403d082aa24f35e1b516d23) Generated GUIDs only implemented for interfaces!
 -> (artifact id: 'dfa58cd71b96e8ee2a4bc4fba0014939') in 0.023499 seconds
Number of updated asset objects reloaded before import = 0
Number of asset objects unloaded after import = 4
========================================================================
Received Import Request.
  Time since last request: 0.000026 seconds.
  path: Assets/Imported Assets/TextMesh Pro/Examples & Extras/Resources/Color Gradient Presets/Yellow to Orange - Vertical.asset
  artifactKey: Guid(69a525efa7e6472eab268f6ea605f06e) Importer(2089858483,0ecaa5967403d082aa24f35e1b516d23)
Start importing Assets/Imported Assets/TextMesh Pro/Examples & Extras/Resources/Color Gradient Presets/Yellow to Orange - Vertical.asset using Guid(69a525efa7e6472eab268f6ea605f06e) Importer(2089858483,0ecaa5967403d082aa24f35e1b516d23) Generated GUIDs only implemented for interfaces!
 -> (artifact id: '25544c7646608a891f2dba1f878985aa') in 0.015908 seconds
Number of updated asset objects reloaded before import = 0
Number of asset objects unloaded after import = 1
========================================================================
Received Import Request.
  Time since last request: 0.000026 seconds.
  path: Assets/Imported Assets/Polytope Studio/Lowpoly Medieval Environments/Sources/Textures/PT_Runes_02.png
  artifactKey: Guid(d329461fd2714384088c78ea5f4c2765) Importer(2089858483,0ecaa5967403d082aa24f35e1b516d23)
Start importing Assets/Imported Assets/Polytope Studio/Lowpoly Medieval Environments/Sources/Textures/PT_Runes_02.png using Guid(d329461fd2714384088c78ea5f4c2765) Importer(2089858483,0ecaa5967403d082aa24f35e1b516d23) Generated GUIDs only implemented for interfaces!
 -> (artifact id: '052f173ae0da8aa7ecc5a9bfa46df3bf') in 0.036870 seconds
Number of updated asset objects reloaded before import = 0
Number of asset objects unloaded after import = 1
========================================================================
Received Import Request.
  Time since last request: 0.000016 seconds.
  path: Assets/Imported Assets/TextMesh Pro/Examples & Extras/Resources/Sprite Assets/Default Sprite Asset.asset
  artifactKey: Guid(fbef3c704dce48f08a44612d6c856c8d) Importer(2089858483,0ecaa5967403d082aa24f35e1b516d23)
Start importing Assets/Imported Assets/TextMesh Pro/Examples & Extras/Resources/Sprite Assets/Default Sprite Asset.asset using Guid(fbef3c704dce48f08a44612d6c856c8d) Importer(2089858483,0ecaa5967403d082aa24f35e1b516d23) Generated GUIDs only implemented for interfaces!
 -> (artifact id: '5cc21cf8a79572f352344d6e79338aa2') in 0.022147 seconds
Number of updated asset objects reloaded before import = 0
Number of asset objects unloaded after import = 3
========================================================================
Received Import Request.
  Time since last request: 0.000016 seconds.
  path: Assets/Imported Assets/TextMesh Pro/Examples & Extras/Resources/Fonts & Materials/Roboto-Bold SDF - Surface.mat
  artifactKey: Guid(e6b276ec991f467aa14ef1f3cc665993) Importer(2089858483,0ecaa5967403d082aa24f35e1b516d23)
Start importing Assets/Imported Assets/TextMesh Pro/Examples & Extras/Resources/Fonts & Materials/Roboto-Bold SDF - Surface.mat using Guid(e6b276ec991f467aa14ef1f3cc665993) Importer(2089858483,0ecaa5967403d082aa24f35e1b516d23) Generated GUIDs only implemented for interfaces!
 -> (artifact id: 'a301488e5494ce51fd384c34c88b8687') in 0.026053 seconds
Number of updated asset objects reloaded before import = 0
Number of asset objects unloaded after import = 2
========================================================================
Received Import Request.
  Time since last request: 0.000017 seconds.
  path: Assets/Imported Assets/Polytope Studio/Lowpoly Medieval Environments/Sources/Meshes/Trees/PT_Pine_Tree_03_stump.fbx
  artifactKey: Guid(13bd9962aed9bef41bc2dd73a559c317) Importer(2089858483,0ecaa5967403d082aa24f35e1b516d23)
Start importing Assets/Imported Assets/Polytope Studio/Lowpoly Medieval Environments/Sources/Meshes/Trees/PT_Pine_Tree_03_stump.fbx using Guid(13bd9962aed9bef41bc2dd73a559c317) Importer(2089858483,0ecaa5967403d082aa24f35e1b516d23) Generated GUIDs only implemented for interfaces!
 -> (artifact id: '2753bf07438399e501074b2c3da77f11') in 0.029026 seconds
Number of updated asset objects reloaded before import = 0
Number of asset objects unloaded after import = 7
========================================================================
Received Import Request.
  Time since last request: 0.000022 seconds.
  path: Assets/Imported Assets/StylizedHandPaintedDungeon(Free)/Demo/Demo_Scene/Demo_Scene/Lightmap-0_comp_light.exr
  artifactKey: Guid(9ce2a53ec0650564cb41c97217705c32) Importer(2089858483,0ecaa5967403d082aa24f35e1b516d23)
Start importing Assets/Imported Assets/StylizedHandPaintedDungeon(Free)/Demo/Demo_Scene/Demo_Scene/Lightmap-0_comp_light.exr using Guid(9ce2a53ec0650564cb41c97217705c32) Importer(2089858483,0ecaa5967403d082aa24f35e1b516d23) Generated GUIDs only implemented for interfaces!
 -> (artifact id: '535fb16486ccd91bd8dbdac8dc8419ea') in 0.044634 seconds
Number of updated asset objects reloaded before import = 0
Number of asset objects unloaded after import = 1
========================================================================
Received Import Request.
  Time since last request: 0.000019 seconds.
  path: Assets/Imported Assets/TextMesh Pro/Examples & Extras/Resources/Fonts & Materials/Anton SDF - Drop Shadow.mat
  artifactKey: Guid(749b9069dc4742c5bfa5c74644049926) Importer(2089858483,0ecaa5967403d082aa24f35e1b516d23)
Start importing Assets/Imported Assets/TextMesh Pro/Examples & Extras/Resources/Fonts & Materials/Anton SDF - Drop Shadow.mat using Guid(749b9069dc4742c5bfa5c74644049926) Importer(2089858483,0ecaa5967403d082aa24f35e1b516d23) Generated GUIDs only implemented for interfaces!
 -> (artifact id: 'd0ccaa6e4c5f45dd15fe24a71920c02d') in 0.027079 seconds
Number of updated asset objects reloaded before import = 0
Number of asset objects unloaded after import = 2
========================================================================
Received Import Request.
  Time since last request: 0.000019 seconds.
  path: Assets/Imported Assets/Polytope Studio/Lowpoly Medieval Environments/Sources/Textures/PT_Grass_High_02.png
  artifactKey: Guid(4781e48c31bdfb74da8ba377aea81283) Importer(2089858483,0ecaa5967403d082aa24f35e1b516d23)
Start importing Assets/Imported Assets/Polytope Studio/Lowpoly Medieval Environments/Sources/Textures/PT_Grass_High_02.png using Guid(4781e48c31bdfb74da8ba377aea81283) Importer(2089858483,0ecaa5967403d082aa24f35e1b516d23) Generated GUIDs only implemented for interfaces!
 -> (artifact id: '3d96b4fa8bfa21a2b29b9b7dfbaf9b50') in 0.045377 seconds
Number of updated asset objects reloaded before import = 0
Number of asset objects unloaded after import = 1
========================================================================
Received Import Request.
  Time since last request: 0.000032 seconds.
  path: Assets/Imported Assets/Polytope Studio/Lowpoly Medieval Environments/Sources/Textures/PT_Rocks_01.png
  artifactKey: Guid(a195a893970f3ab4990bd06e18a0b308) Importer(2089858483,0ecaa5967403d082aa24f35e1b516d23)
Start importing Assets/Imported Assets/Polytope Studio/Lowpoly Medieval Environments/Sources/Textures/PT_Rocks_01.png using Guid(a195a893970f3ab4990bd06e18a0b308) Importer(2089858483,0ecaa5967403d082aa24f35e1b516d23) Generated GUIDs only implemented for interfaces!
 -> (artifact id: '170b9f5f5c7e5c3b7330a53a3f9d381c') in 0.038771 seconds
Number of updated asset objects reloaded before import = 0
Number of asset objects unloaded after import = 1
========================================================================
Received Import Request.
  Time since last request: 0.000050 seconds.
  path: Assets/Imported Assets/Polytope Studio/Lowpoly Medieval Environments/Sources/Shaders/PT_Vegetation_Opaque_Shader.shader
  artifactKey: Guid(270965b004462ae41bd125bc783c0fa6) Importer(2089858483,0ecaa5967403d082aa24f35e1b516d23)
Start importing Assets/Imported Assets/Polytope Studio/Lowpoly Medieval Environments/Sources/Shaders/PT_Vegetation_Opaque_Shader.shader using Guid(270965b004462ae41bd125bc783c0fa6) Importer(2089858483,0ecaa5967403d082aa24f35e1b516d23) Generated GUIDs only implemented for interfaces!
 -> (artifact id: '2414207d5d9dac85affd1042c9216765') in 0.022572 seconds
Number of updated asset objects reloaded before import = 0
Number of asset objects unloaded after import = 1
========================================================================
Received Import Request.
  Time since last request: 0.000038 seconds.
  path: Assets/Imported Assets/L_FG_Assets_Pack_Lite/Perfabs/Cemetery/Tomb04_a.prefab
  artifactKey: Guid(a7d165e7d5d55b249be2cd77aa22daf3) Importer(2089858483,0ecaa5967403d082aa24f35e1b516d23)
Start importing Assets/Imported Assets/L_FG_Assets_Pack_Lite/Perfabs/Cemetery/Tomb04_a.prefab using Guid(a7d165e7d5d55b249be2cd77aa22daf3) Importer(2089858483,0ecaa5967403d082aa24f35e1b516d23) Generated GUIDs only implemented for interfaces!
 -> (artifact id: 'e9cb0e5b0896ec469e94a0c878b16ad6') in 0.024016 seconds
Number of updated asset objects reloaded before import = 0
Number of asset objects unloaded after import = 9
========================================================================
Received Import Request.
  Time since last request: 0.000019 seconds.
  path: Assets/Imported Assets/TextMesh Pro/Examples & Extras/Scenes/16 - Linked text overflow mode example.unity
  artifactKey: Guid(9442cda25baa4a0bb544c4d095b00caa) Importer(2089858483,0ecaa5967403d082aa24f35e1b516d23)
Start importing Assets/Imported Assets/TextMesh Pro/Examples & Extras/Scenes/16 - Linked text overflow mode example.unity using Guid(9442cda25baa4a0bb544c4d095b00caa) Importer(2089858483,0ecaa5967403d082aa24f35e1b516d23) Generated GUIDs only implemented for interfaces!
 -> (artifact id: 'f0073d4862290e24b7aaf9c99661a160') in 0.013854 seconds
Number of updated asset objects reloaded before import = 0
Number of asset objects unloaded after import = 1
========================================================================
Received Import Request.
  Time since last request: 0.000063 seconds.
  path: Assets/Imported Assets/Polytope Studio/Lowpoly Medieval Environments/Sources/Textures/PT_Fruit_Tree_Leaves_01.png
  artifactKey: Guid(d2f321fff7f05aa49ad106541e997dd3) Importer(2089858483,0ecaa5967403d082aa24f35e1b516d23)
Start importing Assets/Imported Assets/Polytope Studio/Lowpoly Medieval Environments/Sources/Textures/PT_Fruit_Tree_Leaves_01.png using Guid(d2f321fff7f05aa49ad106541e997dd3) Importer(2089858483,0ecaa5967403d082aa24f35e1b516d23) Generated GUIDs only implemented for interfaces!
 -> (artifact id: '98156b401e99a978d759bd83154a39d6') in 0.037893 seconds
Number of updated asset objects reloaded before import = 0
Number of asset objects unloaded after import = 1
========================================================================
Received Import Request.
  Time since last request: 0.000023 seconds.
  path: Assets/Imported Assets/TextMesh Pro/Examples & Extras/Scripts/TMP_TextEventHandler.cs
  artifactKey: Guid(1312ae25639a4bae8e25ae223209cc50) Importer(2089858483,0ecaa5967403d082aa24f35e1b516d23)
Start importing Assets/Imported Assets/TextMesh Pro/Examples & Extras/Scripts/TMP_TextEventHandler.cs using Guid(1312ae25639a4bae8e25ae223209cc50) Importer(2089858483,0ecaa5967403d082aa24f35e1b516d23) Generated GUIDs only implemented for interfaces!
 -> (artifact id: '61e9ebe6a63a2dd26300267eb4bae9dc') in 0.020070 seconds
Number of updated asset objects reloaded before import = 0
Number of asset objects unloaded after import = 1
========================================================================
Received Import Request.
  Time since last request: 0.000031 seconds.
  path: Assets/Resources/Models/Rufio/RufioAnimations/Rufio_NoBones@Uppercut.fbx
  artifactKey: Guid(105625af8697c7a46b12d5b2b14ec34d) Importer(2089858483,0ecaa5967403d082aa24f35e1b516d23)
Start importing Assets/Resources/Models/Rufio/RufioAnimations/Rufio_NoBones@Uppercut.fbx using Guid(105625af8697c7a46b12d5b2b14ec34d) Importer(2089858483,0ecaa5967403d082aa24f35e1b516d23) Generated GUIDs only implemented for interfaces!
 -> (artifact id: 'ca6cce74f4e8f0b682ec660d8753a888') in 0.034866 seconds
Number of updated asset objects reloaded before import = 0
Number of asset objects unloaded after import = 136
========================================================================
Received Import Request.
  Time since last request: 0.000024 seconds.
  path: Assets/Imported Assets/Polytope Studio/Lowpoly Medieval Village/Sources/Meshes/PT_Medieval_Village_Fence_04.fbx
  artifactKey: Guid(faaede3d1773ae2488a568c13e10cee4) Importer(2089858483,0ecaa5967403d082aa24f35e1b516d23)
Start importing Assets/Imported Assets/Polytope Studio/Lowpoly Medieval Village/Sources/Meshes/PT_Medieval_Village_Fence_04.fbx using Guid(faaede3d1773ae2488a568c13e10cee4) Importer(2089858483,0ecaa5967403d082aa24f35e1b516d23) Generated GUIDs only implemented for interfaces!
 -> (artifact id: '4efd99cfadc3eea2748daba417606b7a') in 0.040393 seconds
Number of updated asset objects reloaded before import = 0
Number of asset objects unloaded after import = 8
========================================================================
Received Import Request.
  Time since last request: 0.000024 seconds.
  path: Assets/Imported Assets/Polytope Studio/Lowpoly Medieval Environments/Sources/Meshes/Trees/PT_Fruit_Tree_01_logs.fbx
  artifactKey: Guid(268a14e7ef45f1542a7d335b0a20d200) Importer(2089858483,0ecaa5967403d082aa24f35e1b516d23)
Start importing Assets/Imported Assets/Polytope Studio/Lowpoly Medieval Environments/Sources/Meshes/Trees/PT_Fruit_Tree_01_logs.fbx using Guid(268a14e7ef45f1542a7d335b0a20d200) Importer(2089858483,0ecaa5967403d082aa24f35e1b516d23) Generated GUIDs only implemented for interfaces!
 -> (artifact id: '981c801cd20c72dc4974dc1ddc53e1ec') in 0.031627 seconds
Number of updated asset objects reloaded before import = 0
Number of asset objects unloaded after import = 7
========================================================================
Received Import Request.
  Time since last request: 0.000018 seconds.
  path: Assets/Imported Assets/Polytope Studio/Lowpoly Medieval Environments/Sources/Textures/PT_Fruit_Tree_Flowers_01.png
  artifactKey: Guid(724a83e90c1cd7b4b9d1b71dd08962b6) Importer(2089858483,0ecaa5967403d082aa24f35e1b516d23)
Start importing Assets/Imported Assets/Polytope Studio/Lowpoly Medieval Environments/Sources/Textures/PT_Fruit_Tree_Flowers_01.png using Guid(724a83e90c1cd7b4b9d1b71dd08962b6) Importer(2089858483,0ecaa5967403d082aa24f35e1b516d23) Generated GUIDs only implemented for interfaces!
 -> (artifact id: '7ca6ae92f425374cbcd652ac6f31bb02') in 0.039381 seconds
Number of updated asset objects reloaded before import = 0
Number of asset objects unloaded after import = 1
========================================================================
Received Import Request.
  Time since last request: 0.000063 seconds.
  path: Assets/Imported Assets/TextMesh Pro/Examples & Extras/Scripts/VertexShakeB.cs
  artifactKey: Guid(e4e0d9ccee5f4950be8979268c9014e0) Importer(2089858483,0ecaa5967403d082aa24f35e1b516d23)
Start importing Assets/Imported Assets/TextMesh Pro/Examples & Extras/Scripts/VertexShakeB.cs using Guid(e4e0d9ccee5f4950be8979268c9014e0) Importer(2089858483,0ecaa5967403d082aa24f35e1b516d23) Generated GUIDs only implemented for interfaces!
 -> (artifact id: '3ca09e10158c84987fe32c6619203e5b') in 0.015337 seconds
Number of updated asset objects reloaded before import = 0
Number of asset objects unloaded after import = 1
========================================================================
Received Import Request.
  Time since last request: 0.000023 seconds.
  path: Assets/Imported Assets/TextMesh Pro/Examples & Extras/Scripts/TMP_PhoneNumberValidator.cs
  artifactKey: Guid(83680ab1a69f4102ac67d1459fe76e1f) Importer(2089858483,0ecaa5967403d082aa24f35e1b516d23)
Start importing Assets/Imported Assets/TextMesh Pro/Examples & Extras/Scripts/TMP_PhoneNumberValidator.cs using Guid(83680ab1a69f4102ac67d1459fe76e1f) Importer(2089858483,0ecaa5967403d082aa24f35e1b516d23) Generated GUIDs only implemented for interfaces!
 -> (artifact id: '02b0f7335602a645412481859a9a6a88') in 0.017983 seconds
Number of updated asset objects reloaded before import = 0
Number of asset objects unloaded after import = 1
========================================================================
Received Import Request.
  Time since last request: 0.000016 seconds.
  path: Assets/Imported Assets/Polytope Studio/Lowpoly Medieval Environments/Sources/Textures/PT_Ground_Grass_Green_01.png
  artifactKey: Guid(8c75ba30e5f76df4fb30725e4c9bf38a) Importer(2089858483,0ecaa5967403d082aa24f35e1b516d23)
Start importing Assets/Imported Assets/Polytope Studio/Lowpoly Medieval Environments/Sources/Textures/PT_Ground_Grass_Green_01.png using Guid(8c75ba30e5f76df4fb30725e4c9bf38a) Importer(2089858483,0ecaa5967403d082aa24f35e1b516d23) Generated GUIDs only implemented for interfaces!
 -> (artifact id: 'ea50122deb91622c9ecf7dda829782d0') in 0.035636 seconds
Number of updated asset objects reloaded before import = 0
Number of asset objects unloaded after import = 1
========================================================================
Received Import Request.
  Time since last request: 0.000020 seconds.
  path: Assets/Imported Assets/Polytope Studio/Lowpoly Medieval Village/Prefabs/PT_Medieval_Village_Gate_01.prefab
  artifactKey: Guid(5950102fd8f330c498c62f0e9e22bc1b) Importer(2089858483,0ecaa5967403d082aa24f35e1b516d23)
Start importing Assets/Imported Assets/Polytope Studio/Lowpoly Medieval Village/Prefabs/PT_Medieval_Village_Gate_01.prefab using Guid(5950102fd8f330c498c62f0e9e22bc1b) Importer(2089858483,0ecaa5967403d082aa24f35e1b516d23) Generated GUIDs only implemented for interfaces!
 -> (artifact id: 'e61ca70230696675eba1016964d00c96') in 0.016522 seconds
Number of updated asset objects reloaded before import = 0
Number of asset objects unloaded after import = 20
========================================================================
Received Import Request.
  Time since last request: 0.000019 seconds.
  path: Assets/Imported Assets/TextMesh Pro/Examples & Extras/Scenes/12 - Link Example.unity
  artifactKey: Guid(9747140c28254be2adc582210dfb89b8) Importer(2089858483,0ecaa5967403d082aa24f35e1b516d23)
Start importing Assets/Imported Assets/TextMesh Pro/Examples & Extras/Scenes/12 - Link Example.unity using Guid(9747140c28254be2adc582210dfb89b8) Importer(2089858483,0ecaa5967403d082aa24f35e1b516d23) Generated GUIDs only implemented for interfaces!
 -> (artifact id: 'eccf49d5ce2d6685a1c9e3ebef1fdeeb') in 0.012989 seconds
Number of updated asset objects reloaded before import = 0
Number of asset objects unloaded after import = 1
========================================================================
Received Import Request.
  Time since last request: 0.000017 seconds.
  path: Assets/Resources/Models/Lucas/LucasMaterials/N00_000_00_EyeHighlight_00_EYE (Instance).mat
  artifactKey: Guid(2346d22e24d68e34a855876249de7793) Importer(2089858483,0ecaa5967403d082aa24f35e1b516d23)
Start importing Assets/Resources/Models/Lucas/LucasMaterials/N00_000_00_EyeHighlight_00_EYE (Instance).mat using Guid(2346d22e24d68e34a855876249de7793) Importer(2089858483,0ecaa5967403d082aa24f35e1b516d23) Generated GUIDs only implemented for interfaces!
 -> (artifact id: 'e4baef84006dff7a0d1b7b231a492a42') in 0.020332 seconds
Number of updated asset objects reloaded before import = 0
Number of asset objects unloaded after import = 2
========================================================================
Received Import Request.
  Time since last request: 0.000026 seconds.
  path: Assets/Resources/Models/Rufio/Rufio Textures/_06.png
  artifactKey: Guid(d0223ded28c1e10489170e1bb7ff3e06) Importer(2089858483,0ecaa5967403d082aa24f35e1b516d23)
Start importing Assets/Resources/Models/Rufio/Rufio Textures/_06.png using Guid(d0223ded28c1e10489170e1bb7ff3e06) Importer(2089858483,0ecaa5967403d082aa24f35e1b516d23) Generated GUIDs only implemented for interfaces!
 -> (artifact id: 'c9e4f68231cd5ce9a5a19b4a38060c6d') in 0.035835 seconds
Number of updated asset objects reloaded before import = 0
Number of asset objects unloaded after import = 1
========================================================================
Received Import Request.
  Time since last request: 0.000020 seconds.
  path: Assets/Resources/Models/Laika/LaikaTextures/Image_11.png
  artifactKey: Guid(7509452a51b68eb41876b6d12c25d58a) Importer(2089858483,0ecaa5967403d082aa24f35e1b516d23)
Start importing Assets/Resources/Models/Laika/LaikaTextures/Image_11.png using Guid(7509452a51b68eb41876b6d12c25d58a) Importer(2089858483,0ecaa5967403d082aa24f35e1b516d23) Generated GUIDs only implemented for interfaces!
 -> (artifact id: '80fbf3693566a7e6dd376a09326e55c8') in 0.031626 seconds
Number of updated asset objects reloaded before import = 0
Number of asset objects unloaded after import = 1
========================================================================
Received Import Request.
  Time since last request: 0.000023 seconds.
  path: Assets/Resources/Models/Rufio/Rufio Textures/_03.png
  artifactKey: Guid(48cb2aea3cb65574fa09980b9dd76531) Importer(2089858483,0ecaa5967403d082aa24f35e1b516d23)
Start importing Assets/Resources/Models/Rufio/Rufio Textures/_03.png using Guid(48cb2aea3cb65574fa09980b9dd76531) Importer(2089858483,0ecaa5967403d082aa24f35e1b516d23) Generated GUIDs only implemented for interfaces!
 -> (artifact id: 'a5d67be6dc267161efa6cbb580a1cd82') in 0.037833 seconds
Number of updated asset objects reloaded before import = 0
Number of asset objects unloaded after import = 1
========================================================================
Received Import Request.
  Time since last request: 0.000020 seconds.
  path: Assets/Imported Assets/L_FG_Assets_Pack_Lite/Perfabs/Decal/Dust01.prefab
  artifactKey: Guid(d9541a81ec52f7b4c9eb95856ec82d8d) Importer(2089858483,0ecaa5967403d082aa24f35e1b516d23)
Start importing Assets/Imported Assets/L_FG_Assets_Pack_Lite/Perfabs/Decal/Dust01.prefab using Guid(d9541a81ec52f7b4c9eb95856ec82d8d) Importer(2089858483,0ecaa5967403d082aa24f35e1b516d23) Generated GUIDs only implemented for interfaces!
 -> (artifact id: 'b4e4e3d9050b0897770e751d6b41e59d') in 0.019712 seconds
Number of updated asset objects reloaded before import = 0
Number of asset objects unloaded after import = 7
========================================================================
Received Import Request.
  Time since last request: 0.000018 seconds.
  path: Assets/Imported Assets/Polytope Studio/Lowpoly Medieval Environments/Sources/Materials/PT_Mushrooms_mat.mat
  artifactKey: Guid(c522ec7c62be0c145bc320ad11705a67) Importer(2089858483,0ecaa5967403d082aa24f35e1b516d23)
Start importing Assets/Imported Assets/Polytope Studio/Lowpoly Medieval Environments/Sources/Materials/PT_Mushrooms_mat.mat using Guid(c522ec7c62be0c145bc320ad11705a67) Importer(2089858483,0ecaa5967403d082aa24f35e1b516d23) Generated GUIDs only implemented for interfaces!
 -> (artifact id: 'd70b5a7032e03a9ffd0c504dfca0fb9a') in 0.101986 seconds
Number of updated asset objects reloaded before import = 0
Number of asset objects unloaded after import = 2
========================================================================
Received Import Request.
  Time since last request: 0.000015 seconds.
  path: Assets/Resources/Models/Laika/LaikaTextures/Image_4.png
  artifactKey: Guid(7433c794450ee5a4381ed1d521f004cd) Importer(2089858483,0ecaa5967403d082aa24f35e1b516d23)
Start importing Assets/Resources/Models/Laika/LaikaTextures/Image_4.png using Guid(7433c794450ee5a4381ed1d521f004cd) Importer(2089858483,0ecaa5967403d082aa24f35e1b516d23) Generated GUIDs only implemented for interfaces!
 -> (artifact id: '4c2bc36efec71f19835677b0ca8ed1c4') in 0.034299 seconds
Number of updated asset objects reloaded before import = 0
Number of asset objects unloaded after import = 1
========================================================================
Received Import Request.
  Time since last request: 0.000026 seconds.
  path: Assets/Resources/Prefabs/Level_1/Floor5/Level1_5.prefab
  artifactKey: Guid(ddc5513c23f62b54d997af8476344289) Importer(2089858483,0ecaa5967403d082aa24f35e1b516d23)
Start importing Assets/Resources/Prefabs/Level_1/Floor5/Level1_5.prefab using Guid(ddc5513c23f62b54d997af8476344289) Importer(2089858483,0ecaa5967403d082aa24f35e1b516d23) Generated GUIDs only implemented for interfaces!
 -> (artifact id: '986eba18fc42e1dd7ea505993148b4f2') in 0.019293 seconds
Number of updated asset objects reloaded before import = 0
Number of asset objects unloaded after import = 740
========================================================================
Received Import Request.
  Time since last request: 0.000015 seconds.
  path: Assets/Imported Assets/TextMesh Pro/Examples & Extras/Scenes/02 - Multi-line TextMesh Pro.unity
  artifactKey: Guid(251716609f634449bfe8ce75c0ed78fe) Importer(2089858483,0ecaa5967403d082aa24f35e1b516d23)
Start importing Assets/Imported Assets/TextMesh Pro/Examples & Extras/Scenes/02 - Multi-line TextMesh Pro.unity using Guid(251716609f634449bfe8ce75c0ed78fe) Importer(2089858483,0ecaa5967403d082aa24f35e1b516d23) Generated GUIDs only implemented for interfaces!
 -> (artifact id: '011570450801abae32cd6d3f6bcbfb18') in 0.014060 seconds
Number of updated asset objects reloaded before import = 0
Number of asset objects unloaded after import = 1
========================================================================
Received Import Request.
  Time since last request: 0.000031 seconds.
  path: Assets/Imported Assets/Polytope Studio/Lowpoly Medieval Environments/Prefabs/Rocks/PT_River_Rock_Pile_02.prefab
  artifactKey: Guid(877b08f512178384dadca8cf28e31a7e) Importer(2089858483,0ecaa5967403d082aa24f35e1b516d23)
Start importing Assets/Imported Assets/Polytope Studio/Lowpoly Medieval Environments/Prefabs/Rocks/PT_River_Rock_Pile_02.prefab using Guid(877b08f512178384dadca8cf28e31a7e) Importer(2089858483,0ecaa5967403d082aa24f35e1b516d23) Generated GUIDs only implemented for interfaces!
 -> (artifact id: '23e996cfb13a43f73e1443b74601d662') in 0.014129 seconds
Number of updated asset objects reloaded before import = 0
Number of asset objects unloaded after import = 20
========================================================================
Received Import Request.
  Time since last request: 0.000018 seconds.
  path: Assets/Imported Assets/FantasyMonster/Skeleton/Character/Materials/skeleton_Cell.mat
  artifactKey: Guid(f748914f659403348a0050fb730dcf17) Importer(2089858483,0ecaa5967403d082aa24f35e1b516d23)
Start importing Assets/Imported Assets/FantasyMonster/Skeleton/Character/Materials/skeleton_Cell.mat using Guid(f748914f659403348a0050fb730dcf17) Importer(2089858483,0ecaa5967403d082aa24f35e1b516d23) Generated GUIDs only implemented for interfaces!
 -> (artifact id: 'a95624206268f408d93027316c68ebb2') in 0.017906 seconds
Number of updated asset objects reloaded before import = 0
Number of asset objects unloaded after import = 1
========================================================================
Received Import Request.
  Time since last request: 0.000015 seconds.
  path: Assets/Imported Assets/TextMesh Pro/Examples & Extras/Scenes/15 - Inline Graphics & Sprites.unity
  artifactKey: Guid(e76e6c0f81964cbda3fe0b7d26ed8060) Importer(2089858483,0ecaa5967403d082aa24f35e1b516d23)
Start importing Assets/Imported Assets/TextMesh Pro/Examples & Extras/Scenes/15 - Inline Graphics & Sprites.unity using Guid(e76e6c0f81964cbda3fe0b7d26ed8060) Importer(2089858483,0ecaa5967403d082aa24f35e1b516d23) Generated GUIDs only implemented for interfaces!
 -> (artifact id: 'ffef2fbb3a0659e0f14b7f11daa4e589') in 0.020522 seconds
Number of updated asset objects reloaded before import = 0
Number of asset objects unloaded after import = 1
========================================================================
Received Import Request.
  Time since last request: 0.000017 seconds.
  path: Assets/Imported Assets/Polytope Studio/Lowpoly Medieval Environments/Sources/Textures/PT_Grass_High_03.png
  artifactKey: Guid(4d7ad2aaddf58dc4e8dc116239a8d744) Importer(2089858483,0ecaa5967403d082aa24f35e1b516d23)
Start importing Assets/Imported Assets/Polytope Studio/Lowpoly Medieval Environments/Sources/Textures/PT_Grass_High_03.png using Guid(4d7ad2aaddf58dc4e8dc116239a8d744) Importer(2089858483,0ecaa5967403d082aa24f35e1b516d23) Generated GUIDs only implemented for interfaces!
 -> (artifact id: '2c69f1759db0eb81d558b9a5f29f6983') in 0.037416 seconds
Number of updated asset objects reloaded before import = 0
Number of asset objects unloaded after import = 1
========================================================================
Received Import Request.
  Time since last request: 0.000019 seconds.
  path: Assets/Resources/Models/Laika/LaikaMaterials/N00_000_00_EyeWhite_00_EYE (Instance).mat
  artifactKey: Guid(fc4b07cd482d6ff438f35bd4df166a56) Importer(2089858483,0ecaa5967403d082aa24f35e1b516d23)
Start importing Assets/Resources/Models/Laika/LaikaMaterials/N00_000_00_EyeWhite_00_EYE (Instance).mat using Guid(fc4b07cd482d6ff438f35bd4df166a56) Importer(2089858483,0ecaa5967403d082aa24f35e1b516d23) Generated GUIDs only implemented for interfaces!
 -> (artifact id: 'c01ccabda258f7f56288d976116f2d7c') in 0.016782 seconds
Number of updated asset objects reloaded before import = 0
Number of asset objects unloaded after import = 2
========================================================================
Received Import Request.
  Time since last request: 0.000018 seconds.
  path: Assets/Imported Assets/TextMesh Pro/Examples & Extras/Sprites/Default Sprites.png
  artifactKey: Guid(a0fc465d6cf04254a2938578735e2383) Importer(2089858483,0ecaa5967403d082aa24f35e1b516d23)
Start importing Assets/Imported Assets/TextMesh Pro/Examples & Extras/Sprites/Default Sprites.png using Guid(a0fc465d6cf04254a2938578735e2383) Importer(2089858483,0ecaa5967403d082aa24f35e1b516d23) Generated GUIDs only implemented for interfaces!
 -> (artifact id: 'ae7227182634bf309a0fe320970b660e') in 0.049316 seconds
Number of updated asset objects reloaded before import = 0
Number of asset objects unloaded after import = 1
========================================================================
Received Import Request.
  Time since last request: 0.000026 seconds.
  path: Assets/Resources/Models/Lucas/LucasMaterials/N00_000_00_HairBack_00_HAIR (Instance).mat
  artifactKey: Guid(f4a5268b134e7524fb346aed479d5ef4) Importer(2089858483,0ecaa5967403d082aa24f35e1b516d23)
Start importing Assets/Resources/Models/Lucas/LucasMaterials/N00_000_00_HairBack_00_HAIR (Instance).mat using Guid(f4a5268b134e7524fb346aed479d5ef4) Importer(2089858483,0ecaa5967403d082aa24f35e1b516d23) Generated GUIDs only implemented for interfaces!
 -> (artifact id: '0a25979b9aa7be422c1afa9f500d0318') in 0.022678 seconds
Number of updated asset objects reloaded before import = 0
Number of asset objects unloaded after import = 2
========================================================================
Received Import Request.
  Time since last request: 0.000035 seconds.
  path: Assets/Imported Assets/Sherbbs Particle Collection/Particles/Atmosphere/Ground Embers.prefab
  artifactKey: Guid(cf9be061d575df6418c98c2c5ebde13d) Importer(2089858483,0ecaa5967403d082aa24f35e1b516d23)
Start importing Assets/Imported Assets/Sherbbs Particle Collection/Particles/Atmosphere/Ground Embers.prefab using Guid(cf9be061d575df6418c98c2c5ebde13d) Importer(2089858483,0ecaa5967403d082aa24f35e1b516d23) Generated GUIDs only implemented for interfaces!
 -> (artifact id: 'f73407b138fc3402e8d532ce12ec2901') in 0.073254 seconds
Number of updated asset objects reloaded before import = 0
Number of asset objects unloaded after import = 6
========================================================================
Received Import Request.
  Time since last request: 0.000017 seconds.
  path: Assets/Imported Assets/Polytope Studio/Lowpoly Medieval Environments/Sources/Shaders/PT_Vegetation_Foliage_Shader.shader
  artifactKey: Guid(77e1a76a38ecd5a46a270afb12894dd5) Importer(2089858483,0ecaa5967403d082aa24f35e1b516d23)
Start importing Assets/Imported Assets/Polytope Studio/Lowpoly Medieval Environments/Sources/Shaders/PT_Vegetation_Foliage_Shader.shader using Guid(77e1a76a38ecd5a46a270afb12894dd5) Importer(2089858483,0ecaa5967403d082aa24f35e1b516d23) Generated GUIDs only implemented for interfaces!
 -> (artifact id: '372fde61bfd2714039fb7c4f7ef11128') in 0.023080 seconds
Number of updated asset objects reloaded before import = 0
Number of asset objects unloaded after import = 1
========================================================================
Received Import Request.
  Time since last request: 0.000018 seconds.
  path: Assets/Imported Assets/TextMesh Pro/Examples & Extras/Resources/Fonts & Materials/Electronic Highway Sign SDF.asset
  artifactKey: Guid(dc36b3fdc14f47ebb36fd484a67e268a) Importer(2089858483,0ecaa5967403d082aa24f35e1b516d23)
Start importing Assets/Imported Assets/TextMesh Pro/Examples & Extras/Resources/Fonts & Materials/Electronic Highway Sign SDF.asset using Guid(dc36b3fdc14f47ebb36fd484a67e268a) Importer(2089858483,0ecaa5967403d082aa24f35e1b516d23) Generated GUIDs only implemented for interfaces!
 -> (artifact id: '3e9f035ed23420e0982fc89ab92271e1') in 0.043758 seconds
Number of updated asset objects reloaded before import = 0
Number of asset objects unloaded after import = 5
========================================================================
Received Import Request.
  Time since last request: 0.000016 seconds.
  path: Assets/Resources/Models/Lucas/LucasMaterials/N00_000_00_FaceBrow_00_FACE (Instance).mat
  artifactKey: Guid(e00430010618bb94b86ac5401c82c70b) Importer(2089858483,0ecaa5967403d082aa24f35e1b516d23)
Start importing Assets/Resources/Models/Lucas/LucasMaterials/N00_000_00_FaceBrow_00_FACE (Instance).mat using Guid(e00430010618bb94b86ac5401c82c70b) Importer(2089858483,0ecaa5967403d082aa24f35e1b516d23) Generated GUIDs only implemented for interfaces!
 -> (artifact id: '8e17bd52e303f91a2a10f7f9b524bab2') in 0.020086 seconds
Number of updated asset objects reloaded before import = 0
Number of asset objects unloaded after import = 2
========================================================================
Received Import Request.
  Time since last request: 0.000019 seconds.
  path: Assets/Imported Assets/TextMesh Pro/Examples & Extras/Scenes/21 - Script Example.unity
  artifactKey: Guid(50f52f9274434ecfb34dd87f0836f323) Importer(2089858483,0ecaa5967403d082aa24f35e1b516d23)
Start importing Assets/Imported Assets/TextMesh Pro/Examples & Extras/Scenes/21 - Script Example.unity using Guid(50f52f9274434ecfb34dd87f0836f323) Importer(2089858483,0ecaa5967403d082aa24f35e1b516d23) Generated GUIDs only implemented for interfaces!
 -> (artifact id: '1295f39dda29881da070aece93870c4a') in 0.016114 seconds
Number of updated asset objects reloaded before import = 0
Number of asset objects unloaded after import = 1
========================================================================
Received Import Request.
  Time since last request: 0.000047 seconds.
  path: Assets/Imported Assets/Polytope Studio/Lowpoly Medieval Environments/Sources/Materials/PT_Water_mat.mat
  artifactKey: Guid(3e36df56c6fa5f64085c14d9d4f6f8d9) Importer(2089858483,0ecaa5967403d082aa24f35e1b516d23)
Start importing Assets/Imported Assets/Polytope Studio/Lowpoly Medieval Environments/Sources/Materials/PT_Water_mat.mat using Guid(3e36df56c6fa5f64085c14d9d4f6f8d9) Importer(2089858483,0ecaa5967403d082aa24f35e1b516d23) Generated GUIDs only implemented for interfaces!
 -> (artifact id: '01be052f0d5b16291735c699549668e4') in 0.019393 seconds
Number of updated asset objects reloaded before import = 0
Number of asset objects unloaded after import = 2
========================================================================
Received Import Request.
  Time since last request: 0.000017 seconds.
  path: Assets/Imported Assets/Polytope Studio/Lowpoly Medieval Environments/SRP/PT_Environment_Pack_URP_7.5.3.unitypackage
  artifactKey: Guid(07ecfad19cbdf1c409552991e72ee5e9) Importer(2089858483,0ecaa5967403d082aa24f35e1b516d23)
Start importing Assets/Imported Assets/Polytope Studio/Lowpoly Medieval Environments/SRP/PT_Environment_Pack_URP_7.5.3.unitypackage using Guid(07ecfad19cbdf1c409552991e72ee5e9) Importer(2089858483,0ecaa5967403d082aa24f35e1b516d23) Generated GUIDs only implemented for interfaces!
 -> (artifact id: 'fa7cd7861ffabc0dceb6f1bdfd4205e9') in 0.014666 seconds
Number of updated asset objects reloaded before import = 0
Number of asset objects unloaded after import = 1
========================================================================
Received Import Request.
  Time since last request: 0.000048 seconds.
  path: Assets/Imported Assets/Polytope Studio/Lowpoly Medieval Demos/Environment_Free/PlayerMovement.cs
  artifactKey: Guid(8f5721f45a4372242a249d3bb70958a8) Importer(2089858483,0ecaa5967403d082aa24f35e1b516d23)
Start importing Assets/Imported Assets/Polytope Studio/Lowpoly Medieval Demos/Environment_Free/PlayerMovement.cs using Guid(8f5721f45a4372242a249d3bb70958a8) Importer(2089858483,0ecaa5967403d082aa24f35e1b516d23) Generated GUIDs only implemented for interfaces!
 -> (artifact id: 'd6b4fdfa6a7e48ebb3128cdfe93fdae8') in 0.014958 seconds
Number of updated asset objects reloaded before import = 0
Number of asset objects unloaded after import = 1
========================================================================
Received Import Request.
  Time since last request: 0.000019 seconds.
  path: Assets/Imported Assets/Polytope Studio/Lowpoly Medieval Environments/Sources/Shaders/PT_Water_Shader.shader
  artifactKey: Guid(39cf68574afc7f248bd78a99c3800e00) Importer(2089858483,0ecaa5967403d082aa24f35e1b516d23)
Start importing Assets/Imported Assets/Polytope Studio/Lowpoly Medieval Environments/Sources/Shaders/PT_Water_Shader.shader using Guid(39cf68574afc7f248bd78a99c3800e00) Importer(2089858483,0ecaa5967403d082aa24f35e1b516d23) Generated GUIDs only implemented for interfaces!
 -> (artifact id: 'b89be5c7171cb5172f966694445a80c4') in 0.019067 seconds
Number of updated asset objects reloaded before import = 0
Number of asset objects unloaded after import = 1
========================================================================
Received Import Request.
  Time since last request: 0.000016 seconds.
  path: Assets/Resources/Models/Laika/LaikaMaterials/N00_000_00_FaceMouth_00_FACE (Instance).mat
  artifactKey: Guid(0b51edcb68672de41bf711f6352915c3) Importer(2089858483,0ecaa5967403d082aa24f35e1b516d23)
Start importing Assets/Resources/Models/Laika/LaikaMaterials/N00_000_00_FaceMouth_00_FACE (Instance).mat using Guid(0b51edcb68672de41bf711f6352915c3) Importer(2089858483,0ecaa5967403d082aa24f35e1b516d23) Generated GUIDs only implemented for interfaces!
 -> (artifact id: '2b265b7d63c61071b47181e8fdf1a19e') in 0.023243 seconds
Number of updated asset objects reloaded before import = 0
Number of asset objects unloaded after import = 2
========================================================================
Received Import Request.
  Time since last request: 0.000020 seconds.
  path: Assets/Resources/Models/Lucas/LucasTextures/Image_12.png
  artifactKey: Guid(c72e8e9ff0db64f4280d760890a0ee19) Importer(2089858483,0ecaa5967403d082aa24f35e1b516d23)
Start importing Assets/Resources/Models/Lucas/LucasTextures/Image_12.png using Guid(c72e8e9ff0db64f4280d760890a0ee19) Importer(2089858483,0ecaa5967403d082aa24f35e1b516d23) Generated GUIDs only implemented for interfaces!
 -> (artifact id: 'a907e00783805701c5858ea797d617a9') in 0.034077 seconds
Number of updated asset objects reloaded before import = 0
Number of asset objects unloaded after import = 1
========================================================================
Received Import Request.
  Time since last request: 0.000022 seconds.
  path: Assets/Resources/Models/Laika/LaikaTextures/Image_6.png
  artifactKey: Guid(4a2eaca4434ad5e4faea7b3a701977b9) Importer(2089858483,0ecaa5967403d082aa24f35e1b516d23)
Start importing Assets/Resources/Models/Laika/LaikaTextures/Image_6.png using Guid(4a2eaca4434ad5e4faea7b3a701977b9) Importer(2089858483,0ecaa5967403d082aa24f35e1b516d23) Generated GUIDs only implemented for interfaces!
 -> (artifact id: '2a283ef987a36963ead5ed8f7eab503e') in 0.044580 seconds
Number of updated asset objects reloaded before import = 0
Number of asset objects unloaded after import = 1
========================================================================
Received Import Request.
  Time since last request: 0.000027 seconds.
  path: Assets/Resources/Models/Laika/LaikaTextures/Image_14.png
  artifactKey: Guid(99c596d623b960b48a2673a76663c165) Importer(2089858483,0ecaa5967403d082aa24f35e1b516d23)
Start importing Assets/Resources/Models/Laika/LaikaTextures/Image_14.png using Guid(99c596d623b960b48a2673a76663c165) Importer(2089858483,0ecaa5967403d082aa24f35e1b516d23) Generated GUIDs only implemented for interfaces!
 -> (artifact id: '0449e116fa8279705e6328d065045703') in 0.036367 seconds
Number of updated asset objects reloaded before import = 0
Number of asset objects unloaded after import = 1
========================================================================
Received Import Request.
  Time since last request: 0.000029 seconds.
  path: Assets/Imported Assets/Polytope Studio/Lowpoly Medieval Environments/Prefabs/Trees/PT_Fruit_Tree_01_pears.prefab
  artifactKey: Guid(a2e14d87834a62041a457f0dcc62b265) Importer(2089858483,0ecaa5967403d082aa24f35e1b516d23)
Start importing Assets/Imported Assets/Polytope Studio/Lowpoly Medieval Environments/Prefabs/Trees/PT_Fruit_Tree_01_pears.prefab using Guid(a2e14d87834a62041a457f0dcc62b265) Importer(2089858483,0ecaa5967403d082aa24f35e1b516d23) Generated GUIDs only implemented for interfaces!
 -> (artifact id: '9b1ca544805af703bbb8eb45853ecb4c') in 0.020309 seconds
Number of updated asset objects reloaded before import = 0
Number of asset objects unloaded after import = 20
========================================================================
Received Import Request.
  Time since last request: 0.000015 seconds.
  path: Assets/Resources/Models/Lucas/LucasMaterials/N00_000_Hair_00_HAIR (Instance).mat
  artifactKey: Guid(e8749016ba7ba2049a3365a83b4c1961) Importer(2089858483,0ecaa5967403d082aa24f35e1b516d23)
Start importing Assets/Resources/Models/Lucas/LucasMaterials/N00_000_Hair_00_HAIR (Instance).mat using Guid(e8749016ba7ba2049a3365a83b4c1961) Importer(2089858483,0ecaa5967403d082aa24f35e1b516d23) Generated GUIDs only implemented for interfaces!
 -> (artifact id: '2b5b1c0c6ce5579de97bc64fc9eaa6e0') in 0.018823 seconds
Number of updated asset objects reloaded before import = 0
Number of asset objects unloaded after import = 2
========================================================================
Received Prepare
Begin MonoManager ReloadAssembly
- Loaded All Assemblies, in  0.686 seconds
Refreshing native plugins compatible for Editor in 3.31 ms, found 2 plugins.
Native extension for WindowsStandalone target not found
[Package Manager] Server::EnsureServerProcessIsRunning -- launch failed, reason: Unity was launched with the -noUpm command-line argument
[Package Manager] UpmClient::Send -- Unable to send message (not connected to UPM process).
[Package Manager] Cannot connect to Unity Package Manager local server
Mono: successfully reloaded assembly
- Finished resetting the current domain, in  1.670 seconds
Domain Reload Profiling: 2350ms
	BeginReloadAssembly (227ms)
		ExecutionOrderSort (0ms)
		DisableScriptedObjects (6ms)
		BackupInstance (0ms)
		ReleaseScriptingObjects (0ms)
		CreateAndSetChildDomain (68ms)
	RebuildCommonClasses (38ms)
	RebuildNativeTypeToScriptingClass (12ms)
	initialDomainReloadingComplete (43ms)
	LoadAllAssembliesAndSetupDomain (360ms)
		LoadAssemblies (409ms)
		RebuildTransferFunctionScriptingTraits (0ms)
		AnalyzeDomain (62ms)
			TypeCache.Refresh (17ms)
				TypeCache.ScanAssembly (7ms)
			ScanForSourceGeneratedMonoScriptInfo (30ms)
			ResolveRequiredComponents (13ms)
	FinalizeReload (1671ms)
		ReleaseScriptCaches (0ms)
		RebuildScriptCaches (0ms)
		SetupLoadedEditorAssemblies (666ms)
			LogAssemblyErrors (0ms)
			InitializePlatformSupportModulesInManaged (7ms)
			SetLoadedEditorAssemblies (6ms)
			RefreshPlugins (0ms)
			BeforeProcessingInitializeOnLoad (151ms)
			ProcessInitializeOnLoadAttributes (428ms)
			ProcessInitializeOnLoadMethodAttributes (67ms)
			AfterProcessingInitializeOnLoad (6ms)
			EditorAssembliesLoaded (0ms)
		ExecutionOrderSort2 (0ms)
		AwakeInstancesAfterBackupRestoration (8ms)
OnLevelWasLoaded was found on LevelManager
This message has been deprecated and will be removed in a later version of Unity.
Add a delegate to SceneManager.sceneLoaded instead to get notifications after scene loading has completed
Refreshing native plugins compatible for Editor in 7.17 ms, found 2 plugins.
Preloading 0 native plugins for Editor in 0.00 ms.
Unloading 4137 Unused Serialized files (Serialized files now loaded: 0)
Unloading 59 unused Assets / (2.0 MB). Loaded Objects now: 4836.
Memory consumption went from 320.5 MB to 318.4 MB.
Total: 6.084500 ms (FindLiveObjects: 0.409700 ms CreateObjectMapping: 0.307200 ms MarkObjects: 4.106000 ms  DeleteObjects: 1.259300 ms)

Prepare: number of updated asset objects reloaded= 0
AssetImportParameters requested are different than current active one (requested -> active):
  custom:container-demuxer-ogg: 62fdf1f143b41e24485cea50d1cbac27 -> 
  custom:video-decoder-ogg-theora: a1e56fd34408186e4bbccfd4996cb3dc -> 
  custom:framework-win-MediaFoundation: 216162199b28c13a410421893ffa2e32 -> 
  custom:CustomObjectIndexerAttribute: d54d2f2da18e7612c182cf67624b6b12 -> 
  custom:container-demuxer-webm: 4f35f7cbe854078d1ac9338744f61a02 -> 
  custom:container-muxer-webm: aa71ff27fc2769a1b78a27578f13a17b -> 
  custom:video-decoder-webm-vp8: 9c59270c3fd7afecdb556c50c9e8de78 -> 
  custom:SearchIndexIgnoredProperties: e643bd26f0fe6173181afceb89e7c659 -> 
  custom:AudioImporter_EditorPlatform: d09bf68614088b80899f8185d706f6e7 -> 
  custom:video-encoder-webm-vp8: eb34c28f22e8b96e1ab97ce403110664 -> 
  custom:audio-decoder-ogg-vorbis: bf7c407c2cedff20999df2af8eb42d56 -> 
  custom:audio-encoder-webm-vorbis: bf7c407c2cedff20999df2af8eb42d56 -> 
========================================================================
Received Prepare
Begin MonoManager ReloadAssembly
- Loaded All Assemblies, in  0.472 seconds
Refreshing native plugins compatible for Editor in 4.15 ms, found 2 plugins.
Native extension for WindowsStandalone target not found
[Package Manager] Server::EnsureServerProcessIsRunning -- launch failed, reason: Unity was launched with the -noUpm command-line argument
[Package Manager] UpmClient::Send -- Unable to send message (not connected to UPM process).
[Package Manager] Cannot connect to Unity Package Manager local server
Mono: successfully reloaded assembly
- Finished resetting the current domain, in  1.259 seconds
Domain Reload Profiling: 1728ms
	BeginReloadAssembly (153ms)
		ExecutionOrderSort (0ms)
		DisableScriptedObjects (7ms)
		BackupInstance (0ms)
		ReleaseScriptingObjects (0ms)
		CreateAndSetChildDomain (33ms)
	RebuildCommonClasses (27ms)
	RebuildNativeTypeToScriptingClass (9ms)
	initialDomainReloadingComplete (24ms)
	LoadAllAssembliesAndSetupDomain (255ms)
		LoadAssemblies (278ms)
		RebuildTransferFunctionScriptingTraits (0ms)
		AnalyzeDomain (53ms)
			TypeCache.Refresh (11ms)
				TypeCache.ScanAssembly (2ms)
			ScanForSourceGeneratedMonoScriptInfo (25ms)
			ResolveRequiredComponents (15ms)
	FinalizeReload (1259ms)
		ReleaseScriptCaches (0ms)
		RebuildScriptCaches (0ms)
		SetupLoadedEditorAssemblies (572ms)
			LogAssemblyErrors (0ms)
			InitializePlatformSupportModulesInManaged (6ms)
			SetLoadedEditorAssemblies (5ms)
			RefreshPlugins (0ms)
			BeforeProcessingInitializeOnLoad (122ms)
			ProcessInitializeOnLoadAttributes (369ms)
			ProcessInitializeOnLoadMethodAttributes (62ms)
			AfterProcessingInitializeOnLoad (8ms)
			EditorAssembliesLoaded (0ms)
		ExecutionOrderSort2 (0ms)
		AwakeInstancesAfterBackupRestoration (9ms)
OnLevelWasLoaded was found on LevelManager
This message has been deprecated and will be removed in a later version of Unity.
Add a delegate to SceneManager.sceneLoaded instead to get notifications after scene loading has completed
Refreshing native plugins compatible for Editor in 4.54 ms, found 2 plugins.
Preloading 0 native plugins for Editor in 0.00 ms.
Unloading 4140 Unused Serialized files (Serialized files now loaded: 0)
Unloading 55 unused Assets / (2.0 MB). Loaded Objects now: 4853.
Memory consumption went from 322.7 MB to 320.7 MB.
Total: 12.488100 ms (FindLiveObjects: 0.649500 ms CreateObjectMapping: 0.365700 ms MarkObjects: 10.419000 ms  DeleteObjects: 1.052400 ms)

Prepare: number of updated asset objects reloaded= 0
AssetImportParameters requested are different than current active one (requested -> active):
  custom:container-demuxer-ogg: 62fdf1f143b41e24485cea50d1cbac27 -> 
  custom:video-decoder-ogg-theora: a1e56fd34408186e4bbccfd4996cb3dc -> 
  custom:framework-win-MediaFoundation: 216162199b28c13a410421893ffa2e32 -> 
  custom:CustomObjectIndexerAttribute: d54d2f2da18e7612c182cf67624b6b12 -> 
  custom:container-demuxer-webm: 4f35f7cbe854078d1ac9338744f61a02 -> 
  custom:container-muxer-webm: aa71ff27fc2769a1b78a27578f13a17b -> 
  custom:video-decoder-webm-vp8: 9c59270c3fd7afecdb556c50c9e8de78 -> 
  custom:SearchIndexIgnoredProperties: e643bd26f0fe6173181afceb89e7c659 -> 
  custom:AudioImporter_EditorPlatform: d09bf68614088b80899f8185d706f6e7 -> 
  custom:video-encoder-webm-vp8: eb34c28f22e8b96e1ab97ce403110664 -> 
  custom:audio-decoder-ogg-vorbis: bf7c407c2cedff20999df2af8eb42d56 -> 
  custom:audio-encoder-webm-vorbis: bf7c407c2cedff20999df2af8eb42d56 -> 
========================================================================
Received Prepare
Begin MonoManager ReloadAssembly
- Loaded All Assemblies, in  0.565 seconds
Refreshing native plugins compatible for Editor in 3.19 ms, found 2 plugins.
Native extension for WindowsStandalone target not found
[Package Manager] Server::EnsureServerProcessIsRunning -- launch failed, reason: Unity was launched with the -noUpm command-line argument
[Package Manager] UpmClient::Send -- Unable to send message (not connected to UPM process).
[Package Manager] Cannot connect to Unity Package Manager local server
Mono: successfully reloaded assembly
- Finished resetting the current domain, in  1.328 seconds
Domain Reload Profiling: 1890ms
	BeginReloadAssembly (154ms)
		ExecutionOrderSort (0ms)
		DisableScriptedObjects (5ms)
		BackupInstance (0ms)
		ReleaseScriptingObjects (0ms)
		CreateAndSetChildDomain (37ms)
	RebuildCommonClasses (36ms)
	RebuildNativeTypeToScriptingClass (13ms)
	initialDomainReloadingComplete (30ms)
	LoadAllAssembliesAndSetupDomain (328ms)
		LoadAssemblies (351ms)
		RebuildTransferFunctionScriptingTraits (0ms)
		AnalyzeDomain (53ms)
			TypeCache.Refresh (14ms)
				TypeCache.ScanAssembly (3ms)
			ScanForSourceGeneratedMonoScriptInfo (25ms)
			ResolveRequiredComponents (13ms)
	FinalizeReload (1329ms)
		ReleaseScriptCaches (0ms)
		RebuildScriptCaches (0ms)
		SetupLoadedEditorAssemblies (572ms)
			LogAssemblyErrors (0ms)
			InitializePlatformSupportModulesInManaged (6ms)
			SetLoadedEditorAssemblies (5ms)
			RefreshPlugins (0ms)
			BeforeProcessingInitializeOnLoad (128ms)
			ProcessInitializeOnLoadAttributes (369ms)
			ProcessInitializeOnLoadMethodAttributes (58ms)
			AfterProcessingInitializeOnLoad (6ms)
			EditorAssembliesLoaded (0ms)
		ExecutionOrderSort2 (0ms)
		AwakeInstancesAfterBackupRestoration (6ms)
OnLevelWasLoaded was found on LevelManager
This message has been deprecated and will be removed in a later version of Unity.
Add a delegate to SceneManager.sceneLoaded instead to get notifications after scene loading has completed
Refreshing native plugins compatible for Editor in 4.43 ms, found 2 plugins.
Preloading 0 native plugins for Editor in 0.00 ms.
Unloading 4143 Unused Serialized files (Serialized files now loaded: 0)
Unloading 55 unused Assets / (2.0 MB). Loaded Objects now: 4871.
Memory consumption went from 324.7 MB to 322.7 MB.
Total: 6.750400 ms (FindLiveObjects: 0.478600 ms CreateObjectMapping: 0.365100 ms MarkObjects: 4.953200 ms  DeleteObjects: 0.952000 ms)

Prepare: number of updated asset objects reloaded= 0
AssetImportParameters requested are different than current active one (requested -> active):
  custom:container-demuxer-ogg: 62fdf1f143b41e24485cea50d1cbac27 -> 
  custom:video-decoder-ogg-theora: a1e56fd34408186e4bbccfd4996cb3dc -> 
  custom:framework-win-MediaFoundation: 216162199b28c13a410421893ffa2e32 -> 
  custom:CustomObjectIndexerAttribute: d54d2f2da18e7612c182cf67624b6b12 -> 
  custom:container-demuxer-webm: 4f35f7cbe854078d1ac9338744f61a02 -> 
  custom:container-muxer-webm: aa71ff27fc2769a1b78a27578f13a17b -> 
  custom:video-decoder-webm-vp8: 9c59270c3fd7afecdb556c50c9e8de78 -> 
  custom:SearchIndexIgnoredProperties: e643bd26f0fe6173181afceb89e7c659 -> 
  custom:AudioImporter_EditorPlatform: d09bf68614088b80899f8185d706f6e7 -> 
  custom:video-encoder-webm-vp8: eb34c28f22e8b96e1ab97ce403110664 -> 
  custom:audio-decoder-ogg-vorbis: bf7c407c2cedff20999df2af8eb42d56 -> 
  custom:audio-encoder-webm-vorbis: bf7c407c2cedff20999df2af8eb42d56 -> 
========================================================================
Received Prepare
Begin MonoManager ReloadAssembly
- Loaded All Assemblies, in  0.504 seconds
Refreshing native plugins compatible for Editor in 3.02 ms, found 2 plugins.
Native extension for WindowsStandalone target not found
[Package Manager] Server::EnsureServerProcessIsRunning -- launch failed, reason: Unity was launched with the -noUpm command-line argument
[Package Manager] UpmClient::Send -- Unable to send message (not connected to UPM process).
[Package Manager] Cannot connect to Unity Package Manager local server
Mono: successfully reloaded assembly
- Finished resetting the current domain, in  1.244 seconds
Domain Reload Profiling: 1744ms
	BeginReloadAssembly (148ms)
		ExecutionOrderSort (0ms)
		DisableScriptedObjects (5ms)
		BackupInstance (0ms)
		ReleaseScriptingObjects (0ms)
		CreateAndSetChildDomain (35ms)
	RebuildCommonClasses (28ms)
	RebuildNativeTypeToScriptingClass (9ms)
	initialDomainReloadingComplete (26ms)
	LoadAllAssembliesAndSetupDomain (288ms)
		LoadAssemblies (317ms)
		RebuildTransferFunctionScriptingTraits (0ms)
		AnalyzeDomain (43ms)
			TypeCache.Refresh (14ms)
				TypeCache.ScanAssembly (4ms)
			ScanForSourceGeneratedMonoScriptInfo (18ms)
			ResolveRequiredComponents (9ms)
	FinalizeReload (1245ms)
		ReleaseScriptCaches (0ms)
		RebuildScriptCaches (0ms)
		SetupLoadedEditorAssemblies (570ms)
			LogAssemblyErrors (0ms)
			InitializePlatformSupportModulesInManaged (6ms)
			SetLoadedEditorAssemblies (5ms)
			RefreshPlugins (0ms)
			BeforeProcessingInitializeOnLoad (109ms)
			ProcessInitializeOnLoadAttributes (383ms)
			ProcessInitializeOnLoadMethodAttributes (60ms)
			AfterProcessingInitializeOnLoad (8ms)
			EditorAssembliesLoaded (0ms)
		ExecutionOrderSort2 (0ms)
		AwakeInstancesAfterBackupRestoration (6ms)
OnLevelWasLoaded was found on LevelManager
This message has been deprecated and will be removed in a later version of Unity.
Add a delegate to SceneManager.sceneLoaded instead to get notifications after scene loading has completed
Refreshing native plugins compatible for Editor in 5.37 ms, found 2 plugins.
Preloading 0 native plugins for Editor in 0.00 ms.
Unloading 4143 Unused Serialized files (Serialized files now loaded: 0)
Unloading 55 unused Assets / (2.0 MB). Loaded Objects now: 4886.
Memory consumption went from 326.7 MB to 324.7 MB.
Total: 11.957100 ms (FindLiveObjects: 0.529300 ms CreateObjectMapping: 0.425500 ms MarkObjects: 4.857300 ms  DeleteObjects: 6.143600 ms)

Prepare: number of updated asset objects reloaded= 0
AssetImportParameters requested are different than current active one (requested -> active):
  custom:container-demuxer-ogg: 62fdf1f143b41e24485cea50d1cbac27 -> 
  custom:video-decoder-ogg-theora: a1e56fd34408186e4bbccfd4996cb3dc -> 
  custom:framework-win-MediaFoundation: 216162199b28c13a410421893ffa2e32 -> 
  custom:CustomObjectIndexerAttribute: d54d2f2da18e7612c182cf67624b6b12 -> 
  custom:container-demuxer-webm: 4f35f7cbe854078d1ac9338744f61a02 -> 
  custom:container-muxer-webm: aa71ff27fc2769a1b78a27578f13a17b -> 
  custom:video-decoder-webm-vp8: 9c59270c3fd7afecdb556c50c9e8de78 -> 
  custom:SearchIndexIgnoredProperties: e643bd26f0fe6173181afceb89e7c659 -> 
  custom:AudioImporter_EditorPlatform: d09bf68614088b80899f8185d706f6e7 -> 
  custom:video-encoder-webm-vp8: eb34c28f22e8b96e1ab97ce403110664 -> 
  custom:audio-decoder-ogg-vorbis: bf7c407c2cedff20999df2af8eb42d56 -> 
  custom:audio-encoder-webm-vorbis: bf7c407c2cedff20999df2af8eb42d56 -> 
========================================================================
Received Prepare
Begin MonoManager ReloadAssembly
- Loaded All Assemblies, in  0.562 seconds
Refreshing native plugins compatible for Editor in 4.57 ms, found 2 plugins.
Native extension for WindowsStandalone target not found
[Package Manager] Server::EnsureServerProcessIsRunning -- launch failed, reason: Unity was launched with the -noUpm command-line argument
[Package Manager] UpmClient::Send -- Unable to send message (not connected to UPM process).
[Package Manager] Cannot connect to Unity Package Manager local server
Mono: successfully reloaded assembly
- Finished resetting the current domain, in  1.480 seconds
Domain Reload Profiling: 2036ms
	BeginReloadAssembly (169ms)
		ExecutionOrderSort (0ms)
		DisableScriptedObjects (5ms)
		BackupInstance (0ms)
		ReleaseScriptingObjects (0ms)
		CreateAndSetChildDomain (43ms)
	RebuildCommonClasses (38ms)
	RebuildNativeTypeToScriptingClass (9ms)
	initialDomainReloadingComplete (28ms)
	LoadAllAssembliesAndSetupDomain (311ms)
		LoadAssemblies (341ms)
		RebuildTransferFunctionScriptingTraits (0ms)
		AnalyzeDomain (50ms)
			TypeCache.Refresh (20ms)
				TypeCache.ScanAssembly (10ms)
			ScanForSourceGeneratedMonoScriptInfo (18ms)
			ResolveRequiredComponents (10ms)
	FinalizeReload (1481ms)
		ReleaseScriptCaches (0ms)
		RebuildScriptCaches (0ms)
		SetupLoadedEditorAssemblies (633ms)
			LogAssemblyErrors (0ms)
			InitializePlatformSupportModulesInManaged (7ms)
			SetLoadedEditorAssemblies (8ms)
			RefreshPlugins (0ms)
			BeforeProcessingInitializeOnLoad (122ms)
			ProcessInitializeOnLoadAttributes (415ms)
			ProcessInitializeOnLoadMethodAttributes (72ms)
			AfterProcessingInitializeOnLoad (8ms)
			EditorAssembliesLoaded (0ms)
		ExecutionOrderSort2 (0ms)
		AwakeInstancesAfterBackupRestoration (8ms)
OnLevelWasLoaded was found on LevelManager
This message has been deprecated and will be removed in a later version of Unity.
Add a delegate to SceneManager.sceneLoaded instead to get notifications after scene loading has completed
Refreshing native plugins compatible for Editor in 5.34 ms, found 2 plugins.
Preloading 0 native plugins for Editor in 0.00 ms.
Unloading 4143 Unused Serialized files (Serialized files now loaded: 0)
Unloading 55 unused Assets / (2.0 MB). Loaded Objects now: 4901.
Memory consumption went from 328.8 MB to 326.7 MB.
Total: 8.682200 ms (FindLiveObjects: 0.512600 ms CreateObjectMapping: 0.310200 ms MarkObjects: 6.682800 ms  DeleteObjects: 1.175200 ms)

Prepare: number of updated asset objects reloaded= 0
AssetImportParameters requested are different than current active one (requested -> active):
  custom:container-demuxer-ogg: 62fdf1f143b41e24485cea50d1cbac27 -> 
  custom:video-decoder-ogg-theora: a1e56fd34408186e4bbccfd4996cb3dc -> 
  custom:framework-win-MediaFoundation: 216162199b28c13a410421893ffa2e32 -> 
  custom:CustomObjectIndexerAttribute: d54d2f2da18e7612c182cf67624b6b12 -> 
  custom:container-demuxer-webm: 4f35f7cbe854078d1ac9338744f61a02 -> 
  custom:container-muxer-webm: aa71ff27fc2769a1b78a27578f13a17b -> 
  custom:video-decoder-webm-vp8: 9c59270c3fd7afecdb556c50c9e8de78 -> 
  custom:SearchIndexIgnoredProperties: e643bd26f0fe6173181afceb89e7c659 -> 
  custom:AudioImporter_EditorPlatform: d09bf68614088b80899f8185d706f6e7 -> 
  custom:video-encoder-webm-vp8: eb34c28f22e8b96e1ab97ce403110664 -> 
  custom:audio-decoder-ogg-vorbis: bf7c407c2cedff20999df2af8eb42d56 -> 
  custom:audio-encoder-webm-vorbis: bf7c407c2cedff20999df2af8eb42d56 -> 
========================================================================
Received Import Request.
  Time since last request: 545.055273 seconds.
  path: Assets/UniversalRenderPipelineGlobalSettings.asset
  artifactKey: Guid(c74af92342dc93245ae4fe233ef12f39) Importer(815301076,1909f56bfc062723c751e8b465ee728b)
Start importing Assets/UniversalRenderPipelineGlobalSettings.asset using Guid(c74af92342dc93245ae4fe233ef12f39) Importer(815301076,1909f56bfc062723c751e8b465ee728b)  -> (artifact id: 'fb90aedade80c4ab8b767071431d17f2') in 0.014028 seconds
Number of updated asset objects reloaded before import = 0
Number of asset objects unloaded after import = 1
========================================================================
Received Import Request.
  Time since last request: 71.589435 seconds.
  path: Assets
  artifactKey: Guid(00000000000000001000000000000000) Importer(815301076,1909f56bfc062723c751e8b465ee728b)
Start importing Assets using Guid(00000000000000001000000000000000) Importer(815301076,1909f56bfc062723c751e8b465ee728b)  -> (artifact id: '8a4fe85251aa2e89732c359432baa2c3') in 0.000501 seconds
Number of updated asset objects reloaded before import = 0
Number of asset objects unloaded after import = 0
========================================================================
Received Import Request.
  Time since last request: 66.116129 seconds.
  path: Assets/New Universal Render Pipeline Asset.asset
  artifactKey: Guid(2d93dded5ff35fa43bd9ca1f28967397) Importer(815301076,1909f56bfc062723c751e8b465ee728b)
Start importing Assets/New Universal Render Pipeline Asset.asset using Guid(2d93dded5ff35fa43bd9ca1f28967397) Importer(815301076,1909f56bfc062723c751e8b465ee728b)  -> (artifact id: '0266aa4af442e171ae9131a5d2fae640') in 0.027674 seconds
Number of updated asset objects reloaded before import = 0
Number of asset objects unloaded after import = 50
========================================================================
Received Prepare
Switching render pipeline 00000000000000000000000000000000 -> 2d93dded5ff35fa43bd9ca1f28967397
Refreshing native plugins compatible for Editor in 5.68 ms, found 2 plugins.
Preloading 0 native plugins for Editor in 0.00 ms.
Unloading 68 Unused Serialized files (Serialized files now loaded: 0)
Unloading 19 unused Assets / (2.0 MB). Loaded Objects now: 4952.
Memory consumption went from 271.1 MB to 269.1 MB.
Total: 8.076800 ms (FindLiveObjects: 0.566200 ms CreateObjectMapping: 0.424500 ms MarkObjects: 6.132600 ms  DeleteObjects: 0.951500 ms)

Prepare: number of updated asset objects reloaded= 0
AssetImportParameters requested are different than current active one (requested -> active):
  custom:container-demuxer-ogg: 62fdf1f143b41e24485cea50d1cbac27 -> 
  custom:video-decoder-ogg-theora: a1e56fd34408186e4bbccfd4996cb3dc -> 
  custom:framework-win-MediaFoundation: 216162199b28c13a410421893ffa2e32 -> 
  custom:CustomObjectIndexerAttribute: d54d2f2da18e7612c182cf67624b6b12 -> 
  custom:container-demuxer-webm: 4f35f7cbe854078d1ac9338744f61a02 -> 
  custom:container-muxer-webm: aa71ff27fc2769a1b78a27578f13a17b -> 
  custom:video-decoder-webm-vp8: 9c59270c3fd7afecdb556c50c9e8de78 -> 
  custom:SearchIndexIgnoredProperties: e643bd26f0fe6173181afceb89e7c659 -> 
  custom:AudioImporter_EditorPlatform: d09bf68614088b80899f8185d706f6e7 -> 
  custom:video-encoder-webm-vp8: eb34c28f22e8b96e1ab97ce403110664 -> 
  custom:audio-decoder-ogg-vorbis: bf7c407c2cedff20999df2af8eb42d56 -> 
  custom:audio-encoder-webm-vorbis: bf7c407c2cedff20999df2af8eb42d56 -> 
========================================================================
Received Import Request.
  Time since last request: 40.054176 seconds.
  path: Assets/New Universal Render Pipeline Asset_Renderer.asset
  artifactKey: Guid(203dc1b22247396429013ac543c30126) Importer(815301076,1909f56bfc062723c751e8b465ee728b)
Start importing Assets/New Universal Render Pipeline Asset_Renderer.asset using Guid(203dc1b22247396429013ac543c30126) Importer(815301076,1909f56bfc062723c751e8b465ee728b)  -> (artifact id: '93ecbfbefb92fa74cca6811eddd2af4c') in 0.015875 seconds
Number of updated asset objects reloaded before import = 1
Number of asset objects unloaded after import = 0
========================================================================
Received Import Request.
  Time since last request: 0.000028 seconds.
  path: Assets/UniversalRenderPipelineGlobalSettings.asset
  artifactKey: Guid(c74af92342dc93245ae4fe233ef12f39) Importer(815301076,1909f56bfc062723c751e8b465ee728b)
Start importing Assets/UniversalRenderPipelineGlobalSettings.asset using Guid(c74af92342dc93245ae4fe233ef12f39) Importer(815301076,1909f56bfc062723c751e8b465ee728b)  -> (artifact id: 'b758042c534ebdfb6cc69be8d3a54d3c') in 0.001281 seconds
Number of updated asset objects reloaded before import = 0
Number of asset objects unloaded after import = 1
========================================================================
Received Import Request.
  Time since last request: 0.000016 seconds.
  path: Assets/New Universal Render Pipeline Asset.asset
  artifactKey: Guid(2d93dded5ff35fa43bd9ca1f28967397) Importer(815301076,1909f56bfc062723c751e8b465ee728b)
Start importing Assets/New Universal Render Pipeline Asset.asset using Guid(2d93dded5ff35fa43bd9ca1f28967397) Importer(815301076,1909f56bfc062723c751e8b465ee728b)  -> (artifact id: '827e873cb83319ba7f4d501f271403e3') in 0.001097 seconds
Number of updated asset objects reloaded before import = 0
Number of asset objects unloaded after import = 0
========================================================================
Received Import Request.
  Time since last request: 91.526400 seconds.
  path: Assets/Imported Assets/AllSkyFree/_AllSkyFreeDemoEnvironment/AdditiveSprite.mat
  artifactKey: Guid(55c04ce684cb542debc357409498bc4e) Importer(815301076,1909f56bfc062723c751e8b465ee728b)
Start importing Assets/Imported Assets/AllSkyFree/_AllSkyFreeDemoEnvironment/AdditiveSprite.mat using Guid(55c04ce684cb542debc357409498bc4e) Importer(815301076,1909f56bfc062723c751e8b465ee728b)  -> (artifact id: '159bc1893a7c005e46baa16e0cd9cc2e') in 0.471570 seconds
Number of updated asset objects reloaded before import = 0
Number of asset objects unloaded after import = 21
========================================================================
Received Import Request.
  Time since last request: 0.000031 seconds.
  path: Assets/Imported Assets/AllSkyFree/_AllSkyFreeDemoEnvironment/SunGlare.psd
  artifactKey: Guid(85a4e5125000348519b7a18a518e6a69) Importer(815301076,1909f56bfc062723c751e8b465ee728b)
Start importing Assets/Imported Assets/AllSkyFree/_AllSkyFreeDemoEnvironment/SunGlare.psd using Guid(85a4e5125000348519b7a18a518e6a69) Importer(815301076,1909f56bfc062723c751e8b465ee728b)  -> (artifact id: '41cb75934f43aa106a5d8a61f78652e0') in 0.030008 seconds
Number of updated asset objects reloaded before import = 0
Number of asset objects unloaded after import = 2
========================================================================
Received Import Request.
  Time since last request: 0.000032 seconds.
  path: Assets/Imported Assets/AllSkyFree/_AllSkyFreeDemoEnvironment/AllSkyFreeDemoEnvironment.prefab
  artifactKey: Guid(e2402d4ef4fe747ae9ad59bdccad4556) Importer(815301076,1909f56bfc062723c751e8b465ee728b)
Start importing Assets/Imported Assets/AllSkyFree/_AllSkyFreeDemoEnvironment/AllSkyFreeDemoEnvironment.prefab using Guid(e2402d4ef4fe747ae9ad59bdccad4556) Importer(815301076,1909f56bfc062723c751e8b465ee728b)  -> (artifact id: 'c9820758010aed2676bda06473df5fc6') in 1.607678 seconds
Number of updated asset objects reloaded before import = 0
Number of asset objects unloaded after import = 120
========================================================================
Received Import Request.
  Time since last request: 11.466600 seconds.
  path: Assets/Imported Assets/AllSkyFree/Space_AnotherPlanet/AllSky_Space_AnotherPlanet.mat
  artifactKey: Guid(656058fe318eb48558d21d66d1a79a2b) Importer(815301076,1909f56bfc062723c751e8b465ee728b)
Start importing Assets/Imported Assets/AllSkyFree/Space_AnotherPlanet/AllSky_Space_AnotherPlanet.mat using Guid(656058fe318eb48558d21d66d1a79a2b) Importer(815301076,1909f56bfc062723c751e8b465ee728b)  -> (artifact id: '83dc3c0484ac65f2bd826ae65c76f61c') in 0.100479 seconds
Number of updated asset objects reloaded before import = 0
Number of asset objects unloaded after import = 8
========================================================================
Received Import Request.
  Time since last request: 0.000021 seconds.
  path: Assets/Imported Assets/AllSkyFree/Space_AnotherPlanet/AllSky_Space_AnotherPlanet_Cam_5_Down-Y.png
  artifactKey: Guid(3a639720a92414f45b72b16d6db788ce) Importer(815301076,1909f56bfc062723c751e8b465ee728b)
Start importing Assets/Imported Assets/AllSkyFree/Space_AnotherPlanet/AllSky_Space_AnotherPlanet_Cam_5_Down-Y.png using Guid(3a639720a92414f45b72b16d6db788ce) Importer(815301076,1909f56bfc062723c751e8b465ee728b)  -> (artifact id: '5b2daa61b2e81ba1c3fa5160ed666d95') in 0.028944 seconds
Number of updated asset objects reloaded before import = 0
Number of asset objects unloaded after import = 2
========================================================================
Received Import Request.
  Time since last request: 0.000022 seconds.
  path: Assets/Imported Assets/AllSkyFree/Space_AnotherPlanet/AllSky_Space_AnotherPlanet_Cam_3_Right-X.png
  artifactKey: Guid(ca9af6b5ce9284592aabb781392ff61e) Importer(815301076,1909f56bfc062723c751e8b465ee728b)
Start importing Assets/Imported Assets/AllSkyFree/Space_AnotherPlanet/AllSky_Space_AnotherPlanet_Cam_3_Right-X.png using Guid(ca9af6b5ce9284592aabb781392ff61e) Importer(815301076,1909f56bfc062723c751e8b465ee728b)  -> (artifact id: '137d43f2ce5766632982ad2e1b00ed63') in 0.027527 seconds
Number of updated asset objects reloaded before import = 0
Number of asset objects unloaded after import = 2
========================================================================
Received Import Request.
  Time since last request: 0.000148 seconds.
  path: Assets/Imported Assets/AllSkyFree/Space_AnotherPlanet/AllSky_Space_AnotherPlanet_Cam_2_Left+X.png
  artifactKey: Guid(40cd83628508d406497f3b21ff220644) Importer(815301076,1909f56bfc062723c751e8b465ee728b)
Start importing Assets/Imported Assets/AllSkyFree/Space_AnotherPlanet/AllSky_Space_AnotherPlanet_Cam_2_Left+X.png using Guid(40cd83628508d406497f3b21ff220644) Importer(815301076,1909f56bfc062723c751e8b465ee728b)  -> (artifact id: '7bb08e090d3f24f6d09734d8096a8d0f') in 0.024599 seconds
Number of updated asset objects reloaded before import = 0
Number of asset objects unloaded after import = 2
========================================================================
Received Import Request.
  Time since last request: 0.000484 seconds.
  path: Assets/Imported Assets/AllSkyFree/Space_AnotherPlanet/AllSky_Space_AnotherPlanet_Cam_1_Back-Z.png
  artifactKey: Guid(0264465325ebb45239163258479c2a60) Importer(815301076,1909f56bfc062723c751e8b465ee728b)
Start importing Assets/Imported Assets/AllSkyFree/Space_AnotherPlanet/AllSky_Space_AnotherPlanet_Cam_1_Back-Z.png using Guid(0264465325ebb45239163258479c2a60) Importer(815301076,1909f56bfc062723c751e8b465ee728b)  -> (artifact id: '3ead6999b4bffa15abefbf35c040db5c') in 0.034648 seconds
Number of updated asset objects reloaded before import = 0
Number of asset objects unloaded after import = 2
========================================================================
Received Import Request.
  Time since last request: 1.062431 seconds.
  path: Assets/Imported Assets/AllSkyFree/Overcast Low/AllSky_Overcast4_Low.mat
  artifactKey: Guid(f2b5f3f20933f434e850db1b710542fd) Importer(815301076,1909f56bfc062723c751e8b465ee728b)
Start importing Assets/Imported Assets/AllSkyFree/Overcast Low/AllSky_Overcast4_Low.mat using Guid(f2b5f3f20933f434e850db1b710542fd) Importer(815301076,1909f56bfc062723c751e8b465ee728b)  -> (artifact id: '3cf15c40cb85f0ea29cda597d447bea6') in 0.056399 seconds
Number of updated asset objects reloaded before import = 0
Number of asset objects unloaded after import = 8
========================================================================
Received Import Request.
  Time since last request: 0.000017 seconds.
  path: Assets/Imported Assets/AllSkyFree/Overcast Low/Sky_AllSky_Overcast4_Low_Cam_1_Back-Z.png
  artifactKey: Guid(4efb8fd75703d43cab6f01b240a7c945) Importer(815301076,1909f56bfc062723c751e8b465ee728b)
Start importing Assets/Imported Assets/AllSkyFree/Overcast Low/Sky_AllSky_Overcast4_Low_Cam_1_Back-Z.png using Guid(4efb8fd75703d43cab6f01b240a7c945) Importer(815301076,1909f56bfc062723c751e8b465ee728b)  -> (artifact id: '7df3f7e0609721be50864c2bfed70fb7') in 0.022130 seconds
Number of updated asset objects reloaded before import = 0
Number of asset objects unloaded after import = 2
========================================================================
Received Import Request.
  Time since last request: 0.000024 seconds.
  path: Assets/Imported Assets/AllSkyFree/Overcast Low/Sky_AllSky_Overcast4_Low_Cam_2_Left+X.png
  artifactKey: Guid(4b922104744dc4f5ab309b556a7677da) Importer(815301076,1909f56bfc062723c751e8b465ee728b)
Start importing Assets/Imported Assets/AllSkyFree/Overcast Low/Sky_AllSky_Overcast4_Low_Cam_2_Left+X.png using Guid(4b922104744dc4f5ab309b556a7677da) Importer(815301076,1909f56bfc062723c751e8b465ee728b)  -> (artifact id: '9c152e264a2e9588e6304e97761b4393') in 0.021242 seconds
Number of updated asset objects reloaded before import = 0
Number of asset objects unloaded after import = 2
========================================================================
Received Import Request.
  Time since last request: 0.000067 seconds.
  path: Assets/Imported Assets/AllSkyFree/Overcast Low/Sky_AllSky_Overcast4_Low_Cam_4_Up+Y.png
  artifactKey: Guid(93ce6277acd7243f685c04cc3c1d0cc4) Importer(815301076,1909f56bfc062723c751e8b465ee728b)
Start importing Assets/Imported Assets/AllSkyFree/Overcast Low/Sky_AllSky_Overcast4_Low_Cam_4_Up+Y.png using Guid(93ce6277acd7243f685c04cc3c1d0cc4) Importer(815301076,1909f56bfc062723c751e8b465ee728b)  -> (artifact id: '71c020b4c5ab8d09414ea4cf50096bdc') in 0.021851 seconds
Number of updated asset objects reloaded before import = 0
Number of asset objects unloaded after import = 2
========================================================================
Received Import Request.
  Time since last request: 0.000027 seconds.
  path: Assets/Imported Assets/AllSkyFree/Overcast Low/Sky_AllSky_Overcast4_Low_Cam_5_Down-Y.png
  artifactKey: Guid(4164b771c2b784c2da3cbe10847a182e) Importer(815301076,1909f56bfc062723c751e8b465ee728b)
Start importing Assets/Imported Assets/AllSkyFree/Overcast Low/Sky_AllSky_Overcast4_Low_Cam_5_Down-Y.png using Guid(4164b771c2b784c2da3cbe10847a182e) Importer(815301076,1909f56bfc062723c751e8b465ee728b)  -> (artifact id: '9532b8ef1ae6d686a142029c41a41985') in 0.019804 seconds
Number of updated asset objects reloaded before import = 0
Number of asset objects unloaded after import = 2
========================================================================
Received Import Request.
  Time since last request: 54.236817 seconds.
  path: Assets/Resources/2D_Art/IMG_0384.png
  artifactKey: Guid(e3ba086824c52a246b4fcfdb5b77148d) Importer(815301076,1909f56bfc062723c751e8b465ee728b)
Start importing Assets/Resources/2D_Art/IMG_0384.png using Guid(e3ba086824c52a246b4fcfdb5b77148d) Importer(815301076,1909f56bfc062723c751e8b465ee728b)  -> (artifact id: 'def3bcc6b5da1b38f102a56ed3305b68') in 0.043935 seconds
Number of updated asset objects reloaded before import = 0
Number of asset objects unloaded after import = 3
========================================================================
Received Import Request.
  Time since last request: 0.000020 seconds.
  path: Assets/Resources/2D_Art/lucas_bust_Fixed.png
  artifactKey: Guid(adcfe9688c5c03f4fb37b9ac55213605) Importer(815301076,1909f56bfc062723c751e8b465ee728b)
Start importing Assets/Resources/2D_Art/lucas_bust_Fixed.png using Guid(adcfe9688c5c03f4fb37b9ac55213605) Importer(815301076,1909f56bfc062723c751e8b465ee728b)  -> (artifact id: '91d083b8ecd8d1134b517a36f79bdde5') in 0.032245 seconds
Number of updated asset objects reloaded before import = 0
Number of asset objects unloaded after import = 3
========================================================================
Received Import Request.
  Time since last request: 0.000024 seconds.
  path: Assets/Resources/2D_Art/SolaceBackground.png
  artifactKey: Guid(e6ee2d30a40b4ad4d9ac17ef69c2439b) Importer(815301076,1909f56bfc062723c751e8b465ee728b)
Start importing Assets/Resources/2D_Art/SolaceBackground.png using Guid(e6ee2d30a40b4ad4d9ac17ef69c2439b) Importer(815301076,1909f56bfc062723c751e8b465ee728b)  -> (artifact id: '0637d8d62521c885bb266b5190e6faae') in 0.028349 seconds
Number of updated asset objects reloaded before import = 0
Number of asset objects unloaded after import = 3
========================================================================
Received Import Request.
  Time since last request: 2.329239 seconds.
  path: Assets/Resources/Base_ScriptableObjects/Fireball.asset
  artifactKey: Guid(b59e32cdd3ca2cf4a944d2eb2d3b44a0) Importer(815301076,1909f56bfc062723c751e8b465ee728b)
Start importing Assets/Resources/Base_ScriptableObjects/Fireball.asset using Guid(b59e32cdd3ca2cf4a944d2eb2d3b44a0) Importer(815301076,1909f56bfc062723c751e8b465ee728b)  -> (artifact id: 'b2c8111fc20b028cd27f573339d52a89') in 0.040638 seconds
Number of updated asset objects reloaded before import = 0
Number of asset objects unloaded after import = 28
========================================================================
Received Import Request.
  Time since last request: 0.000020 seconds.
  path: Assets/Resources/Base_ScriptableObjects/Whirlwind.asset
  artifactKey: Guid(8114bc712e1726e468cbf2c08acd781f) Importer(815301076,1909f56bfc062723c751e8b465ee728b)
Start importing Assets/Resources/Base_ScriptableObjects/Whirlwind.asset using Guid(8114bc712e1726e468cbf2c08acd781f) Importer(815301076,1909f56bfc062723c751e8b465ee728b)  -> (artifact id: '35f0632a1e406fd1183eea5edb2a213e') in 0.020269 seconds
Number of updated asset objects reloaded before import = 0
Number of asset objects unloaded after import = 28
========================================================================
Received Import Request.
  Time since last request: 0.000028 seconds.
  path: Assets/Resources/Base_ScriptableObjects/LightningBolt.asset
  artifactKey: Guid(4623cae70537532418264e96b8f9f097) Importer(815301076,1909f56bfc062723c751e8b465ee728b)
Start importing Assets/Resources/Base_ScriptableObjects/LightningBolt.asset using Guid(4623cae70537532418264e96b8f9f097) Importer(815301076,1909f56bfc062723c751e8b465ee728b)  -> (artifact id: '9c639c3dbbd24b72afb74e59dc491e4f') in 0.021209 seconds
Number of updated asset objects reloaded before import = 0
Number of asset objects unloaded after import = 28
========================================================================
Received Import Request.
  Time since last request: 1.840556 seconds.
  path: Assets/Resources/Materials/BlueGlow.mat
  artifactKey: Guid(dda984094deccc84e9da0cd2652e754a) Importer(815301076,1909f56bfc062723c751e8b465ee728b)
Start importing Assets/Resources/Materials/BlueGlow.mat using Guid(dda984094deccc84e9da0cd2652e754a) Importer(815301076,1909f56bfc062723c751e8b465ee728b)  -> (artifact id: '1bbbde61296af72f96163511d597004e') in 0.019637 seconds
Number of updated asset objects reloaded before import = 0
Number of asset objects unloaded after import = 3
========================================================================
Received Import Request.
  Time since last request: 0.000023 seconds.
  path: Assets/Resources/Materials/Player.mat
  artifactKey: Guid(2d524e45023adc54e8ea62ffd75c704a) Importer(815301076,1909f56bfc062723c751e8b465ee728b)
Start importing Assets/Resources/Materials/Player.mat using Guid(2d524e45023adc54e8ea62ffd75c704a) Importer(815301076,1909f56bfc062723c751e8b465ee728b)  -> (artifact id: 'a8e962e80879dd038ade71f873748ba6') in 0.017701 seconds
Number of updated asset objects reloaded before import = 0
Number of asset objects unloaded after import = 2
========================================================================
Received Import Request.
  Time since last request: 0.000033 seconds.
  path: Assets/Resources/Materials/DungeonWalls.mat
  artifactKey: Guid(2c8c581612af88e439d8c1d314bec890) Importer(815301076,1909f56bfc062723c751e8b465ee728b)
Start importing Assets/Resources/Materials/DungeonWalls.mat using Guid(2c8c581612af88e439d8c1d314bec890) Importer(815301076,1909f56bfc062723c751e8b465ee728b)  -> (artifact id: '9fa2e59c377c3d6bc0e50f0c960c02cb') in 0.380122 seconds
Number of updated asset objects reloaded before import = 0
Number of asset objects unloaded after import = 4
========================================================================
Received Import Request.
  Time since last request: 0.000024 seconds.
  path: Assets/Resources/Materials/Electric.mat
  artifactKey: Guid(47953815bbb62404c9725a63fa86f87f) Importer(815301076,1909f56bfc062723c751e8b465ee728b)
Start importing Assets/Resources/Materials/Electric.mat using Guid(47953815bbb62404c9725a63fa86f87f) Importer(815301076,1909f56bfc062723c751e8b465ee728b)  -> (artifact id: '693287b4029151f9b2c8a6cfc005cd44') in 0.019044 seconds
Number of updated asset objects reloaded before import = 0
Number of asset objects unloaded after import = 2
========================================================================
Received Import Request.
  Time since last request: 0.000049 seconds.
  path: Assets/Resources/Materials/Wind.mat
  artifactKey: Guid(7a123fa379785054bb282507e3485391) Importer(815301076,1909f56bfc062723c751e8b465ee728b)
Start importing Assets/Resources/Materials/Wind.mat using Guid(7a123fa379785054bb282507e3485391) Importer(815301076,1909f56bfc062723c751e8b465ee728b)  -> (artifact id: '62f4291fdfdc6995489376b4e88e5e36') in 0.019212 seconds
Number of updated asset objects reloaded before import = 0
Number of asset objects unloaded after import = 2
========================================================================
Received Import Request.
  Time since last request: 33.412776 seconds.
  path: Assets/Imported Assets/AllSkyFree/Epic_BlueSunset/Epic_BlueSunset_Cam_3_Right-X.png
  artifactKey: Guid(04869052f46ba428caebe862513e3b5d) Importer(815301076,1909f56bfc062723c751e8b465ee728b)
Start importing Assets/Imported Assets/AllSkyFree/Epic_BlueSunset/Epic_BlueSunset_Cam_3_Right-X.png using Guid(04869052f46ba428caebe862513e3b5d) Importer(815301076,1909f56bfc062723c751e8b465ee728b)  -> (artifact id: '27a1be8bb11c7192cdfb943b43ddd851') in 0.025780 seconds
Number of updated asset objects reloaded before import = 0
Number of asset objects unloaded after import = 2
========================================================================
Received Import Request.
  Time since last request: 0.000027 seconds.
  path: Assets/Imported Assets/L_FG_Assets_Pack_Lite/Textures/Ground01_D.tga
  artifactKey: Guid(2f0a248e097813b4c856fdbf094e447c) Importer(815301076,1909f56bfc062723c751e8b465ee728b)
Start importing Assets/Imported Assets/L_FG_Assets_Pack_Lite/Textures/Ground01_D.tga using Guid(2f0a248e097813b4c856fdbf094e447c) Importer(815301076,1909f56bfc062723c751e8b465ee728b)  -> (artifact id: '4156f75ceaaced6a1dc436b7a6e15b6a') in 0.020658 seconds
Number of updated asset objects reloaded before import = 0
Number of asset objects unloaded after import = 2
========================================================================
Received Import Request.
  Time since last request: 0.000035 seconds.
  path: Assets/Resources/Models/Lucas/LucasTextures/Image_16.png
  artifactKey: Guid(ecac75a0fc553ce459a0fd97693c839e) Importer(815301076,1909f56bfc062723c751e8b465ee728b)
Start importing Assets/Resources/Models/Lucas/LucasTextures/Image_16.png using Guid(ecac75a0fc553ce459a0fd97693c839e) Importer(815301076,1909f56bfc062723c751e8b465ee728b)  -> (artifact id: 'a552eede06a9fdf9a97c43d120d733b0') in 0.019279 seconds
Number of updated asset objects reloaded before import = 0
Number of asset objects unloaded after import = 2
========================================================================
Received Import Request.
  Time since last request: 0.000032 seconds.
  path: Assets/Imported Assets/L_FG_Assets_Pack_Lite/Textures/Ground03_D.tga
  artifactKey: Guid(973f3c1c9f25c0b41baacb27a46a02ef) Importer(815301076,1909f56bfc062723c751e8b465ee728b)
Start importing Assets/Imported Assets/L_FG_Assets_Pack_Lite/Textures/Ground03_D.tga using Guid(973f3c1c9f25c0b41baacb27a46a02ef) Importer(815301076,1909f56bfc062723c751e8b465ee728b)  -> (artifact id: 'cb10e8e49047f3c1c7057ef007ae1325') in 0.022276 seconds
Number of updated asset objects reloaded before import = 0
Number of asset objects unloaded after import = 2
========================================================================
Received Import Request.
  Time since last request: 0.000036 seconds.
  path: Assets/Resources/Models/Lucas/LucasTextures/Image_5.png
  artifactKey: Guid(a8527d64e2cbfd3469e4b753bc27cd1d) Importer(815301076,1909f56bfc062723c751e8b465ee728b)
Start importing Assets/Resources/Models/Lucas/LucasTextures/Image_5.png using Guid(a8527d64e2cbfd3469e4b753bc27cd1d) Importer(815301076,1909f56bfc062723c751e8b465ee728b)  -> (artifact id: '32e4d036bf317653843bcfd35bc2e7d0') in 0.021455 seconds
Number of updated asset objects reloaded before import = 0
Number of asset objects unloaded after import = 2
========================================================================
Received Import Request.
  Time since last request: 0.000037 seconds.
  path: Assets/Resources/Models/Lucas/LucasTextures/Image_17.png
  artifactKey: Guid(a0dec2949cad86540b1a2a0d776c4ec0) Importer(815301076,1909f56bfc062723c751e8b465ee728b)
Start importing Assets/Resources/Models/Lucas/LucasTextures/Image_17.png using Guid(a0dec2949cad86540b1a2a0d776c4ec0) Importer(815301076,1909f56bfc062723c751e8b465ee728b)  -> (artifact id: '0eadb3e5891571fbac2e8a35c85e1884') in 0.026509 seconds
Number of updated asset objects reloaded before import = 0
Number of asset objects unloaded after import = 2
========================================================================
Received Import Request.
  Time since last request: 0.000031 seconds.
  path: Assets/Imported Assets/EffectTexturesAndPrefabs/Textures/fire_A.png
  artifactKey: Guid(e4627330551d3014bb2d466848a06dff) Importer(815301076,1909f56bfc062723c751e8b465ee728b)
Start importing Assets/Imported Assets/EffectTexturesAndPrefabs/Textures/fire_A.png using Guid(e4627330551d3014bb2d466848a06dff) Importer(815301076,1909f56bfc062723c751e8b465ee728b)  -> (artifact id: '3fea1fce7824e2f554282516cccb7256') in 0.022539 seconds
Number of updated asset objects reloaded before import = 0
Number of asset objects unloaded after import = 2
========================================================================
Received Import Request.
  Time since last request: 0.000023 seconds.
  path: Assets/Resources/Models/Lucas/LucasTextures/Image_11.png
  artifactKey: Guid(97adcc01b7d6067499b1a486ee27848d) Importer(815301076,1909f56bfc062723c751e8b465ee728b)
Start importing Assets/Resources/Models/Lucas/LucasTextures/Image_11.png using Guid(97adcc01b7d6067499b1a486ee27848d) Importer(815301076,1909f56bfc062723c751e8b465ee728b)  -> (artifact id: 'defd83b7caa46073d57a0cd87ebbfacf') in 0.024584 seconds
Number of updated asset objects reloaded before import = 0
Number of asset objects unloaded after import = 2
========================================================================
Received Import Request.
  Time since last request: 0.000024 seconds.
  path: Assets/Imported Assets/TileableBricksWall/Textures/Height_map.TGA
  artifactKey: Guid(c2d480cfeca8d5e418965feb1ec15754) Importer(815301076,1909f56bfc062723c751e8b465ee728b)
Start importing Assets/Imported Assets/TileableBricksWall/Textures/Height_map.TGA using Guid(c2d480cfeca8d5e418965feb1ec15754) Importer(815301076,1909f56bfc062723c751e8b465ee728b)  -> (artifact id: 'adfeea3da10d05b196123130939cfda5') in 0.022674 seconds
Number of updated asset objects reloaded before import = 0
Number of asset objects unloaded after import = 2
========================================================================
Received Import Request.
  Time since last request: 0.000030 seconds.
  path: Assets/Imported Assets/AllSkyFree/Epic_GloriousPink/Epic_GloriousPink_Cam_0_Front+Z.png
  artifactKey: Guid(87dff0577f22146db9255e2cf270d6ee) Importer(815301076,1909f56bfc062723c751e8b465ee728b)
Start importing Assets/Imported Assets/AllSkyFree/Epic_GloriousPink/Epic_GloriousPink_Cam_0_Front+Z.png using Guid(87dff0577f22146db9255e2cf270d6ee) Importer(815301076,1909f56bfc062723c751e8b465ee728b)  -> (artifact id: '4d08bd6eee54d62a89d61c583d918003') in 0.028721 seconds
Number of updated asset objects reloaded before import = 0
Number of asset objects unloaded after import = 2
========================================================================
Received Import Request.
  Time since last request: 0.000034 seconds.
  path: Assets/Imported Assets/A_piece_of_nature/Textures/Grass.tif
  artifactKey: Guid(54001c9f98ef1114dbb8942d53dc36c6) Importer(815301076,1909f56bfc062723c751e8b465ee728b)
Start importing Assets/Imported Assets/A_piece_of_nature/Textures/Grass.tif using Guid(54001c9f98ef1114dbb8942d53dc36c6) Importer(815301076,1909f56bfc062723c751e8b465ee728b)  -> (artifact id: '76e85e80ba7d47754257586a7d9a34e5') in 0.021642 seconds
Number of updated asset objects reloaded before import = 0
Number of asset objects unloaded after import = 2
========================================================================
Received Import Request.
  Time since last request: 0.000019 seconds.
  path: Assets/Imported Assets/L_FG_Assets_Pack_Lite/Textures/Ground05_D.tga
  artifactKey: Guid(c8dadc8c1a6ca0d4c961835979a788ec) Importer(815301076,1909f56bfc062723c751e8b465ee728b)
Start importing Assets/Imported Assets/L_FG_Assets_Pack_Lite/Textures/Ground05_D.tga using Guid(c8dadc8c1a6ca0d4c961835979a788ec) Importer(815301076,1909f56bfc062723c751e8b465ee728b)  -> (artifact id: 'e1757c94264e5ae224b92c4b84f9ed88') in 0.020181 seconds
Number of updated asset objects reloaded before import = 0
Number of asset objects unloaded after import = 2
========================================================================
Received Import Request.
  Time since last request: 0.000031 seconds.
  path: Assets/Imported Assets/L_FG_Assets_Pack_Lite/Textures/Ground06_D.tga
  artifactKey: Guid(cb5be26c69ed6d047858b2803370d725) Importer(815301076,1909f56bfc062723c751e8b465ee728b)
Start importing Assets/Imported Assets/L_FG_Assets_Pack_Lite/Textures/Ground06_D.tga using Guid(cb5be26c69ed6d047858b2803370d725) Importer(815301076,1909f56bfc062723c751e8b465ee728b)  -> (artifact id: '6a7c9a794649fcf12cfc592e2865cb74') in 0.022129 seconds
Number of updated asset objects reloaded before import = 0
Number of asset objects unloaded after import = 2
========================================================================
Received Import Request.
  Time since last request: 0.000026 seconds.
  path: Assets/Resources/Models/Laika/LaikaTextures/Image_16.png
  artifactKey: Guid(3184e747acd2066449b181ce2bcef020) Importer(815301076,1909f56bfc062723c751e8b465ee728b)
Start importing Assets/Resources/Models/Laika/LaikaTextures/Image_16.png using Guid(3184e747acd2066449b181ce2bcef020) Importer(815301076,1909f56bfc062723c751e8b465ee728b)  -> (artifact id: '93a8607bf7bf0179319b3b115e6f1940') in 0.021119 seconds
Number of updated asset objects reloaded before import = 0
Number of asset objects unloaded after import = 2
========================================================================
Received Import Request.
  Time since last request: 0.000022 seconds.
  path: Assets/Imported Assets/AllSkyFree/Epic_GloriousPink/Epic_GloriousPink_Cam_3_Right-X.png
  artifactKey: Guid(938f8444195114ab791cdba8f627e3e7) Importer(815301076,1909f56bfc062723c751e8b465ee728b)
Start importing Assets/Imported Assets/AllSkyFree/Epic_GloriousPink/Epic_GloriousPink_Cam_3_Right-X.png using Guid(938f8444195114ab791cdba8f627e3e7) Importer(815301076,1909f56bfc062723c751e8b465ee728b)  -> (artifact id: '73cf69a6fb7afa000284669c54d9b0de') in 0.029670 seconds
Number of updated asset objects reloaded before import = 0
Number of asset objects unloaded after import = 2
========================================================================
Received Import Request.
  Time since last request: 0.000023 seconds.
  path: Assets/Imported Assets/AllSkyFree/Epic_GloriousPink/Epic_GloriousPink_Cam_4_Up+Y.png
  artifactKey: Guid(c3e1d31cf8ef742ad8aed75a1fdaff49) Importer(815301076,1909f56bfc062723c751e8b465ee728b)
Start importing Assets/Imported Assets/AllSkyFree/Epic_GloriousPink/Epic_GloriousPink_Cam_4_Up+Y.png using Guid(c3e1d31cf8ef742ad8aed75a1fdaff49) Importer(815301076,1909f56bfc062723c751e8b465ee728b)  -> (artifact id: '84214c350d368d34dd9c8154135c2964') in 0.033853 seconds
Number of updated asset objects reloaded before import = 0
Number of asset objects unloaded after import = 2
========================================================================
Received Import Request.
  Time since last request: 0.000027 seconds.
  path: Assets/Imported Assets/EffectTexturesAndPrefabs/Textures/heart.png
  artifactKey: Guid(d55c061dc27d0ce4a9ec883994eb8bf3) Importer(815301076,1909f56bfc062723c751e8b465ee728b)
Start importing Assets/Imported Assets/EffectTexturesAndPrefabs/Textures/heart.png using Guid(d55c061dc27d0ce4a9ec883994eb8bf3) Importer(815301076,1909f56bfc062723c751e8b465ee728b)  -> (artifact id: '43984061d186f5e940e98398aaf5cda7') in 0.024708 seconds
Number of updated asset objects reloaded before import = 0
Number of asset objects unloaded after import = 2
========================================================================
Received Import Request.
  Time since last request: 0.000066 seconds.
  path: Assets/Imported Assets/TextMesh Pro/Examples & Extras/Textures/Gradient Diagonal (Color).jpg
  artifactKey: Guid(2ce5c55e85304b819a1826ecbc839aa5) Importer(815301076,1909f56bfc062723c751e8b465ee728b)
Start importing Assets/Imported Assets/TextMesh Pro/Examples & Extras/Textures/Gradient Diagonal (Color).jpg using Guid(2ce5c55e85304b819a1826ecbc839aa5) Importer(815301076,1909f56bfc062723c751e8b465ee728b)  -> (artifact id: '455ec3ae7e9f24a0a654784627f2db3d') in 0.022875 seconds
Number of updated asset objects reloaded before import = 0
Number of asset objects unloaded after import = 2
========================================================================
Received Import Request.
  Time since last request: 0.000032 seconds.
  path: Assets/Resources/Models/Laika/LaikaTextures/Image_4.png
  artifactKey: Guid(7433c794450ee5a4381ed1d521f004cd) Importer(815301076,1909f56bfc062723c751e8b465ee728b)
Start importing Assets/Resources/Models/Laika/LaikaTextures/Image_4.png using Guid(7433c794450ee5a4381ed1d521f004cd) Importer(815301076,1909f56bfc062723c751e8b465ee728b)  -> (artifact id: '0e1ba1153fbbb3b09f97a5cecbc1057e') in 0.022711 seconds
Number of updated asset objects reloaded before import = 0
Number of asset objects unloaded after import = 2
========================================================================
Received Import Request.
  Time since last request: 0.000021 seconds.
  path: Assets/Resources/Models/Lucas/LucasTextures/Image_6.png
  artifactKey: Guid(42588053e7949084e9286387dd5525e5) Importer(815301076,1909f56bfc062723c751e8b465ee728b)
Start importing Assets/Resources/Models/Lucas/LucasTextures/Image_6.png using Guid(42588053e7949084e9286387dd5525e5) Importer(815301076,1909f56bfc062723c751e8b465ee728b)  -> (artifact id: 'a3c5892000b817049cbc63489c7ab3e4') in 0.022655 seconds
Number of updated asset objects reloaded before import = 0
Number of asset objects unloaded after import = 2
========================================================================
Received Import Request.
  Time since last request: 0.000021 seconds.
  path: Assets/Imported Assets/TextMesh Pro/Examples & Extras/Fonts/Roboto-Bold.ttf
  artifactKey: Guid(4beb055f07aaff244873dec698d0363e) Importer(815301076,1909f56bfc062723c751e8b465ee728b)
Start importing Assets/Imported Assets/TextMesh Pro/Examples & Extras/Fonts/Roboto-Bold.ttf using Guid(4beb055f07aaff244873dec698d0363e) Importer(815301076,1909f56bfc062723c751e8b465ee728b)  -> (artifact id: 'f84dca7d224b3cf79625c2fba2bfb35f') in 0.022152 seconds
Number of updated asset objects reloaded before import = 0
Number of asset objects unloaded after import = 5
========================================================================
Received Import Request.
  Time since last request: 0.000026 seconds.
  path: Assets/Imported Assets/TextMesh Pro/Examples & Extras/Fonts/Electronic Highway Sign.TTF
  artifactKey: Guid(8a2b9e2a607dd2143b58c44bc32410b4) Importer(815301076,1909f56bfc062723c751e8b465ee728b)
Start importing Assets/Imported Assets/TextMesh Pro/Examples & Extras/Fonts/Electronic Highway Sign.TTF using Guid(8a2b9e2a607dd2143b58c44bc32410b4) Importer(815301076,1909f56bfc062723c751e8b465ee728b)  -> (artifact id: 'f21bb7d1260ac9446e39210546da6531') in 0.011558 seconds
Number of updated asset objects reloaded before import = 0
Number of asset objects unloaded after import = 5
========================================================================
Received Import Request.
  Time since last request: 0.000023 seconds.
  path: Assets/Imported Assets/Inguz Media Studio/Free 2D Impact FX/Demo Scene/Righteous-Regular.ttf
  artifactKey: Guid(d45bc23e3b5ab9a40b99d657a158a451) Importer(815301076,1909f56bfc062723c751e8b465ee728b)
Start importing Assets/Imported Assets/Inguz Media Studio/Free 2D Impact FX/Demo Scene/Righteous-Regular.ttf using Guid(d45bc23e3b5ab9a40b99d657a158a451) Importer(815301076,1909f56bfc062723c751e8b465ee728b)  -> (artifact id: 'b4db0e4be77c953729c2e9c6a5ce2690') in 0.019283 seconds
Number of updated asset objects reloaded before import = 0
Number of asset objects unloaded after import = 5
========================================================================
Received Import Request.
  Time since last request: 0.000049 seconds.
  path: Assets/Imported Assets/AllSkyFree/Epic_GloriousPink/Epic_GloriousPink_Cam_1_Back-Z.png
  artifactKey: Guid(8e7251cff63ea413db367d2893f57bf6) Importer(815301076,1909f56bfc062723c751e8b465ee728b)
Start importing Assets/Imported Assets/AllSkyFree/Epic_GloriousPink/Epic_GloriousPink_Cam_1_Back-Z.png using Guid(8e7251cff63ea413db367d2893f57bf6) Importer(815301076,1909f56bfc062723c751e8b465ee728b)  -> (artifact id: '82e50bbfa48ee5454f8c51ea1175aa88') in 0.025887 seconds
Number of updated asset objects reloaded before import = 0
Number of asset objects unloaded after import = 2
========================================================================
Received Import Request.
  Time since last request: 65.467640 seconds.
  path: Assets/Resources/2D_Art/TutorialExamples/1.PNG
  artifactKey: Guid(e438f64d65683dc4b838e5634a345155) Importer(815301076,1909f56bfc062723c751e8b465ee728b)
Start importing Assets/Resources/2D_Art/TutorialExamples/1.PNG using Guid(e438f64d65683dc4b838e5634a345155) Importer(815301076,1909f56bfc062723c751e8b465ee728b)  -> (artifact id: '19df8ee11acf6f41e65009ded9cf8805') in 0.027984 seconds
Number of updated asset objects reloaded before import = 0
Number of asset objects unloaded after import = 3
========================================================================
Received Import Request.
  Time since last request: 0.000085 seconds.
  path: Assets/Resources/2D_Art/TutorialExamples/5.PNG
  artifactKey: Guid(7ff4f47116b1f60458fa98fe197c4dbd) Importer(815301076,1909f56bfc062723c751e8b465ee728b)
Start importing Assets/Resources/2D_Art/TutorialExamples/5.PNG using Guid(7ff4f47116b1f60458fa98fe197c4dbd) Importer(815301076,1909f56bfc062723c751e8b465ee728b)  -> (artifact id: '91be82f91688ee8db812693e2cec6d98') in 0.034378 seconds
Number of updated asset objects reloaded before import = 0
Number of asset objects unloaded after import = 3
========================================================================
Received Import Request.
  Time since last request: 0.000028 seconds.
  path: Assets/Imported Assets/AllSkyFree/Cartoon Base NightSky/Cartoon Base NightSky_Cam_3_Right-X.png
  artifactKey: Guid(69090bcf98b624e77a2f519630debe54) Importer(815301076,1909f56bfc062723c751e8b465ee728b)
Start importing Assets/Imported Assets/AllSkyFree/Cartoon Base NightSky/Cartoon Base NightSky_Cam_3_Right-X.png using Guid(69090bcf98b624e77a2f519630debe54) Importer(815301076,1909f56bfc062723c751e8b465ee728b)  -> (artifact id: 'df1eec75e3e97eb272a8e76ef295b0e4') in 0.023395 seconds
Number of updated asset objects reloaded before import = 0
Number of asset objects unloaded after import = 2
========================================================================
Received Import Request.
  Time since last request: 0.000019 seconds.
  path: Assets/Imported Assets/AllSkyFree/Cold Night/Cold Night__Cam_1_Back-Z.png
  artifactKey: Guid(7a03001a6d7c746a2a2467b3b3f51660) Importer(815301076,1909f56bfc062723c751e8b465ee728b)
Start importing Assets/Imported Assets/AllSkyFree/Cold Night/Cold Night__Cam_1_Back-Z.png using Guid(7a03001a6d7c746a2a2467b3b3f51660) Importer(815301076,1909f56bfc062723c751e8b465ee728b)  -> (artifact id: '811027c2947379ba4a98949855db44a0') in 0.032188 seconds
Number of updated asset objects reloaded before import = 0
Number of asset objects unloaded after import = 2
========================================================================
Received Import Request.
  Time since last request: 0.000303 seconds.
  path: Assets/Resources/Models/Rufio/Rufio Textures/_16.png
  artifactKey: Guid(15c8c817e06d2a240b34effcc6ec54e5) Importer(815301076,1909f56bfc062723c751e8b465ee728b)
Start importing Assets/Resources/Models/Rufio/Rufio Textures/_16.png using Guid(15c8c817e06d2a240b34effcc6ec54e5) Importer(815301076,1909f56bfc062723c751e8b465ee728b)  -> (artifact id: '92cc1c2f657cbf6bde028ee48a1e335e') in 0.022844 seconds
Number of updated asset objects reloaded before import = 0
Number of asset objects unloaded after import = 2
========================================================================
Received Import Request.
  Time since last request: 0.000026 seconds.
  path: Assets/Imported Assets/L_FG_Assets_Pack_Lite/Textures/Campfire01_D.tga
  artifactKey: Guid(a7bcb8c637bb87b43a1d617858c93fb4) Importer(815301076,1909f56bfc062723c751e8b465ee728b)
Start importing Assets/Imported Assets/L_FG_Assets_Pack_Lite/Textures/Campfire01_D.tga using Guid(a7bcb8c637bb87b43a1d617858c93fb4) Importer(815301076,1909f56bfc062723c751e8b465ee728b)  -> (artifact id: '7b250238df240acfb6c583148c2ff4b2') in 0.020195 seconds
Number of updated asset objects reloaded before import = 0
Number of asset objects unloaded after import = 2
========================================================================
Received Import Request.
  Time since last request: 0.000085 seconds.
  path: Assets/Imported Assets/AllSkyFree/Cartoon Base NightSky/Cartoon Base NightSky_Cam_4_Up+Y.png
  artifactKey: Guid(d8144633fec3342d9b7d9388377fb2a6) Importer(815301076,1909f56bfc062723c751e8b465ee728b)
Start importing Assets/Imported Assets/AllSkyFree/Cartoon Base NightSky/Cartoon Base NightSky_Cam_4_Up+Y.png using Guid(d8144633fec3342d9b7d9388377fb2a6) Importer(815301076,1909f56bfc062723c751e8b465ee728b)  -> (artifact id: '7d29fd359df422ac42156b67f5654172') in 0.026544 seconds
Number of updated asset objects reloaded before import = 0
Number of asset objects unloaded after import = 2
========================================================================
Received Import Request.
  Time since last request: 0.000021 seconds.
  path: Assets/Imported Assets/AllSkyFree/Cold Night/Cold Night Equirect.png
  artifactKey: Guid(97259d0c0ea9f491692be825da27978a) Importer(815301076,1909f56bfc062723c751e8b465ee728b)
Start importing Assets/Imported Assets/AllSkyFree/Cold Night/Cold Night Equirect.png using Guid(97259d0c0ea9f491692be825da27978a) Importer(815301076,1909f56bfc062723c751e8b465ee728b)  -> (artifact id: '8e9f9de449fa5c5a2313870368f5dc84') in 0.064546 seconds
Number of updated asset objects reloaded before import = 0
Number of asset objects unloaded after import = 2
========================================================================
Received Import Request.
  Time since last request: 0.000038 seconds.
  path: Assets/Imported Assets/AllSkyFree/Cold Sunset/Cold Sunset__Cam_0_Front+Z.png
  artifactKey: Guid(6774108631deb4532b5f7df6e4f779a7) Importer(815301076,1909f56bfc062723c751e8b465ee728b)
Start importing Assets/Imported Assets/AllSkyFree/Cold Sunset/Cold Sunset__Cam_0_Front+Z.png using Guid(6774108631deb4532b5f7df6e4f779a7) Importer(815301076,1909f56bfc062723c751e8b465ee728b)  -> (artifact id: '81af66b333c55b8c0797a1de693fd1f8') in 0.026098 seconds
Number of updated asset objects reloaded before import = 0
Number of asset objects unloaded after import = 2
========================================================================
Received Import Request.
  Time since last request: 0.000036 seconds.
  path: Assets/Imported Assets/L_FG_Assets_Pack_Lite/Textures/Bloom01_D.tga
  artifactKey: Guid(d91d8da8e4aa7cf429592f49bcc06d9c) Importer(815301076,1909f56bfc062723c751e8b465ee728b)
Start importing Assets/Imported Assets/L_FG_Assets_Pack_Lite/Textures/Bloom01_D.tga using Guid(d91d8da8e4aa7cf429592f49bcc06d9c) Importer(815301076,1909f56bfc062723c751e8b465ee728b)  -> (artifact id: 'dcb6e457fae6c67a52bbb54c1bb033a8') in 0.018985 seconds
Number of updated asset objects reloaded before import = 0
Number of asset objects unloaded after import = 2
========================================================================
Received Import Request.
  Time since last request: 0.000030 seconds.
  path: Assets/Imported Assets/A_piece_of_nature/Textures/Chest_specular.tif
  artifactKey: Guid(2487fa2d2922b844e9d8745af1097e95) Importer(815301076,1909f56bfc062723c751e8b465ee728b)
Start importing Assets/Imported Assets/A_piece_of_nature/Textures/Chest_specular.tif using Guid(2487fa2d2922b844e9d8745af1097e95) Importer(815301076,1909f56bfc062723c751e8b465ee728b)  -> (artifact id: 'ccb584f4092844dd88cc99db62bd4857') in 0.022804 seconds
Number of updated asset objects reloaded before import = 0
Number of asset objects unloaded after import = 2
========================================================================
Received Import Request.
  Time since last request: 0.000026 seconds.
  path: Assets/Resources/Models/Rufio/Rufio Textures/_15.png
  artifactKey: Guid(55955ba2e75f9bf429fe694757233cae) Importer(815301076,1909f56bfc062723c751e8b465ee728b)
Start importing Assets/Resources/Models/Rufio/Rufio Textures/_15.png using Guid(55955ba2e75f9bf429fe694757233cae) Importer(815301076,1909f56bfc062723c751e8b465ee728b)  -> (artifact id: '6179e074af8c1d24b1c79c27bf843a21') in 0.021252 seconds
Number of updated asset objects reloaded before import = 0
Number of asset objects unloaded after import = 2
========================================================================
Received Import Request.
  Time since last request: 0.000021 seconds.
  path: Assets/Resources/Models/Rufio/Rufio Textures/_06.png
  artifactKey: Guid(d0223ded28c1e10489170e1bb7ff3e06) Importer(815301076,1909f56bfc062723c751e8b465ee728b)
Start importing Assets/Resources/Models/Rufio/Rufio Textures/_06.png using Guid(d0223ded28c1e10489170e1bb7ff3e06) Importer(815301076,1909f56bfc062723c751e8b465ee728b)  -> (artifact id: 'b352978e7de067cfc640ab462b8c3c21') in 0.024469 seconds
Number of updated asset objects reloaded before import = 0
Number of asset objects unloaded after import = 2
========================================================================
Received Import Request.
  Time since last request: 0.000027 seconds.
  path: Assets/Imported Assets/TextMesh Pro/Examples & Extras/Resources/Fonts & Materials/Anton SDF.asset
  artifactKey: Guid(8a89fa14b10d46a99122fd4f73fca9a2) Importer(815301076,1909f56bfc062723c751e8b465ee728b)
Start importing Assets/Imported Assets/TextMesh Pro/Examples & Extras/Resources/Fonts & Materials/Anton SDF.asset using Guid(8a89fa14b10d46a99122fd4f73fca9a2) Importer(815301076,1909f56bfc062723c751e8b465ee728b)  -> (artifact id: 'f2dfdae78215d0e85d7b6f73846d0cc4') in 0.036712 seconds
Number of updated asset objects reloaded before import = 0
Number of asset objects unloaded after import = 7
========================================================================
Received Import Request.
  Time since last request: 0.000023 seconds.
  path: Assets/Resources/Models/Rufio/Rufio Textures/_03.png
  artifactKey: Guid(48cb2aea3cb65574fa09980b9dd76531) Importer(815301076,1909f56bfc062723c751e8b465ee728b)
Start importing Assets/Resources/Models/Rufio/Rufio Textures/_03.png using Guid(48cb2aea3cb65574fa09980b9dd76531) Importer(815301076,1909f56bfc062723c751e8b465ee728b)  -> (artifact id: '124d7cf29365d7c724f89ff9080af5af') in 0.026357 seconds
Number of updated asset objects reloaded before import = 0
Number of asset objects unloaded after import = 2
========================================================================
Received Import Request.
  Time since last request: 0.000029 seconds.
  path: Assets/Resources/2D_Art/TutorialExamples/3.PNG
  artifactKey: Guid(a51cd6e802588d34baa2a5e06aaa71aa) Importer(815301076,1909f56bfc062723c751e8b465ee728b)
Start importing Assets/Resources/2D_Art/TutorialExamples/3.PNG using Guid(a51cd6e802588d34baa2a5e06aaa71aa) Importer(815301076,1909f56bfc062723c751e8b465ee728b)  -> (artifact id: '61e37988cae2a321bc5d3dc1ea9c9892') in 0.026517 seconds
Number of updated asset objects reloaded before import = 0
Number of asset objects unloaded after import = 3
========================================================================
Received Import Request.
  Time since last request: 0.000025 seconds.
  path: Assets/Resources/Models/Rufio/Rufio Textures/_12.png
  artifactKey: Guid(885d8b9aa924055489cf6ec391790998) Importer(815301076,1909f56bfc062723c751e8b465ee728b)
Start importing Assets/Resources/Models/Rufio/Rufio Textures/_12.png using Guid(885d8b9aa924055489cf6ec391790998) Importer(815301076,1909f56bfc062723c751e8b465ee728b)  -> (artifact id: '5f875fbd79b571bb11ed3673dfbd9436') in 0.025957 seconds
Number of updated asset objects reloaded before import = 0
Number of asset objects unloaded after import = 2
========================================================================
Received Import Request.
  Time since last request: 0.000028 seconds.
  path: Assets/Imported Assets/AllSkyFree/Cartoon Base NightSky/Cartoon Base NightSky_Cam_5_Down-Y.png
  artifactKey: Guid(e23c4e30896d34af5beb066fcf2790c7) Importer(815301076,1909f56bfc062723c751e8b465ee728b)
Start importing Assets/Imported Assets/AllSkyFree/Cartoon Base NightSky/Cartoon Base NightSky_Cam_5_Down-Y.png using Guid(e23c4e30896d34af5beb066fcf2790c7) Importer(815301076,1909f56bfc062723c751e8b465ee728b)  -> (artifact id: '61a84f9ebb9dae17f1f1eddf60a46d3f') in 0.027738 seconds
Number of updated asset objects reloaded before import = 0
Number of asset objects unloaded after import = 2
========================================================================
Received Import Request.
  Time since last request: 0.000026 seconds.
  path: Assets/Resources/Models/Rufio/Rufio Textures/_10.png
  artifactKey: Guid(d066fa6ad1186974da50ce8c2c78ba4d) Importer(815301076,1909f56bfc062723c751e8b465ee728b)
Start importing Assets/Resources/Models/Rufio/Rufio Textures/_10.png using Guid(d066fa6ad1186974da50ce8c2c78ba4d) Importer(815301076,1909f56bfc062723c751e8b465ee728b)  -> (artifact id: '952e2053cf8959e44ddb26fe1dc2ae0c') in 0.026457 seconds
Number of updated asset objects reloaded before import = 0
Number of asset objects unloaded after import = 2
========================================================================
Received Import Request.
  Time since last request: 0.000022 seconds.
  path: Assets/Resources/Models/Rufio/Rufio Textures/_04.png
  artifactKey: Guid(70f565ad27d726c4f9c3e2947d3ec1ec) Importer(815301076,1909f56bfc062723c751e8b465ee728b)
Start importing Assets/Resources/Models/Rufio/Rufio Textures/_04.png using Guid(70f565ad27d726c4f9c3e2947d3ec1ec) Importer(815301076,1909f56bfc062723c751e8b465ee728b)  -> (artifact id: '7771ec255651bad50370bd03f936ad16') in 0.021104 seconds
Number of updated asset objects reloaded before import = 0
Number of asset objects unloaded after import = 2
========================================================================
Received Import Request.
  Time since last request: 0.000022 seconds.
  path: Assets/Imported Assets/L_FG_Assets_Pack_Lite/Textures/Coffin01_D.tga
  artifactKey: Guid(e0200931da2c3f54085c12c6ccc5775f) Importer(815301076,1909f56bfc062723c751e8b465ee728b)
Start importing Assets/Imported Assets/L_FG_Assets_Pack_Lite/Textures/Coffin01_D.tga using Guid(e0200931da2c3f54085c12c6ccc5775f) Importer(815301076,1909f56bfc062723c751e8b465ee728b)  -> (artifact id: '4cb83d43b13d792d034c0b978cf41358') in 0.018990 seconds
Number of updated asset objects reloaded before import = 0
Number of asset objects unloaded after import = 2
========================================================================
Received Import Request.
  Time since last request: 0.000020 seconds.
  path: Assets/Imported Assets/AllSkyFree/Cartoon Base NightSky/Cartoon Base NightSky Equirect.png
  artifactKey: Guid(7659947706e294d97a22faa1d4011724) Importer(815301076,1909f56bfc062723c751e8b465ee728b)
Start importing Assets/Imported Assets/AllSkyFree/Cartoon Base NightSky/Cartoon Base NightSky Equirect.png using Guid(7659947706e294d97a22faa1d4011724) Importer(815301076,1909f56bfc062723c751e8b465ee728b)  -> (artifact id: '67365d998535c9ec1b391142066c8f88') in 0.046281 seconds
Number of updated asset objects reloaded before import = 0
Number of asset objects unloaded after import = 2
========================================================================
Received Import Request.
  Time since last request: 0.000028 seconds.
  path: Assets/Imported Assets/AllSkyFree/Night MoonBurst/AllSky_Night_MoonBurst Equirect.png
  artifactKey: Guid(34a763168147f4182a21b9fd004d67de) Importer(815301076,1909f56bfc062723c751e8b465ee728b)
Start importing Assets/Imported Assets/AllSkyFree/Night MoonBurst/AllSky_Night_MoonBurst Equirect.png using Guid(34a763168147f4182a21b9fd004d67de) Importer(815301076,1909f56bfc062723c751e8b465ee728b)  -> (artifact id: '4168f76db7026bc5d21459701c745613') in 0.044012 seconds
Number of updated asset objects reloaded before import = 0
Number of asset objects unloaded after import = 2
========================================================================
Received Import Request.
  Time since last request: 0.000031 seconds.
  path: Assets/Imported Assets/AllSkyFree/Cold Sunset/Cold Sunset__Cam_2_Left+X.png
  artifactKey: Guid(ce026dfecbc694085a1d87a22f3bb49d) Importer(815301076,1909f56bfc062723c751e8b465ee728b)
Start importing Assets/Imported Assets/AllSkyFree/Cold Sunset/Cold Sunset__Cam_2_Left+X.png using Guid(ce026dfecbc694085a1d87a22f3bb49d) Importer(815301076,1909f56bfc062723c751e8b465ee728b)  -> (artifact id: 'f56fb9e4ada82cc93f119c3694b54563') in 0.025505 seconds
Number of updated asset objects reloaded before import = 0
Number of asset objects unloaded after import = 2
========================================================================
Received Import Request.
  Time since last request: 0.000045 seconds.
  path: Assets/Imported Assets/AllSkyFree/Cold Night/Cold Night__Cam_2_Left+X.png
  artifactKey: Guid(3aa922ca8577f4f66b8810ab41310933) Importer(815301076,1909f56bfc062723c751e8b465ee728b)
Start importing Assets/Imported Assets/AllSkyFree/Cold Night/Cold Night__Cam_2_Left+X.png using Guid(3aa922ca8577f4f66b8810ab41310933) Importer(815301076,1909f56bfc062723c751e8b465ee728b)  -> (artifact id: 'a3ad0ff378c9a2b00890712f29d933d6') in 0.025401 seconds
Number of updated asset objects reloaded before import = 0
Number of asset objects unloaded after import = 2
========================================================================
Received Import Request.
  Time since last request: 0.043506 seconds.
  path: Assets/Imported Assets/AllSkyFree/Cold Sunset/Cold Sunset__Cam_4_Up+Y.png
  artifactKey: Guid(c9658c52dbf374bf6aeeb26310f71145) Importer(815301076,1909f56bfc062723c751e8b465ee728b)
Start importing Assets/Imported Assets/AllSkyFree/Cold Sunset/Cold Sunset__Cam_4_Up+Y.png using Guid(c9658c52dbf374bf6aeeb26310f71145) Importer(815301076,1909f56bfc062723c751e8b465ee728b)  -> (artifact id: '7280eb8a718fd34bb9e07ac35ee74595') in 0.025583 seconds
Number of updated asset objects reloaded before import = 0
Number of asset objects unloaded after import = 2
========================================================================
Received Import Request.
  Time since last request: 0.000022 seconds.
  path: Assets/Imported Assets/AllSkyFree/Deep Dusk/Deep Dusk__Cam_1_Back-Z.png
  artifactKey: Guid(5e2aba0844c5a4c2ca77ba49a1ea08d5) Importer(815301076,1909f56bfc062723c751e8b465ee728b)
Start importing Assets/Imported Assets/AllSkyFree/Deep Dusk/Deep Dusk__Cam_1_Back-Z.png using Guid(5e2aba0844c5a4c2ca77ba49a1ea08d5) Importer(815301076,1909f56bfc062723c751e8b465ee728b)  -> (artifact id: '8dd9aedf37aec08b8052e6ece4f7f53f') in 0.025179 seconds
Number of updated asset objects reloaded before import = 0
Number of asset objects unloaded after import = 2
========================================================================
Received Import Request.
  Time since last request: 0.000022 seconds.
  path: Assets/Imported Assets/AllSkyFree/Deep Dusk/Deep Dusk__Cam_5_Down-Y.png
  artifactKey: Guid(2e38ed7c39e8e4314930da8a86ae7a88) Importer(815301076,1909f56bfc062723c751e8b465ee728b)
Start importing Assets/Imported Assets/AllSkyFree/Deep Dusk/Deep Dusk__Cam_5_Down-Y.png using Guid(2e38ed7c39e8e4314930da8a86ae7a88) Importer(815301076,1909f56bfc062723c751e8b465ee728b)  -> (artifact id: '990346238c5a2ad050b1ee2a427f6918') in 0.027491 seconds
Number of updated asset objects reloaded before import = 0
Number of asset objects unloaded after import = 2
========================================================================
Received Import Request.
  Time since last request: 0.000026 seconds.
  path: Assets/Imported Assets/AllSkyFree/Deep Dusk/Deep Dusk Equirect.png
  artifactKey: Guid(66e51860485ae4048a30f7e029e65af7) Importer(815301076,1909f56bfc062723c751e8b465ee728b)
Start importing Assets/Imported Assets/AllSkyFree/Deep Dusk/Deep Dusk Equirect.png using Guid(66e51860485ae4048a30f7e029e65af7) Importer(815301076,1909f56bfc062723c751e8b465ee728b)  -> (artifact id: 'ca00e8f8257bbc34b56a6c1219bf623b') in 0.059090 seconds
Number of updated asset objects reloaded before import = 0
Number of asset objects unloaded after import = 2
========================================================================
Received Import Request.
  Time since last request: 0.000037 seconds.
  path: Assets/Imported Assets/AllSkyFree/Deep Dusk/Deep Dusk__Cam_0_Front+Z.png
  artifactKey: Guid(5fdaaa9d974104e6d8f9e575170a0c70) Importer(815301076,1909f56bfc062723c751e8b465ee728b)
Start importing Assets/Imported Assets/AllSkyFree/Deep Dusk/Deep Dusk__Cam_0_Front+Z.png using Guid(5fdaaa9d974104e6d8f9e575170a0c70) Importer(815301076,1909f56bfc062723c751e8b465ee728b)  -> (artifact id: '015f1b6c5a7e7931d2bfd0f27cf1f32e') in 0.024017 seconds
Number of updated asset objects reloaded before import = 0
Number of asset objects unloaded after import = 2
========================================================================
Received Import Request.
  Time since last request: 0.405636 seconds.
  path: Assets/Imported Assets/TextMesh Pro/Examples & Extras/Sprites/DropCap Numbers.psd
  artifactKey: Guid(fd09957580ac4326916010f1f260975b) Importer(815301076,1909f56bfc062723c751e8b465ee728b)
Start importing Assets/Imported Assets/TextMesh Pro/Examples & Extras/Sprites/DropCap Numbers.psd using Guid(fd09957580ac4326916010f1f260975b) Importer(815301076,1909f56bfc062723c751e8b465ee728b)  -> (artifact id: '3b6bf285af9829c4337da03b9bdca427') in 0.028997 seconds
Number of updated asset objects reloaded before import = 0
Number of asset objects unloaded after import = 2
========================================================================
Received Import Request.
  Time since last request: 0.000026 seconds.
  path: Assets/Imported Assets/L_FG_Assets_Pack_Lite/Textures/Dust01_D.tga
  artifactKey: Guid(4c7c6603f24a4d2408c4ee28b79121ca) Importer(815301076,1909f56bfc062723c751e8b465ee728b)
Start importing Assets/Imported Assets/L_FG_Assets_Pack_Lite/Textures/Dust01_D.tga using Guid(4c7c6603f24a4d2408c4ee28b79121ca) Importer(815301076,1909f56bfc062723c751e8b465ee728b)  -> (artifact id: 'a962219b376cc439732f66d6fcc6b1ac') in 0.024480 seconds
Number of updated asset objects reloaded before import = 0
Number of asset objects unloaded after import = 2
========================================================================
Received Import Request.
  Time since last request: 0.000027 seconds.
  path: Assets/Imported Assets/TextMesh Pro/Examples & Extras/Resources/Fonts & Materials/Electronic Highway Sign SDF.asset
  artifactKey: Guid(dc36b3fdc14f47ebb36fd484a67e268a) Importer(815301076,1909f56bfc062723c751e8b465ee728b)
Start importing Assets/Imported Assets/TextMesh Pro/Examples & Extras/Resources/Fonts & Materials/Electronic Highway Sign SDF.asset using Guid(dc36b3fdc14f47ebb36fd484a67e268a) Importer(815301076,1909f56bfc062723c751e8b465ee728b)  -> (artifact id: '42c5824a7a3fe0b2c4872cc7a9ce6459') in 0.031259 seconds
Number of updated asset objects reloaded before import = 0
Number of asset objects unloaded after import = 7
========================================================================
Received Import Request.
  Time since last request: 0.000027 seconds.
  path: Assets/Imported Assets/TextMesh Pro/Sprites/EmojiOne.png
  artifactKey: Guid(dffef66376be4fa480fb02b19edbe903) Importer(815301076,1909f56bfc062723c751e8b465ee728b)
Start importing Assets/Imported Assets/TextMesh Pro/Sprites/EmojiOne.png using Guid(dffef66376be4fa480fb02b19edbe903) Importer(815301076,1909f56bfc062723c751e8b465ee728b)  -> (artifact id: '92eddaccab6313f87fc374e1f655f546') in 0.021294 seconds
Number of updated asset objects reloaded before import = 0
Number of asset objects unloaded after import = 2
========================================================================
Received Import Request.
  Time since last request: 1.278098 seconds.
  path: Assets/Resources/Models/Lucas/LucasTextures/Image_18.png
  artifactKey: Guid(e4c84fb10fa80af46b5e04b4f68fb254) Importer(815301076,1909f56bfc062723c751e8b465ee728b)
Start importing Assets/Resources/Models/Lucas/LucasTextures/Image_18.png using Guid(e4c84fb10fa80af46b5e04b4f68fb254) Importer(815301076,1909f56bfc062723c751e8b465ee728b)  -> (artifact id: '9c8dc01cd77b8f0c3202065a2b903190') in 0.024020 seconds
Number of updated asset objects reloaded before import = 0
Number of asset objects unloaded after import = 2
========================================================================
Received Import Request.
  Time since last request: 0.000020 seconds.
  path: Assets/Imported Assets/TextMesh Pro/Resources/Fonts & Materials/LiberationSans SDF - Fallback.asset
  artifactKey: Guid(2e498d1c8094910479dc3e1b768306a4) Importer(815301076,1909f56bfc062723c751e8b465ee728b)
Start importing Assets/Imported Assets/TextMesh Pro/Resources/Fonts & Materials/LiberationSans SDF - Fallback.asset using Guid(2e498d1c8094910479dc3e1b768306a4) Importer(815301076,1909f56bfc062723c751e8b465ee728b)  -> (artifact id: '4bc03b43a3d09474adc463ff925c27c3') in 0.032185 seconds
Number of updated asset objects reloaded before import = 0
Number of asset objects unloaded after import = 7
========================================================================
Received Import Request.
  Time since last request: 0.000029 seconds.
  path: Assets/Imported Assets/TextMesh Pro/Resources/Fonts & Materials/LiberationSans SDF.asset
  artifactKey: Guid(8f586378b4e144a9851e7b34d9b748ee) Importer(815301076,1909f56bfc062723c751e8b465ee728b)
Start importing Assets/Imported Assets/TextMesh Pro/Resources/Fonts & Materials/LiberationSans SDF.asset using Guid(8f586378b4e144a9851e7b34d9b748ee) Importer(815301076,1909f56bfc062723c751e8b465ee728b)  -> (artifact id: '2197d3a303452221c87c3c92e5f76d2a') in 0.035833 seconds
Number of updated asset objects reloaded before import = 0
Number of asset objects unloaded after import = 10
========================================================================
Received Import Request.
  Time since last request: 0.000043 seconds.
  path: Assets/Imported Assets/EffectTexturesAndPrefabs/Textures/light_ring.png
  artifactKey: Guid(e8e4bc588b1176c4aafab4804c6d8d98) Importer(815301076,1909f56bfc062723c751e8b465ee728b)
Start importing Assets/Imported Assets/EffectTexturesAndPrefabs/Textures/light_ring.png using Guid(e8e4bc588b1176c4aafab4804c6d8d98) Importer(815301076,1909f56bfc062723c751e8b465ee728b)  -> (artifact id: '8746ffb40e320e0b3983786a51b6da75') in 0.025849 seconds
Number of updated asset objects reloaded before import = 0
Number of asset objects unloaded after import = 2
========================================================================
Received Import Request.
  Time since last request: 0.000051 seconds.
  path: Assets/Imported Assets/L_FG_Assets_Pack_Lite/Demo/Demo6/Lightmap-2_comp_light.exr
  artifactKey: Guid(d606cbdb9d059e8449759f75a0c18d89) Importer(815301076,1909f56bfc062723c751e8b465ee728b)
Start importing Assets/Imported Assets/L_FG_Assets_Pack_Lite/Demo/Demo6/Lightmap-2_comp_light.exr using Guid(d606cbdb9d059e8449759f75a0c18d89) Importer(815301076,1909f56bfc062723c751e8b465ee728b)  -> (artifact id: '9ddde38b44d3919950b6b9c089ab2be3') in 0.042203 seconds
Number of updated asset objects reloaded before import = 0
Number of asset objects unloaded after import = 2
========================================================================
Received Import Request.
  Time since last request: 0.000039 seconds.
  path: Assets/Imported Assets/L_FG_Assets_Pack_Lite/Demo/Demo6/Lightmap-3_comp_light.exr
  artifactKey: Guid(c7c207c28c6a8cd4c8578b66e4eb2e7b) Importer(815301076,1909f56bfc062723c751e8b465ee728b)
Start importing Assets/Imported Assets/L_FG_Assets_Pack_Lite/Demo/Demo6/Lightmap-3_comp_light.exr using Guid(c7c207c28c6a8cd4c8578b66e4eb2e7b) Importer(815301076,1909f56bfc062723c751e8b465ee728b)  -> (artifact id: '5eb5aad696b0655e7b2b0f64b813d19b') in 0.036464 seconds
Number of updated asset objects reloaded before import = 0
Number of asset objects unloaded after import = 2
========================================================================
Received Import Request.
  Time since last request: 0.000023 seconds.
  path: Assets/Scenes/GameScenes/StartLevel/Lightmap-0_comp_light.exr
  artifactKey: Guid(93f91b0876edf414baf9f83f0c0c2a54) Importer(815301076,1909f56bfc062723c751e8b465ee728b)
Start importing Assets/Scenes/GameScenes/StartLevel/Lightmap-0_comp_light.exr using Guid(93f91b0876edf414baf9f83f0c0c2a54) Importer(815301076,1909f56bfc062723c751e8b465ee728b)  -> (artifact id: 'ac5b3c4637bd2200be89cf4743b00439') in 0.023635 seconds
Number of updated asset objects reloaded before import = 0
Number of asset objects unloaded after import = 2
========================================================================
Received Import Request.
  Time since last request: 0.000035 seconds.
  path: Assets/Scenes/GameScenes/StartLevel/Lightmap-0_comp_dir.png
  artifactKey: Guid(5a054871468debb44aef02e9c145212e) Importer(815301076,1909f56bfc062723c751e8b465ee728b)
Start importing Assets/Scenes/GameScenes/StartLevel/Lightmap-0_comp_dir.png using Guid(5a054871468debb44aef02e9c145212e) Importer(815301076,1909f56bfc062723c751e8b465ee728b)  -> (artifact id: 'c83f7861594e1441cdaad40b40ba21a1') in 0.028351 seconds
Number of updated asset objects reloaded before import = 0
Number of asset objects unloaded after import = 2
========================================================================
Received Import Request.
  Time since last request: 0.000035 seconds.
  path: Assets/Imported Assets/Inguz Media Studio/Free 2D Impact FX/Demo Scene/instructions.psd
  artifactKey: Guid(d87e14d5e3f9d3f4a877bcf542d8ebed) Importer(815301076,1909f56bfc062723c751e8b465ee728b)
Start importing Assets/Imported Assets/Inguz Media Studio/Free 2D Impact FX/Demo Scene/instructions.psd using Guid(d87e14d5e3f9d3f4a877bcf542d8ebed) Importer(815301076,1909f56bfc062723c751e8b465ee728b)  -> (artifact id: '08533a6e02546894a8af2fbdfbcc435e') in 0.027438 seconds
Number of updated asset objects reloaded before import = 0
Number of asset objects unloaded after import = 3
========================================================================
Received Import Request.
  Time since last request: 0.000039 seconds.
  path: Assets/Imported Assets/Inguz Media Studio/Free 2D Impact FX/Sprites/Impact01.psd
  artifactKey: Guid(6656cff0176db3349aa484846e5a62ea) Importer(815301076,1909f56bfc062723c751e8b465ee728b)
Start importing Assets/Imported Assets/Inguz Media Studio/Free 2D Impact FX/Sprites/Impact01.psd using Guid(6656cff0176db3349aa484846e5a62ea) Importer(815301076,1909f56bfc062723c751e8b465ee728b)  -> (artifact id: '2c6a5c6cf6122acbf4b031746fa3cbbb') in 0.157067 seconds
Number of updated asset objects reloaded before import = 0
Number of asset objects unloaded after import = 2
========================================================================
Received Import Request.
  Time since last request: 17.209716 seconds.
  path: Assets/Resources/Materials
  artifactKey: Guid(bb1e169beeb270844bae4bb5276b12d1) Importer(815301076,1909f56bfc062723c751e8b465ee728b)
Start importing Assets/Resources/Materials using Guid(bb1e169beeb270844bae4bb5276b12d1) Importer(815301076,1909f56bfc062723c751e8b465ee728b)  -> (artifact id: '7ea05ed38a7add171979f494003cc9b5') in 0.000987 seconds
Number of updated asset objects reloaded before import = 0
Number of asset objects unloaded after import = 0
========================================================================
Received Import Request.
  Time since last request: 6.580312 seconds.
  path: Assets/Terrain
  artifactKey: Guid(dc277ec485cbfd94da3e9fbf37329ba0) Importer(815301076,1909f56bfc062723c751e8b465ee728b)
Start importing Assets/Terrain using Guid(dc277ec485cbfd94da3e9fbf37329ba0) Importer(815301076,1909f56bfc062723c751e8b465ee728b)  -> (artifact id: '8bdc1dd0f31933ca27f0d8e50fdafb36') in 0.000964 seconds
Number of updated asset objects reloaded before import = 0
Number of asset objects unloaded after import = 0
========================================================================
Received Import Request.
  Time since last request: 0.073719 seconds.
  path: Assets/Terrain/New Terrain.asset
  artifactKey: Guid(dae4b8b83a7308a49b22ebc52fe445bb) Importer(815301076,1909f56bfc062723c751e8b465ee728b)
Start importing Assets/Terrain/New Terrain.asset using Guid(dae4b8b83a7308a49b22ebc52fe445bb) Importer(815301076,1909f56bfc062723c751e8b465ee728b) The tree PT_Fruit_Tree_01_green_cut must use the Nature/Soft Occlusion shader. Otherwise billboarding/lighting will not work correctly.
 -> (artifact id: '68e1bc4f3792aaf9bd5fd56263ec29d9') in 0.062260 seconds
Number of updated asset objects reloaded before import = 0
Number of asset objects unloaded after import = 53
========================================================================
Received Import Request.
  Time since last request: 6.396690 seconds.
  path: Assets/Resources
  artifactKey: Guid(40e9da8728d5c4442a01059f61df5dae) Importer(815301076,1909f56bfc062723c751e8b465ee728b)
Start importing Assets/Resources using Guid(40e9da8728d5c4442a01059f61df5dae) Importer(815301076,1909f56bfc062723c751e8b465ee728b)  -> (artifact id: '74e2beb5db11e6510968d8b4169498dd') in 0.001091 seconds
Number of updated asset objects reloaded before import = 0
Number of asset objects unloaded after import = 0
========================================================================
Received Import Request.
  Time since last request: 2.692654 seconds.
  path: Assets/Imported Assets
  artifactKey: Guid(493c2504f4333954e890c773e194c746) Importer(815301076,1909f56bfc062723c751e8b465ee728b)
Start importing Assets/Imported Assets using Guid(493c2504f4333954e890c773e194c746) Importer(815301076,1909f56bfc062723c751e8b465ee728b)  -> (artifact id: '97b78573929c59c4ecae25510c6f0259') in 0.000859 seconds
Number of updated asset objects reloaded before import = 0
Number of asset objects unloaded after import = 0
========================================================================
Received Import Request.
  Time since last request: 0.831717 seconds.
  path: Assets/Imported Assets/_TerrainAutoUpgrade
  artifactKey: Guid(f3f49f69e6e9c1d47b027b569b80d004) Importer(815301076,1909f56bfc062723c751e8b465ee728b)
Start importing Assets/Imported Assets/_TerrainAutoUpgrade using Guid(f3f49f69e6e9c1d47b027b569b80d004) Importer(815301076,1909f56bfc062723c751e8b465ee728b)  -> (artifact id: 'bb545231eff725d4591912fb0339af1f') in 0.000707 seconds
Number of updated asset objects reloaded before import = 0
Number of asset objects unloaded after import = 0
========================================================================
Received Import Request.
  Time since last request: 0.046490 seconds.
  path: Assets/Imported Assets/_TerrainAutoUpgrade/layer_Ground01_Dcd2d2d038030d602.terrainlayer
  artifactKey: Guid(2261e66fd6d766349b06e9c936e7462f) Importer(815301076,1909f56bfc062723c751e8b465ee728b)
Start importing Assets/Imported Assets/_TerrainAutoUpgrade/layer_Ground01_Dcd2d2d038030d602.terrainlayer using Guid(2261e66fd6d766349b06e9c936e7462f) Importer(815301076,1909f56bfc062723c751e8b465ee728b)  -> (artifact id: '875e6e515ab5e9a6096fa2d95456e0e5') in 0.025223 seconds
Number of updated asset objects reloaded before import = 0
Number of asset objects unloaded after import = 2
========================================================================
Received Import Request.
  Time since last request: 5.265369 seconds.
  path: Assets/Imported Assets/A_piece_of_nature
  artifactKey: Guid(7fcf56cfb56cd2e46a53b4ef154e873a) Importer(815301076,1909f56bfc062723c751e8b465ee728b)
Start importing Assets/Imported Assets/A_piece_of_nature using Guid(7fcf56cfb56cd2e46a53b4ef154e873a) Importer(815301076,1909f56bfc062723c751e8b465ee728b)  -> (artifact id: 'a9c15659e81fa462b7071d65005d145a') in 0.001222 seconds
Number of updated asset objects reloaded before import = 0
Number of asset objects unloaded after import = 0
========================================================================
Received Import Request.
  Time since last request: 1.274255 seconds.
  path: Assets/Imported Assets/A_piece_of_nature/Materials
  artifactKey: Guid(bbc6c0cb15fd9ce4caf000f7c61216df) Importer(815301076,1909f56bfc062723c751e8b465ee728b)
Start importing Assets/Imported Assets/A_piece_of_nature/Materials using Guid(bbc6c0cb15fd9ce4caf000f7c61216df) Importer(815301076,1909f56bfc062723c751e8b465ee728b)  -> (artifact id: 'eb17cfa398d4c2ec76db4e6ad4ab53c0') in 0.000891 seconds
Number of updated asset objects reloaded before import = 0
Number of asset objects unloaded after import = 0
========================================================================
Received Import Request.
  Time since last request: 0.714543 seconds.
  path: Assets/Imported Assets/A_piece_of_nature/Materials/Chest.mat
  artifactKey: Guid(3d92c13a401928e4da7e22e76225a5bc) Importer(815301076,1909f56bfc062723c751e8b465ee728b)
Start importing Assets/Imported Assets/A_piece_of_nature/Materials/Chest.mat using Guid(3d92c13a401928e4da7e22e76225a5bc) Importer(815301076,1909f56bfc062723c751e8b465ee728b)  -> (artifact id: 'e14231479d21997e2c31a6895b28b015') in 0.445445 seconds
Number of updated asset objects reloaded before import = 0
Number of asset objects unloaded after import = 5
========================================================================
Received Import Request.
  Time since last request: 0.000025 seconds.
  path: Assets/Imported Assets/A_piece_of_nature/Materials/Rocks_3_4_texture.mat
  artifactKey: Guid(918a126775388ca4db981ca815cc618c) Importer(815301076,1909f56bfc062723c751e8b465ee728b)
Start importing Assets/Imported Assets/A_piece_of_nature/Materials/Rocks_3_4_texture.mat using Guid(918a126775388ca4db981ca815cc618c) Importer(815301076,1909f56bfc062723c751e8b465ee728b)  -> (artifact id: 'b633c7df08575d85cbcecc09180a70f6') in 0.022109 seconds
Number of updated asset objects reloaded before import = 0
Number of asset objects unloaded after import = 3
========================================================================
Received Import Request.
  Time since last request: 0.000035 seconds.
  path: Assets/Imported Assets/A_piece_of_nature/Materials/Rocks_3_4_normal.mat
  artifactKey: Guid(ff85a9ff944be684dbe6dfdf6d44d722) Importer(815301076,1909f56bfc062723c751e8b465ee728b)
Start importing Assets/Imported Assets/A_piece_of_nature/Materials/Rocks_3_4_normal.mat using Guid(ff85a9ff944be684dbe6dfdf6d44d722) Importer(815301076,1909f56bfc062723c751e8b465ee728b)  -> (artifact id: 'bd935fba5e4d99689ee25009db073e04') in 0.025145 seconds
Number of updated asset objects reloaded before import = 0
Number of asset objects unloaded after import = 3
========================================================================
Received Import Request.
  Time since last request: 16.307707 seconds.
  path: Assets/Imported Assets/AllSkyFree
  artifactKey: Guid(ea9c7e0e3c4d87d408c2c29c0e080a82) Importer(815301076,1909f56bfc062723c751e8b465ee728b)
Start importing Assets/Imported Assets/AllSkyFree using Guid(ea9c7e0e3c4d87d408c2c29c0e080a82) Importer(815301076,1909f56bfc062723c751e8b465ee728b)  -> (artifact id: '2bb0571b40f0f930c329170dd1696028') in 0.000940 seconds
Number of updated asset objects reloaded before import = 0
Number of asset objects unloaded after import = 0
========================================================================
Received Import Request.
  Time since last request: 1.066306 seconds.
  path: Assets/Imported Assets/AllSkyFree/_AllSkyFreeDemoEnvironment
  artifactKey: Guid(4392334f044e44affbf9f5162eb718ae) Importer(815301076,1909f56bfc062723c751e8b465ee728b)
Start importing Assets/Imported Assets/AllSkyFree/_AllSkyFreeDemoEnvironment using Guid(4392334f044e44affbf9f5162eb718ae) Importer(815301076,1909f56bfc062723c751e8b465ee728b)  -> (artifact id: 'd21fba50113182dae1647a07a3cdfe07') in 0.000952 seconds
Number of updated asset objects reloaded before import = 0
Number of asset objects unloaded after import = 0
========================================================================
Received Import Request.
  Time since last request: 2.361265 seconds.
  path: Assets/Imported Assets/AllSkyFree/Cartoon Base BlueSky
  artifactKey: Guid(9f633969e0c5e4bfeba8bb43b5348d81) Importer(815301076,1909f56bfc062723c751e8b465ee728b)
Start importing Assets/Imported Assets/AllSkyFree/Cartoon Base BlueSky using Guid(9f633969e0c5e4bfeba8bb43b5348d81) Importer(815301076,1909f56bfc062723c751e8b465ee728b)  -> (artifact id: 'c22c9faf1b57b3ea4b010cd0b61d66a2') in 0.000843 seconds
Number of updated asset objects reloaded before import = 0
Number of asset objects unloaded after import = 0
========================================================================
Received Import Request.
  Time since last request: 0.076828 seconds.
  path: Assets/Imported Assets/AllSkyFree/Cartoon Base BlueSky/Day_BlueSky_Nothing.mat
  artifactKey: Guid(c56e28e54cac24b04ae3dd957d214534) Importer(815301076,1909f56bfc062723c751e8b465ee728b)
Start importing Assets/Imported Assets/AllSkyFree/Cartoon Base BlueSky/Day_BlueSky_Nothing.mat using Guid(c56e28e54cac24b04ae3dd957d214534) Importer(815301076,1909f56bfc062723c751e8b465ee728b)  -> (artifact id: 'f5921cbb6f1cab69224ac579cf9d2147') in 0.044071 seconds
Number of updated asset objects reloaded before import = 0
Number of asset objects unloaded after import = 8
========================================================================
Received Import Request.
  Time since last request: 0.000022 seconds.
  path: Assets/Imported Assets/AllSkyFree/Cartoon Base BlueSky/Sky_Day_BlueSky_Nothing_Cam_1_Back-Z.png
  artifactKey: Guid(33cbefefe2c7f4e77ac959c74eef5d4d) Importer(815301076,1909f56bfc062723c751e8b465ee728b)
Start importing Assets/Imported Assets/AllSkyFree/Cartoon Base BlueSky/Sky_Day_BlueSky_Nothing_Cam_1_Back-Z.png using Guid(33cbefefe2c7f4e77ac959c74eef5d4d) Importer(815301076,1909f56bfc062723c751e8b465ee728b)  -> (artifact id: 'a50712f3b6b06ceb9947714701ecf88b') in 0.025656 seconds
Number of updated asset objects reloaded before import = 0
Number of asset objects unloaded after import = 2
========================================================================
Received Import Request.
  Time since last request: 0.000032 seconds.
  path: Assets/Imported Assets/AllSkyFree/Cartoon Base BlueSky/Sky_Day_BlueSky_Nothing_Cam_5_Down-Y.png
  artifactKey: Guid(4c119b81b42684c39873d7738564bcdd) Importer(815301076,1909f56bfc062723c751e8b465ee728b)
Start importing Assets/Imported Assets/AllSkyFree/Cartoon Base BlueSky/Sky_Day_BlueSky_Nothing_Cam_5_Down-Y.png using Guid(4c119b81b42684c39873d7738564bcdd) Importer(815301076,1909f56bfc062723c751e8b465ee728b)  -> (artifact id: '8c26580210c503ce6714b8692540bfda') in 0.020582 seconds
Number of updated asset objects reloaded before import = 0
Number of asset objects unloaded after import = 2
========================================================================
Received Import Request.
  Time since last request: 0.000035 seconds.
  path: Assets/Imported Assets/AllSkyFree/Cartoon Base BlueSky/Sky_Day_BlueSky_Nothing_Cam_2_Left+X.png
  artifactKey: Guid(6b8f010ba933d4f01bdedec2c1a8a025) Importer(815301076,1909f56bfc062723c751e8b465ee728b)
Start importing Assets/Imported Assets/AllSkyFree/Cartoon Base BlueSky/Sky_Day_BlueSky_Nothing_Cam_2_Left+X.png using Guid(6b8f010ba933d4f01bdedec2c1a8a025) Importer(815301076,1909f56bfc062723c751e8b465ee728b)  -> (artifact id: '47de5ed250f54c8fd45df01b4eeb1047') in 0.022623 seconds
Number of updated asset objects reloaded before import = 0
Number of asset objects unloaded after import = 2
========================================================================
Received Import Request.
  Time since last request: 4.734746 seconds.
  path: Assets/Imported Assets/AurynSky
  artifactKey: Guid(673b6634c56b5fb46b8382f904ec189e) Importer(815301076,1909f56bfc062723c751e8b465ee728b)
Start importing Assets/Imported Assets/AurynSky using Guid(673b6634c56b5fb46b8382f904ec189e) Importer(815301076,1909f56bfc062723c751e8b465ee728b)  -> (artifact id: '6f6dd2580533c0864e179d5dbc7ac20a') in 0.001204 seconds
Number of updated asset objects reloaded before import = 0
Number of asset objects unloaded after import = 0
========================================================================
Received Import Request.
  Time since last request: 0.984643 seconds.
  path: Assets/Imported Assets/AurynSky/Gems Ultimate Pack
  artifactKey: Guid(b527fceaf3cb4b74ab332ea96417f035) Importer(815301076,1909f56bfc062723c751e8b465ee728b)
Start importing Assets/Imported Assets/AurynSky/Gems Ultimate Pack using Guid(b527fceaf3cb4b74ab332ea96417f035) Importer(815301076,1909f56bfc062723c751e8b465ee728b)  -> (artifact id: '0789b676d01ab09756e6e4c8d9eb4906') in 0.002048 seconds
Number of updated asset objects reloaded before import = 0
Number of asset objects unloaded after import = 0
========================================================================
Received Import Request.
  Time since last request: 0.803578 seconds.
  path: Assets/Imported Assets/AurynSky/Gems Ultimate Pack/Materials
  artifactKey: Guid(bde12267b5e55de4997ed6dffcbfc87e) Importer(815301076,1909f56bfc062723c751e8b465ee728b)
Start importing Assets/Imported Assets/AurynSky/Gems Ultimate Pack/Materials using Guid(bde12267b5e55de4997ed6dffcbfc87e) Importer(815301076,1909f56bfc062723c751e8b465ee728b)  -> (artifact id: '46226de497a6100e8a6de9f40455a80e') in 0.001014 seconds
Number of updated asset objects reloaded before import = 0
Number of asset objects unloaded after import = 0
========================================================================
Received Import Request.
  Time since last request: 0.069400 seconds.
  path: Assets/Imported Assets/AurynSky/Gems Ultimate Pack/Materials/BG.mat
  artifactKey: Guid(5c623d53aca45c44586ec2d14fef488e) Importer(815301076,1909f56bfc062723c751e8b465ee728b)
Start importing Assets/Imported Assets/AurynSky/Gems Ultimate Pack/Materials/BG.mat using Guid(5c623d53aca45c44586ec2d14fef488e) Importer(815301076,1909f56bfc062723c751e8b465ee728b)  -> (artifact id: '718ee2076723f0d991ed5539a1d5ca84') in 0.019074 seconds
Number of updated asset objects reloaded before import = 0
Number of asset objects unloaded after import = 2
========================================================================
Received Import Request.
  Time since last request: 0.000039 seconds.
  path: Assets/Imported Assets/AurynSky/Gems Ultimate Pack/Materials/Green.mat
  artifactKey: Guid(efe6fc25350958c479cd9fcde7e565f9) Importer(815301076,1909f56bfc062723c751e8b465ee728b)
Start importing Assets/Imported Assets/AurynSky/Gems Ultimate Pack/Materials/Green.mat using Guid(efe6fc25350958c479cd9fcde7e565f9) Importer(815301076,1909f56bfc062723c751e8b465ee728b)  -> (artifact id: 'de6f0def93a48e6766a5aa49d30732f5') in 0.025294 seconds
Number of updated asset objects reloaded before import = 0
Number of asset objects unloaded after import = 2
========================================================================
Received Import Request.
  Time since last request: 0.000039 seconds.
  path: Assets/Imported Assets/AurynSky/Gems Ultimate Pack/Materials/Purple.mat
  artifactKey: Guid(152a75409221b6244be7b0063172b666) Importer(815301076,1909f56bfc062723c751e8b465ee728b)
Start importing Assets/Imported Assets/AurynSky/Gems Ultimate Pack/Materials/Purple.mat using Guid(152a75409221b6244be7b0063172b666) Importer(815301076,1909f56bfc062723c751e8b465ee728b)  -> (artifact id: 'e304e731f5dad386a04db0c2c7daa16b') in 0.020408 seconds
Number of updated asset objects reloaded before import = 0
Number of asset objects unloaded after import = 2
========================================================================
Received Import Request.
  Time since last request: 0.000034 seconds.
  path: Assets/Imported Assets/AurynSky/Gems Ultimate Pack/Materials/Material.mat
  artifactKey: Guid(a5ab27f24d140594197755b8c9ee7179) Importer(815301076,1909f56bfc062723c751e8b465ee728b)
Start importing Assets/Imported Assets/AurynSky/Gems Ultimate Pack/Materials/Material.mat using Guid(a5ab27f24d140594197755b8c9ee7179) Importer(815301076,1909f56bfc062723c751e8b465ee728b)  -> (artifact id: 'b9f20956af7ebe7d59a13e8fa8feb92b') in 0.019373 seconds
Number of updated asset objects reloaded before import = 0
Number of asset objects unloaded after import = 2
========================================================================
Received Import Request.
  Time since last request: 0.000027 seconds.
  path: Assets/Imported Assets/AurynSky/Gems Ultimate Pack/Materials/Orange.mat
  artifactKey: Guid(5a9e6cf91cbfc1a4fbc9470cca37b97a) Importer(815301076,1909f56bfc062723c751e8b465ee728b)
Start importing Assets/Imported Assets/AurynSky/Gems Ultimate Pack/Materials/Orange.mat using Guid(5a9e6cf91cbfc1a4fbc9470cca37b97a) Importer(815301076,1909f56bfc062723c751e8b465ee728b)  -> (artifact id: 'cfa5241e458f613ad7c0e77c82f5fa1c') in 0.025758 seconds
Number of updated asset objects reloaded before import = 0
Number of asset objects unloaded after import = 2
========================================================================
Received Import Request.
  Time since last request: 3.486789 seconds.
  path: Assets/Imported Assets/Cinemachine
  artifactKey: Guid(af6483f61fa7f5f40af883530e959052) Importer(815301076,1909f56bfc062723c751e8b465ee728b)
Start importing Assets/Imported Assets/Cinemachine using Guid(af6483f61fa7f5f40af883530e959052) Importer(815301076,1909f56bfc062723c751e8b465ee728b)  -> (artifact id: '3adc4a6c1dea8e3a01fbae67feb3624e') in 0.000895 seconds
Number of updated asset objects reloaded before import = 0
Number of asset objects unloaded after import = 0
========================================================================
Received Import Request.
  Time since last request: 0.078671 seconds.
  path: Assets/Imported Assets/Cinemachine/CinemachineFixedSignal.asset
  artifactKey: Guid(beef338c9b057aa40937a878cfc93fec) Importer(815301076,1909f56bfc062723c751e8b465ee728b)
Start importing Assets/Imported Assets/Cinemachine/CinemachineFixedSignal.asset using Guid(beef338c9b057aa40937a878cfc93fec) Importer(815301076,1909f56bfc062723c751e8b465ee728b)  -> (artifact id: '206b14fa2ca87c85f02156f8cb240581') in 0.001835 seconds
Number of updated asset objects reloaded before import = 0
Number of asset objects unloaded after import = 1
========================================================================
Received Import Request.
  Time since last request: 1.563721 seconds.
  path: Assets/Imported Assets/EffectTexturesAndPrefabs
  artifactKey: Guid(f7ef8af9ecde27e489208dbd13cebac9) Importer(815301076,1909f56bfc062723c751e8b465ee728b)
Start importing Assets/Imported Assets/EffectTexturesAndPrefabs using Guid(f7ef8af9ecde27e489208dbd13cebac9) Importer(815301076,1909f56bfc062723c751e8b465ee728b)  -> (artifact id: 'c63d3525abf6d83e9e48a2db38d52028') in 0.000711 seconds
Number of updated asset objects reloaded before import = 0
Number of asset objects unloaded after import = 0
========================================================================
Received Import Request.
  Time since last request: 2.153120 seconds.
  path: Assets/Imported Assets/EffectTexturesAndPrefabs/Materials
  artifactKey: Guid(600de7d0e8db2cf4dac90c6cf68f9ae7) Importer(815301076,1909f56bfc062723c751e8b465ee728b)
Start importing Assets/Imported Assets/EffectTexturesAndPrefabs/Materials using Guid(600de7d0e8db2cf4dac90c6cf68f9ae7) Importer(815301076,1909f56bfc062723c751e8b465ee728b)  -> (artifact id: '34e5b772bc595e7c08392cab4c2d0068') in 0.000747 seconds
Number of updated asset objects reloaded before import = 0
Number of asset objects unloaded after import = 0
========================================================================
Received Import Request.
  Time since last request: 0.058113 seconds.
  path: Assets/Imported Assets/EffectTexturesAndPrefabs/Materials/Blue.mat
  artifactKey: Guid(056b8378eaa9abc4099799b460ca1f78) Importer(815301076,1909f56bfc062723c751e8b465ee728b)
Start importing Assets/Imported Assets/EffectTexturesAndPrefabs/Materials/Blue.mat using Guid(056b8378eaa9abc4099799b460ca1f78) Importer(815301076,1909f56bfc062723c751e8b465ee728b)  -> (artifact id: '48d700206f88508d7ca8cde63d78022d') in 0.018634 seconds
Number of updated asset objects reloaded before import = 0
Number of asset objects unloaded after import = 2
========================================================================
Received Import Request.
  Time since last request: 0.000028 seconds.
  path: Assets/Imported Assets/EffectTexturesAndPrefabs/Materials/Light.mat
  artifactKey: Guid(05fa321eed70c8a4abaaa1eb517bb3b7) Importer(815301076,1909f56bfc062723c751e8b465ee728b)
Start importing Assets/Imported Assets/EffectTexturesAndPrefabs/Materials/Light.mat using Guid(05fa321eed70c8a4abaaa1eb517bb3b7) Importer(815301076,1909f56bfc062723c751e8b465ee728b)  -> (artifact id: 'd10b24863af5fd67aca3fb285716ea24') in 0.171392 seconds
Number of updated asset objects reloaded before import = 0
Number of asset objects unloaded after import = 3
========================================================================
Received Import Request.
  Time since last request: 0.000035 seconds.
  path: Assets/Imported Assets/EffectTexturesAndPrefabs/Materials/Smoke_thin.mat
  artifactKey: Guid(8764e26efc3afff4db4bfbabc8fd2043) Importer(815301076,1909f56bfc062723c751e8b465ee728b)
Start importing Assets/Imported Assets/EffectTexturesAndPrefabs/Materials/Smoke_thin.mat using Guid(8764e26efc3afff4db4bfbabc8fd2043) Importer(815301076,1909f56bfc062723c751e8b465ee728b)  -> (artifact id: '03200a4a5aec302f409f3ed4b606b8b1') in 0.571145 seconds
Number of updated asset objects reloaded before import = 0
Number of asset objects unloaded after import = 4
========================================================================
Received Import Request.
  Time since last request: 0.000022 seconds.
  path: Assets/Imported Assets/EffectTexturesAndPrefabs/Materials/SparkParticle.mat
  artifactKey: Guid(188bbd7714ed53b4ab47e30ee1f8c00c) Importer(815301076,1909f56bfc062723c751e8b465ee728b)
Start importing Assets/Imported Assets/EffectTexturesAndPrefabs/Materials/SparkParticle.mat using Guid(188bbd7714ed53b4ab47e30ee1f8c00c) Importer(815301076,1909f56bfc062723c751e8b465ee728b)  -> (artifact id: 'b6775890d2530f67112b50adbce7867e') in 0.258381 seconds
Number of updated asset objects reloaded before import = 0
Number of asset objects unloaded after import = 3
========================================================================
Received Import Request.
  Time since last request: 5.499731 seconds.
  path: Assets/Imported Assets/FantasyMonster
  artifactKey: Guid(62770c940a04ab54ba6f6e63d4e9fece) Importer(815301076,1909f56bfc062723c751e8b465ee728b)
Start importing Assets/Imported Assets/FantasyMonster using Guid(62770c940a04ab54ba6f6e63d4e9fece) Importer(815301076,1909f56bfc062723c751e8b465ee728b)  -> (artifact id: '2703a412b901181187b55cb95096c17d') in 0.001143 seconds
Number of updated asset objects reloaded before import = 0
Number of asset objects unloaded after import = 0
========================================================================
Received Import Request.
  Time since last request: 1.559126 seconds.
  path: Assets/Imported Assets/FantasyMonster/Skeleton
  artifactKey: Guid(3b605551461e39e488f1de4a2a7ef4ce) Importer(815301076,1909f56bfc062723c751e8b465ee728b)
Start importing Assets/Imported Assets/FantasyMonster/Skeleton using Guid(3b605551461e39e488f1de4a2a7ef4ce) Importer(815301076,1909f56bfc062723c751e8b465ee728b)  -> (artifact id: 'f79f41ab7b086d768d678f2d20e7a160') in 0.000917 seconds
Number of updated asset objects reloaded before import = 0
Number of asset objects unloaded after import = 0
========================================================================
Received Import Request.
  Time since last request: 1.077004 seconds.
  path: Assets/Imported Assets/FantasyMonster/Skeleton/Character
  artifactKey: Guid(5f97a6f078785914f93375b053364d24) Importer(815301076,1909f56bfc062723c751e8b465ee728b)
Start importing Assets/Imported Assets/FantasyMonster/Skeleton/Character using Guid(5f97a6f078785914f93375b053364d24) Importer(815301076,1909f56bfc062723c751e8b465ee728b)  -> (artifact id: 'e077fead64354fa0f779f1554c5bf6e6') in 0.000924 seconds
Number of updated asset objects reloaded before import = 0
Number of asset objects unloaded after import = 0
========================================================================
Received Import Request.
  Time since last request: 0.064322 seconds.
  path: Assets/Imported Assets/FantasyMonster/Skeleton/Character/Skeleton@Skin.FBX
  artifactKey: Guid(5a35c5f0a89b9654d897ccd7c8f81bd0) Importer(815301076,1909f56bfc062723c751e8b465ee728b)
Start importing Assets/Imported Assets/FantasyMonster/Skeleton/Character/Skeleton@Skin.FBX using Guid(5a35c5f0a89b9654d897ccd7c8f81bd0) Importer(815301076,1909f56bfc062723c751e8b465ee728b)  -> (artifact id: '7be8ca1de7403fb593e26dc8989b9ba3') in 0.414785 seconds
Number of updated asset objects reloaded before import = 0
Number of asset objects unloaded after import = 91
========================================================================
Received Import Request.
  Time since last request: 0.373321 seconds.
  path: Assets/Imported Assets/FantasyMonster/Skeleton/Character/Materials
  artifactKey: Guid(b01e7c00bfa511140979e8da11df26ef) Importer(815301076,1909f56bfc062723c751e8b465ee728b)
Start importing Assets/Imported Assets/FantasyMonster/Skeleton/Character/Materials using Guid(b01e7c00bfa511140979e8da11df26ef) Importer(815301076,1909f56bfc062723c751e8b465ee728b)  -> (artifact id: '9131310e5e235b40f852a0a89f5d7cf6') in 0.001074 seconds
Number of updated asset objects reloaded before import = 0
Number of asset objects unloaded after import = 0
========================================================================
Received Import Request.
  Time since last request: 0.074208 seconds.
  path: Assets/Imported Assets/FantasyMonster/Skeleton/Character/Materials/skeleton_Cell.mat
  artifactKey: Guid(f748914f659403348a0050fb730dcf17) Importer(815301076,1909f56bfc062723c751e8b465ee728b)
Start importing Assets/Imported Assets/FantasyMonster/Skeleton/Character/Materials/skeleton_Cell.mat using Guid(f748914f659403348a0050fb730dcf17) Importer(815301076,1909f56bfc062723c751e8b465ee728b)  -> (artifact id: '76be59c884357f7252809d137b03e7f9') in 0.016726 seconds
Number of updated asset objects reloaded before import = 0
Number of asset objects unloaded after import = 2
========================================================================
Received Import Request.
  Time since last request: 9.325929 seconds.
  path: Assets/Imported Assets/Inguz Media Studio
  artifactKey: Guid(c608a8d66b34cfb47af93b7af5b49821) Importer(815301076,1909f56bfc062723c751e8b465ee728b)
Start importing Assets/Imported Assets/Inguz Media Studio using Guid(c608a8d66b34cfb47af93b7af5b49821) Importer(815301076,1909f56bfc062723c751e8b465ee728b)  -> (artifact id: '00976ab841ad5ca4f94742640065ca62') in 0.000693 seconds
Number of updated asset objects reloaded before import = 0
Number of asset objects unloaded after import = 0
========================================================================
Received Import Request.
  Time since last request: 0.956755 seconds.
  path: Assets/Imported Assets/Inguz Media Studio/Free 2D Impact FX
  artifactKey: Guid(0eb8a2e6053751646b7261a2580afd33) Importer(815301076,1909f56bfc062723c751e8b465ee728b)
Start importing Assets/Imported Assets/Inguz Media Studio/Free 2D Impact FX using Guid(0eb8a2e6053751646b7261a2580afd33) Importer(815301076,1909f56bfc062723c751e8b465ee728b)  -> (artifact id: '7d2d741dbe25baac5d1b305213fb3cde') in 0.000672 seconds
Number of updated asset objects reloaded before import = 0
Number of asset objects unloaded after import = 0
========================================================================
Received Import Request.
  Time since last request: 0.960457 seconds.
  path: Assets/Imported Assets/Inguz Media Studio/Free 2D Impact FX/Materiales
  artifactKey: Guid(23cdefce5b4904c42b987743c1d6187a) Importer(815301076,1909f56bfc062723c751e8b465ee728b)
Start importing Assets/Imported Assets/Inguz Media Studio/Free 2D Impact FX/Materiales using Guid(23cdefce5b4904c42b987743c1d6187a) Importer(815301076,1909f56bfc062723c751e8b465ee728b)  -> (artifact id: '1539dfe0a1b1d6bbbe6cfcebe832cb31') in 0.000962 seconds
Number of updated asset objects reloaded before import = 0
Number of asset objects unloaded after import = 0
========================================================================
Received Import Request.
  Time since last request: 0.038970 seconds.
  path: Assets/Imported Assets/Inguz Media Studio/Free 2D Impact FX/Materiales/Impact01.mat
  artifactKey: Guid(53fb7d5d423b87147a87e285fab4b804) Importer(815301076,1909f56bfc062723c751e8b465ee728b)
Start importing Assets/Imported Assets/Inguz Media Studio/Free 2D Impact FX/Materiales/Impact01.mat using Guid(53fb7d5d423b87147a87e285fab4b804) Importer(815301076,1909f56bfc062723c751e8b465ee728b)  -> (artifact id: 'f874f016a23c080ad1ddbd3322af987e') in 0.097235 seconds
Number of updated asset objects reloaded before import = 0
Number of asset objects unloaded after import = 3
========================================================================
Received Import Request.
  Time since last request: 0.000042 seconds.
  path: Assets/Imported Assets/Inguz Media Studio/Free 2D Impact FX/Materiales/WallpaperQuad 02.mat
  artifactKey: Guid(69f07636b67fd0f46a5b5beb108f982b) Importer(815301076,1909f56bfc062723c751e8b465ee728b)
Start importing Assets/Imported Assets/Inguz Media Studio/Free 2D Impact FX/Materiales/WallpaperQuad 02.mat using Guid(69f07636b67fd0f46a5b5beb108f982b) Importer(815301076,1909f56bfc062723c751e8b465ee728b)  -> (artifact id: 'c5cb01a68569d08e44b1a543387d654e') in 0.445236 seconds
Number of updated asset objects reloaded before import = 0
Number of asset objects unloaded after import = 6
========================================================================
Received Import Request.
  Time since last request: 7.582401 seconds.
  path: Assets/Imported Assets/L_FG_Assets_Pack_Lite
  artifactKey: Guid(12021ea6748d33149a586816647c2ea2) Importer(815301076,1909f56bfc062723c751e8b465ee728b)
Start importing Assets/Imported Assets/L_FG_Assets_Pack_Lite using Guid(12021ea6748d33149a586816647c2ea2) Importer(815301076,1909f56bfc062723c751e8b465ee728b)  -> (artifact id: '6299c140027a8692cef7e17fe25565a9') in 0.000821 seconds
Number of updated asset objects reloaded before import = 0
Number of asset objects unloaded after import = 0
========================================================================
Received Import Request.
  Time since last request: 1.368310 seconds.
  path: Assets/Imported Assets/L_FG_Assets_Pack_Lite/Materials
  artifactKey: Guid(b9f4c28d8a4490841bf23965e6f07878) Importer(815301076,1909f56bfc062723c751e8b465ee728b)
Start importing Assets/Imported Assets/L_FG_Assets_Pack_Lite/Materials using Guid(b9f4c28d8a4490841bf23965e6f07878) Importer(815301076,1909f56bfc062723c751e8b465ee728b)  -> (artifact id: 'e47cd1cc796a33f243d5b4f230c95ca6') in 0.000745 seconds
Number of updated asset objects reloaded before import = 0
Number of asset objects unloaded after import = 0
========================================================================
Received Import Request.
  Time since last request: 0.058402 seconds.
  path: Assets/Imported Assets/L_FG_Assets_Pack_Lite/Materials/Bloom01.mat
  artifactKey: Guid(c8120d15b210bba4bb8cab8f6623dad8) Importer(815301076,1909f56bfc062723c751e8b465ee728b)
Start importing Assets/Imported Assets/L_FG_Assets_Pack_Lite/Materials/Bloom01.mat using Guid(c8120d15b210bba4bb8cab8f6623dad8) Importer(815301076,1909f56bfc062723c751e8b465ee728b)  -> (artifact id: '6621a5f79284f3857cc999fd03529b1a') in 0.019170 seconds
Number of updated asset objects reloaded before import = 0
Number of asset objects unloaded after import = 3
========================================================================
Received Import Request.
  Time since last request: 0.000019 seconds.
  path: Assets/Imported Assets/L_FG_Assets_Pack_Lite/Materials/Ground07.mat
  artifactKey: Guid(db7cfea5a39b71b489ee4b1933a67e06) Importer(815301076,1909f56bfc062723c751e8b465ee728b)
Start importing Assets/Imported Assets/L_FG_Assets_Pack_Lite/Materials/Ground07.mat using Guid(db7cfea5a39b71b489ee4b1933a67e06) Importer(815301076,1909f56bfc062723c751e8b465ee728b)  -> (artifact id: '377bf61bc22ba6d589e677fdc24b6409') in 0.404071 seconds
Number of updated asset objects reloaded before import = 0
Number of asset objects unloaded after import = 3
========================================================================
Received Import Request.
  Time since last request: 0.000029 seconds.
  path: Assets/Imported Assets/L_FG_Assets_Pack_Lite/Materials/Table01.mat
  artifactKey: Guid(63bcb39927eec0e4c8d77dd3afe04d95) Importer(815301076,1909f56bfc062723c751e8b465ee728b)
Start importing Assets/Imported Assets/L_FG_Assets_Pack_Lite/Materials/Table01.mat using Guid(63bcb39927eec0e4c8d77dd3afe04d95) Importer(815301076,1909f56bfc062723c751e8b465ee728b)  -> (artifact id: 'f296adbd56b4f60cbd7cc16efa562ada') in 0.021822 seconds
Number of updated asset objects reloaded before import = 0
Number of asset objects unloaded after import = 3
========================================================================
Received Import Request.
  Time since last request: 0.000029 seconds.
  path: Assets/Imported Assets/L_FG_Assets_Pack_Lite/Materials/Gravestone01.mat
  artifactKey: Guid(f2fb1a394308b384582deebd5d58e5fc) Importer(815301076,1909f56bfc062723c751e8b465ee728b)
Start importing Assets/Imported Assets/L_FG_Assets_Pack_Lite/Materials/Gravestone01.mat using Guid(f2fb1a394308b384582deebd5d58e5fc) Importer(815301076,1909f56bfc062723c751e8b465ee728b)  -> (artifact id: '960c3ce46932f946c60de02c0b66a1fb') in 0.020077 seconds
Number of updated asset objects reloaded before import = 0
Number of asset objects unloaded after import = 3
========================================================================
Received Import Request.
  Time since last request: 0.000026 seconds.
  path: Assets/Imported Assets/L_FG_Assets_Pack_Lite/Materials/Ground01.mat
  artifactKey: Guid(d3da3aadf60cdc049badaf82bc2c6f46) Importer(815301076,1909f56bfc062723c751e8b465ee728b)
Start importing Assets/Imported Assets/L_FG_Assets_Pack_Lite/Materials/Ground01.mat using Guid(d3da3aadf60cdc049badaf82bc2c6f46) Importer(815301076,1909f56bfc062723c751e8b465ee728b)  -> (artifact id: '8e3d430e5e72bbf31b6f0346cce48e97') in 0.018912 seconds
Number of updated asset objects reloaded before import = 0
Number of asset objects unloaded after import = 3
========================================================================
Received Import Request.
  Time since last request: 0.000028 seconds.
  path: Assets/Imported Assets/L_FG_Assets_Pack_Lite/Materials/Plant02.mat
  artifactKey: Guid(e6effe490828e104d83651b4f540c073) Importer(815301076,1909f56bfc062723c751e8b465ee728b)
Start importing Assets/Imported Assets/L_FG_Assets_Pack_Lite/Materials/Plant02.mat using Guid(e6effe490828e104d83651b4f540c073) Importer(815301076,1909f56bfc062723c751e8b465ee728b)  -> (artifact id: 'af30a9429b88461a7b98a1b280e506bc') in 0.038485 seconds
Number of updated asset objects reloaded before import = 0
Number of asset objects unloaded after import = 3
========================================================================
Received Import Request.
  Time since last request: 0.000022 seconds.
  path: Assets/Imported Assets/L_FG_Assets_Pack_Lite/Materials/Statue01.mat
  artifactKey: Guid(7b58b2321be40634e9ca86a7fd5e13a7) Importer(815301076,1909f56bfc062723c751e8b465ee728b)
Start importing Assets/Imported Assets/L_FG_Assets_Pack_Lite/Materials/Statue01.mat using Guid(7b58b2321be40634e9ca86a7fd5e13a7) Importer(815301076,1909f56bfc062723c751e8b465ee728b)  -> (artifact id: '41bb10804e7cf53fc6158412ee45c6f0') in 0.024070 seconds
Number of updated asset objects reloaded before import = 0
Number of asset objects unloaded after import = 3
========================================================================
Received Import Request.
  Time since last request: 1.947291 seconds.
  path: Assets/Imported Assets/L_FG_Assets_Pack_Lite/Textures/Plant01_D.tga
  artifactKey: Guid(05a485a24e147ca42bb98a95903368ee) Importer(815301076,1909f56bfc062723c751e8b465ee728b)
Start importing Assets/Imported Assets/L_FG_Assets_Pack_Lite/Textures/Plant01_D.tga using Guid(05a485a24e147ca42bb98a95903368ee) Importer(815301076,1909f56bfc062723c751e8b465ee728b)  -> (artifact id: '286241735827222a56475d37eeac5ea2') in 0.021034 seconds
Number of updated asset objects reloaded before import = 0
Number of asset objects unloaded after import = 2
========================================================================
Received Import Request.
  Time since last request: 25.443330 seconds.
  path: Assets/Imported Assets/L_FG_Assets_Pack_Lite/Particle
  artifactKey: Guid(18f23f929cfa5434ab66bf1553f2852b) Importer(815301076,1909f56bfc062723c751e8b465ee728b)
Start importing Assets/Imported Assets/L_FG_Assets_Pack_Lite/Particle using Guid(18f23f929cfa5434ab66bf1553f2852b) Importer(815301076,1909f56bfc062723c751e8b465ee728b)  -> (artifact id: '5abd0393ac9d35e7a0b9b87dbd41a660') in 0.000881 seconds
Number of updated asset objects reloaded before import = 0
Number of asset objects unloaded after import = 0
========================================================================
Received Import Request.
  Time since last request: 0.081906 seconds.
  path: Assets/Imported Assets/L_FG_Assets_Pack_Lite/Particle/Particle01.prefab
  artifactKey: Guid(cc3d802a9740e6a4d9b32f7bb24e9ac6) Importer(815301076,1909f56bfc062723c751e8b465ee728b)
Start importing Assets/Imported Assets/L_FG_Assets_Pack_Lite/Particle/Particle01.prefab using Guid(cc3d802a9740e6a4d9b32f7bb24e9ac6) Importer(815301076,1909f56bfc062723c751e8b465ee728b)  -> (artifact id: '15b18b423b338eec8fd0d12753dc95f2') in 0.025353 seconds
Number of updated asset objects reloaded before import = 0
Number of asset objects unloaded after import = 8
========================================================================
Received Import Request.
  Time since last request: 0.000025 seconds.
  path: Assets/Imported Assets/L_FG_Assets_Pack_Lite/Particle/Particle_bloom02.prefab
  artifactKey: Guid(babb00860e33d624faa88523ce33dbd9) Importer(815301076,1909f56bfc062723c751e8b465ee728b)
Start importing Assets/Imported Assets/L_FG_Assets_Pack_Lite/Particle/Particle_bloom02.prefab using Guid(babb00860e33d624faa88523ce33dbd9) Importer(815301076,1909f56bfc062723c751e8b465ee728b)  -> (artifact id: 'ea19f961bf2c8f043b1a26d997e895d4') in 0.031125 seconds
Number of updated asset objects reloaded before import = 0
Number of asset objects unloaded after import = 7
========================================================================
Received Import Request.
  Time since last request: 35.694618 seconds.
  path: Assets/Imported Assets/Low-Poly Weapons
  artifactKey: Guid(0292543a2c21fdd4090b5541014ca487) Importer(815301076,1909f56bfc062723c751e8b465ee728b)
Start importing Assets/Imported Assets/Low-Poly Weapons using Guid(0292543a2c21fdd4090b5541014ca487) Importer(815301076,1909f56bfc062723c751e8b465ee728b)  -> (artifact id: '53d9707d3dbe30c3abdb43b83bad8973') in 0.000895 seconds
Number of updated asset objects reloaded before import = 0
Number of asset objects unloaded after import = 0
========================================================================
Received Import Request.
  Time since last request: 0.839945 seconds.
  path: Assets/Imported Assets/low poly pack
  artifactKey: Guid(9ad67f4a4c8c9944db4dce4bb4aa3e27) Importer(815301076,1909f56bfc062723c751e8b465ee728b)
Start importing Assets/Imported Assets/low poly pack using Guid(9ad67f4a4c8c9944db4dce4bb4aa3e27) Importer(815301076,1909f56bfc062723c751e8b465ee728b)  -> (artifact id: 'a5ad9e6046f4139cfc712b1223e9c32b') in 0.000948 seconds
Number of updated asset objects reloaded before import = 0
Number of asset objects unloaded after import = 0
========================================================================
Received Import Request.
  Time since last request: 0.097876 seconds.
  path: Assets/Imported Assets/low poly pack/Lowpoly tree2.fbx
  artifactKey: Guid(b2c61055c4a01ad43b08434f8178e1c9) Importer(815301076,1909f56bfc062723c751e8b465ee728b)
Start importing Assets/Imported Assets/low poly pack/Lowpoly tree2.fbx using Guid(b2c61055c4a01ad43b08434f8178e1c9) Importer(815301076,1909f56bfc062723c751e8b465ee728b)  -> (artifact id: '588927294b9a8ef669b11fa6ab4b2cbc') in 1.619339 seconds
Number of updated asset objects reloaded before import = 0
Number of asset objects unloaded after import = 2278
========================================================================
Received Import Request.
  Time since last request: 0.229250 seconds.
  path: Assets/Imported Assets/low poly pack/land
  artifactKey: Guid(9cee1f06d9a080143abb19b1660e9778) Importer(815301076,1909f56bfc062723c751e8b465ee728b)
Start importing Assets/Imported Assets/low poly pack/land using Guid(9cee1f06d9a080143abb19b1660e9778) Importer(815301076,1909f56bfc062723c751e8b465ee728b)  -> (artifact id: 'f36c91e300263e40640e4391a1e8d6a3') in 0.002249 seconds
Number of updated asset objects reloaded before import = 0
Number of asset objects unloaded after import = 0
========================================================================
Received Import Request.
  Time since last request: 2.152992 seconds.
  path: Assets/Imported Assets/low poly pack/Materials
  artifactKey: Guid(7d536ca94606d89448febb632efaf00d) Importer(815301076,1909f56bfc062723c751e8b465ee728b)
Start importing Assets/Imported Assets/low poly pack/Materials using Guid(7d536ca94606d89448febb632efaf00d) Importer(815301076,1909f56bfc062723c751e8b465ee728b)  -> (artifact id: '6bc630e10316a33a00e2bd1586036897') in 0.000972 seconds
Number of updated asset objects reloaded before import = 0
Number of asset objects unloaded after import = 0
========================================================================
Received Import Request.
  Time since last request: 0.069463 seconds.
  path: Assets/Imported Assets/low poly pack/Materials/Color_B03.mat
  artifactKey: Guid(7e91e24c1a0410e41b9aebc91c6082c2) Importer(815301076,1909f56bfc062723c751e8b465ee728b)
Start importing Assets/Imported Assets/low poly pack/Materials/Color_B03.mat using Guid(7e91e24c1a0410e41b9aebc91c6082c2) Importer(815301076,1909f56bfc062723c751e8b465ee728b)  -> (artifact id: '3a9ecc4a85df5be24f951368d3ecc6c4') in 0.017022 seconds
Number of updated asset objects reloaded before import = 0
Number of asset objects unloaded after import = 2
========================================================================
Received Import Request.
  Time since last request: 0.000025 seconds.
  path: Assets/Imported Assets/low poly pack/Materials/Color_D06.mat
  artifactKey: Guid(99357ad4c09e168489c0e1b2e0b7feb8) Importer(815301076,1909f56bfc062723c751e8b465ee728b)
Start importing Assets/Imported Assets/low poly pack/Materials/Color_D06.mat using Guid(99357ad4c09e168489c0e1b2e0b7feb8) Importer(815301076,1909f56bfc062723c751e8b465ee728b)  -> (artifact id: '04e986f46d01dab8ccf168891a72d355') in 0.017575 seconds
Number of updated asset objects reloaded before import = 0
Number of asset objects unloaded after import = 2
========================================================================
Received Import Request.
  Time since last request: 0.000017 seconds.
  path: Assets/Imported Assets/low poly pack/Materials/Color_M00.mat
  artifactKey: Guid(9798862aef6c4d047a05ef18fde018f3) Importer(815301076,1909f56bfc062723c751e8b465ee728b)
Start importing Assets/Imported Assets/low poly pack/Materials/Color_M00.mat using Guid(9798862aef6c4d047a05ef18fde018f3) Importer(815301076,1909f56bfc062723c751e8b465ee728b)  -> (artifact id: '4c5a9bc53356ef2b05f671c808603b79') in 0.016883 seconds
Number of updated asset objects reloaded before import = 0
Number of asset objects unloaded after import = 2
========================================================================
Received Import Request.
  Time since last request: 0.000026 seconds.
  path: Assets/Imported Assets/low poly pack/Materials/Mat.1.mat
  artifactKey: Guid(73eef6b367d964e4795855edeb3c486e) Importer(815301076,1909f56bfc062723c751e8b465ee728b)
Start importing Assets/Imported Assets/low poly pack/Materials/Mat.1.mat using Guid(73eef6b367d964e4795855edeb3c486e) Importer(815301076,1909f56bfc062723c751e8b465ee728b)  -> (artifact id: '8c37003e1cb30caf55c61b79cf27fdec') in 0.016840 seconds
Number of updated asset objects reloaded before import = 0
Number of asset objects unloaded after import = 2
========================================================================
Received Import Request.
  Time since last request: 0.000024 seconds.
  path: Assets/Imported Assets/low poly pack/Materials/m.mat
  artifactKey: Guid(a16fb1d9f4a687d4da7b31ddc4a7e616) Importer(815301076,1909f56bfc062723c751e8b465ee728b)
Start importing Assets/Imported Assets/low poly pack/Materials/m.mat using Guid(a16fb1d9f4a687d4da7b31ddc4a7e616) Importer(815301076,1909f56bfc062723c751e8b465ee728b)  -> (artifact id: 'c41be68749c6ed28b2082efcb1bfd401') in 0.016425 seconds
Number of updated asset objects reloaded before import = 0
Number of asset objects unloaded after import = 2
========================================================================
Received Import Request.
  Time since last request: 0.000061 seconds.
  path: Assets/Imported Assets/low poly pack/Materials/Color_B06.mat
  artifactKey: Guid(76ae488fd0349d942a1cc80800d98e25) Importer(815301076,1909f56bfc062723c751e8b465ee728b)
Start importing Assets/Imported Assets/low poly pack/Materials/Color_B06.mat using Guid(76ae488fd0349d942a1cc80800d98e25) Importer(815301076,1909f56bfc062723c751e8b465ee728b)  -> (artifact id: 'cef8613739fbc1efdadd11276d8a62fc') in 0.018861 seconds
Number of updated asset objects reloaded before import = 0
Number of asset objects unloaded after import = 2
========================================================================
Received Import Request.
  Time since last request: 0.000024 seconds.
  path: Assets/Imported Assets/low poly pack/Materials/Color_G08.mat
  artifactKey: Guid(5048ef99d084c684c80059f35099509e) Importer(815301076,1909f56bfc062723c751e8b465ee728b)
Start importing Assets/Imported Assets/low poly pack/Materials/Color_G08.mat using Guid(5048ef99d084c684c80059f35099509e) Importer(815301076,1909f56bfc062723c751e8b465ee728b)  -> (artifact id: 'd1dcda18e9387521d3a1e77f8af4b9a8') in 0.016740 seconds
Number of updated asset objects reloaded before import = 0
Number of asset objects unloaded after import = 2
========================================================================
Received Import Request.
  Time since last request: 0.000027 seconds.
  path: Assets/Imported Assets/low poly pack/Materials/Color_M04.mat
  artifactKey: Guid(4736906c225172d4eb1b7dd3e3acb990) Importer(815301076,1909f56bfc062723c751e8b465ee728b)
Start importing Assets/Imported Assets/low poly pack/Materials/Color_M04.mat using Guid(4736906c225172d4eb1b7dd3e3acb990) Importer(815301076,1909f56bfc062723c751e8b465ee728b)  -> (artifact id: 'eb08d427edeec48d9a9184b89c2bb61f') in 0.017646 seconds
Number of updated asset objects reloaded before import = 0
Number of asset objects unloaded after import = 2
========================================================================
Received Import Request.
  Time since last request: 0.000032 seconds.
  path: Assets/Imported Assets/low poly pack/Materials/Mat.mat
  artifactKey: Guid(35ed71596f5afcd41b1a01e69ce8f9ea) Importer(815301076,1909f56bfc062723c751e8b465ee728b)
Start importing Assets/Imported Assets/low poly pack/Materials/Mat.mat using Guid(35ed71596f5afcd41b1a01e69ce8f9ea) Importer(815301076,1909f56bfc062723c751e8b465ee728b)  -> (artifact id: '6e4daa4c1d371a9e555378bea7993649') in 0.016787 seconds
Number of updated asset objects reloaded before import = 0
Number of asset objects unloaded after import = 2
========================================================================
Received Import Request.
  Time since last request: 0.000018 seconds.
  path: Assets/Imported Assets/low poly pack/Materials/f.mat
  artifactKey: Guid(be92578d605999746a54a200831a653a) Importer(815301076,1909f56bfc062723c751e8b465ee728b)
Start importing Assets/Imported Assets/low poly pack/Materials/f.mat using Guid(be92578d605999746a54a200831a653a) Importer(815301076,1909f56bfc062723c751e8b465ee728b)  -> (artifact id: '6d104d3b7d4af4d2434dff8bdc58c3fd') in 0.017795 seconds
Number of updated asset objects reloaded before import = 0
Number of asset objects unloaded after import = 2
========================================================================
Received Import Request.
  Time since last request: 0.000023 seconds.
  path: Assets/Imported Assets/low poly pack/Materials/Color_D07.mat
  artifactKey: Guid(5a15eff663a6e114284dd513a0b7a945) Importer(815301076,1909f56bfc062723c751e8b465ee728b)
Start importing Assets/Imported Assets/low poly pack/Materials/Color_D07.mat using Guid(5a15eff663a6e114284dd513a0b7a945) Importer(815301076,1909f56bfc062723c751e8b465ee728b)  -> (artifact id: 'b142f94526529974c0913879721c6784') in 0.017462 seconds
Number of updated asset objects reloaded before import = 0
Number of asset objects unloaded after import = 2
========================================================================
Received Import Request.
  Time since last request: 0.000020 seconds.
  path: Assets/Imported Assets/low poly pack/Materials/Color_C06.mat
  artifactKey: Guid(95c3beb8b248b204894146096a21ae28) Importer(815301076,1909f56bfc062723c751e8b465ee728b)
Start importing Assets/Imported Assets/low poly pack/Materials/Color_C06.mat using Guid(95c3beb8b248b204894146096a21ae28) Importer(815301076,1909f56bfc062723c751e8b465ee728b)  -> (artifact id: 'fa4d2bef80bc56b9e958a98e778b768d') in 0.018439 seconds
Number of updated asset objects reloaded before import = 0
Number of asset objects unloaded after import = 2
========================================================================
Received Import Request.
  Time since last request: 4.025634 seconds.
  path: Assets/Imported Assets/low poly pack/Light and Reflection
  artifactKey: Guid(e8ebb13054e439b499dfc81dede5d975) Importer(815301076,1909f56bfc062723c751e8b465ee728b)
Start importing Assets/Imported Assets/low poly pack/Light and Reflection using Guid(e8ebb13054e439b499dfc81dede5d975) Importer(815301076,1909f56bfc062723c751e8b465ee728b)  -> (artifact id: '2c991e27b5aeb62e8195e0931860f183') in 0.000935 seconds
Number of updated asset objects reloaded before import = 0
Number of asset objects unloaded after import = 0
========================================================================
Received Import Request.
  Time since last request: 0.598907 seconds.
  path: Assets/Imported Assets/low poly pack/low poly
  artifactKey: Guid(237ddcf7d14707d499fbbc04400aa7fb) Importer(815301076,1909f56bfc062723c751e8b465ee728b)
Start importing Assets/Imported Assets/low poly pack/low poly using Guid(237ddcf7d14707d499fbbc04400aa7fb) Importer(815301076,1909f56bfc062723c751e8b465ee728b)  -> (artifact id: '7e6fc42e6d37ff25c10a002bd2b85dae') in 0.000969 seconds
Number of updated asset objects reloaded before import = 0
Number of asset objects unloaded after import = 0
========================================================================
Received Import Request.
  Time since last request: 0.075724 seconds.
  path: Assets/Imported Assets/low poly pack/low poly/Component_4_1.prefab
  artifactKey: Guid(6f291886c95756c42aaa3ce06c4610f7) Importer(815301076,1909f56bfc062723c751e8b465ee728b)
Start importing Assets/Imported Assets/low poly pack/low poly/Component_4_1.prefab using Guid(6f291886c95756c42aaa3ce06c4610f7) Importer(815301076,1909f56bfc062723c751e8b465ee728b)  -> (artifact id: '54e155d183fe4fbdd7f6ca876215d3cc') in 0.027556 seconds
Number of updated asset objects reloaded before import = 0
Number of asset objects unloaded after import = 21
========================================================================
Received Import Request.
  Time since last request: 0.000021 seconds.
  path: Assets/Imported Assets/low poly pack/low poly/Untitled.fbx
  artifactKey: Guid(cb3d15a9f97c5014a822e9d235f96631) Importer(815301076,1909f56bfc062723c751e8b465ee728b)
Start importing Assets/Imported Assets/low poly pack/low poly/Untitled.fbx using Guid(cb3d15a9f97c5014a822e9d235f96631) Importer(815301076,1909f56bfc062723c751e8b465ee728b)  -> (artifact id: '3cf7702f4954242ebae2209a4ae5f53b') in 0.114678 seconds
Number of updated asset objects reloaded before import = 0
Number of asset objects unloaded after import = 113
========================================================================
Received Import Request.
  Time since last request: 1.261186 seconds.
  path: Assets/Imported Assets/low poly pack/low poly/Materials
  artifactKey: Guid(cc552859422824843b9ea48c6c5f97b4) Importer(815301076,1909f56bfc062723c751e8b465ee728b)
Start importing Assets/Imported Assets/low poly pack/low poly/Materials using Guid(cc552859422824843b9ea48c6c5f97b4) Importer(815301076,1909f56bfc062723c751e8b465ee728b)  -> (artifact id: '0c27ff9da0ffe25b7d6ca3d3c43c8dc5') in 0.001043 seconds
Number of updated asset objects reloaded before import = 0
Number of asset objects unloaded after import = 0
========================================================================
Received Import Request.
  Time since last request: 0.057099 seconds.
  path: Assets/Imported Assets/low poly pack/low poly/Materials/Color_C08.mat
  artifactKey: Guid(d20575702840ae644abf02a9a7da435c) Importer(815301076,1909f56bfc062723c751e8b465ee728b)
Start importing Assets/Imported Assets/low poly pack/low poly/Materials/Color_C08.mat using Guid(d20575702840ae644abf02a9a7da435c) Importer(815301076,1909f56bfc062723c751e8b465ee728b)  -> (artifact id: '7b807d4aeb20a628513a59f773ad546d') in 0.017605 seconds
Number of updated asset objects reloaded before import = 0
Number of asset objects unloaded after import = 2
========================================================================
Received Import Request.
  Time since last request: 0.000036 seconds.
  path: Assets/Imported Assets/low poly pack/low poly/Materials/FrontColor.mat
  artifactKey: Guid(392015d57837f7040b7e4d40edf85c6a) Importer(815301076,1909f56bfc062723c751e8b465ee728b)
Start importing Assets/Imported Assets/low poly pack/low poly/Materials/FrontColor.mat using Guid(392015d57837f7040b7e4d40edf85c6a) Importer(815301076,1909f56bfc062723c751e8b465ee728b)  -> (artifact id: 'cc5ea076975ab666ad7fd7c4e33ba15f') in 0.019125 seconds
Number of updated asset objects reloaded before import = 0
Number of asset objects unloaded after import = 2
========================================================================
Received Import Request.
  Time since last request: 3.032669 seconds.
  path: Assets/Imported Assets/low poly pack/land/Land1.prefab
  artifactKey: Guid(1699844328b271b4a82793168a3d421e) Importer(815301076,1909f56bfc062723c751e8b465ee728b)
Start importing Assets/Imported Assets/low poly pack/land/Land1.prefab using Guid(1699844328b271b4a82793168a3d421e) Importer(815301076,1909f56bfc062723c751e8b465ee728b)  -> (artifact id: 'a6e462520fd0526038b57d80c9153e9b') in 0.027560 seconds
Number of updated asset objects reloaded before import = 0
Number of asset objects unloaded after import = 12
========================================================================
Received Import Request.
  Time since last request: 0.000019 seconds.
  path: Assets/Imported Assets/low poly pack/land/Land4.prefab
  artifactKey: Guid(6e1b0156461b84e4793afa1e3d832ed0) Importer(815301076,1909f56bfc062723c751e8b465ee728b)
Start importing Assets/Imported Assets/low poly pack/land/Land4.prefab using Guid(6e1b0156461b84e4793afa1e3d832ed0) Importer(815301076,1909f56bfc062723c751e8b465ee728b)  -> (artifact id: '3481dff461dbd01d325897b62b43c49e') in 0.024574 seconds
Number of updated asset objects reloaded before import = 0
Number of asset objects unloaded after import = 11
========================================================================
Received Import Request.
  Time since last request: 0.000023 seconds.
  path: Assets/Imported Assets/low poly pack/land/New Material.mat
  artifactKey: Guid(ab42cc1c2e1e9014cb685781ecb0863b) Importer(815301076,1909f56bfc062723c751e8b465ee728b)
Start importing Assets/Imported Assets/low poly pack/land/New Material.mat using Guid(ab42cc1c2e1e9014cb685781ecb0863b) Importer(815301076,1909f56bfc062723c751e8b465ee728b)  -> (artifact id: '42137e38c4426f56838d3a6747cfedf1') in 0.015648 seconds
Number of updated asset objects reloaded before import = 0
Number of asset objects unloaded after import = 2
========================================================================
Received Import Request.
  Time since last request: 2.655452 seconds.
  path: Assets/Imported Assets/low poly pack/Fbx low poly/Materials
  artifactKey: Guid(8834f18ef9ffed54d9315343f5bb1367) Importer(815301076,1909f56bfc062723c751e8b465ee728b)
Start importing Assets/Imported Assets/low poly pack/Fbx low poly/Materials using Guid(8834f18ef9ffed54d9315343f5bb1367) Importer(815301076,1909f56bfc062723c751e8b465ee728b)  -> (artifact id: 'a4162e578058ca12ec97d95b402cbfab') in 0.000929 seconds
Number of updated asset objects reloaded before import = 0
Number of asset objects unloaded after import = 0
========================================================================
Received Import Request.
  Time since last request: 0.059531 seconds.
  path: Assets/Imported Assets/low poly pack/Fbx low poly/Materials/Color_A03.mat
  artifactKey: Guid(8ccbf078bbb163a4798b2aaaff9cd07f) Importer(815301076,1909f56bfc062723c751e8b465ee728b)
Start importing Assets/Imported Assets/low poly pack/Fbx low poly/Materials/Color_A03.mat using Guid(8ccbf078bbb163a4798b2aaaff9cd07f) Importer(815301076,1909f56bfc062723c751e8b465ee728b)  -> (artifact id: '870dd6991fbda612450a59e0c841b719') in 0.018621 seconds
Number of updated asset objects reloaded before import = 0
Number of asset objects unloaded after import = 2
========================================================================
Received Import Request.
  Time since last request: 0.000023 seconds.
  path: Assets/Imported Assets/low poly pack/Fbx low poly/Materials/Color_G06.mat
  artifactKey: Guid(869a864add94e5649962957662decfb5) Importer(815301076,1909f56bfc062723c751e8b465ee728b)
Start importing Assets/Imported Assets/low poly pack/Fbx low poly/Materials/Color_G06.mat using Guid(869a864add94e5649962957662decfb5) Importer(815301076,1909f56bfc062723c751e8b465ee728b)  -> (artifact id: 'a5f8e548be1fb4c2d2946dd380f489da') in 0.017259 seconds
Number of updated asset objects reloaded before import = 0
Number of asset objects unloaded after import = 2
========================================================================
Received Import Request.
  Time since last request: 0.000022 seconds.
  path: Assets/Imported Assets/low poly pack/Fbx low poly/Materials/Color_F06.mat
  artifactKey: Guid(d6a61d838ee19094d87924d4fc67e113) Importer(815301076,1909f56bfc062723c751e8b465ee728b)
Start importing Assets/Imported Assets/low poly pack/Fbx low poly/Materials/Color_F06.mat using Guid(d6a61d838ee19094d87924d4fc67e113) Importer(815301076,1909f56bfc062723c751e8b465ee728b)  -> (artifact id: '912536c9deb0e49a1e950cc8eee3e065') in 0.018643 seconds
Number of updated asset objects reloaded before import = 0
Number of asset objects unloaded after import = 2
========================================================================
Received Import Request.
  Time since last request: 0.000019 seconds.
  path: Assets/Imported Assets/low poly pack/Fbx low poly/Materials/Color_B04.mat
  artifactKey: Guid(912a5083d12f34643a82c4f0ec671a03) Importer(815301076,1909f56bfc062723c751e8b465ee728b)
Start importing Assets/Imported Assets/low poly pack/Fbx low poly/Materials/Color_B04.mat using Guid(912a5083d12f34643a82c4f0ec671a03) Importer(815301076,1909f56bfc062723c751e8b465ee728b)  -> (artifact id: '4898c390257a67ea0cf782af10af6736') in 0.019866 seconds
Number of updated asset objects reloaded before import = 0
Number of asset objects unloaded after import = 2
========================================================================
Received Import Request.
  Time since last request: 0.000023 seconds.
  path: Assets/Imported Assets/low poly pack/Fbx low poly/Materials/Color_J03.mat
  artifactKey: Guid(76bcb407d4680ba44b2a69305c4d1d80) Importer(815301076,1909f56bfc062723c751e8b465ee728b)
Start importing Assets/Imported Assets/low poly pack/Fbx low poly/Materials/Color_J03.mat using Guid(76bcb407d4680ba44b2a69305c4d1d80) Importer(815301076,1909f56bfc062723c751e8b465ee728b)  -> (artifact id: '94b633fbd7622db1619fc1e2986f2b72') in 0.017874 seconds
Number of updated asset objects reloaded before import = 0
Number of asset objects unloaded after import = 2
========================================================================
Received Import Request.
  Time since last request: 0.000030 seconds.
  path: Assets/Imported Assets/low poly pack/Fbx low poly/Materials/Mat.2.mat
  artifactKey: Guid(84e9454106ecb144d920f3a518176236) Importer(815301076,1909f56bfc062723c751e8b465ee728b)
Start importing Assets/Imported Assets/low poly pack/Fbx low poly/Materials/Mat.2.mat using Guid(84e9454106ecb144d920f3a518176236) Importer(815301076,1909f56bfc062723c751e8b465ee728b)  -> (artifact id: '809acd35b6cb4dc7b613e0c0a3bc38a7') in 0.018488 seconds
Number of updated asset objects reloaded before import = 0
Number of asset objects unloaded after import = 2
========================================================================
Received Import Request.
  Time since last request: 0.000035 seconds.
  path: Assets/Imported Assets/low poly pack/Fbx low poly/Materials/Color_F08.mat
  artifactKey: Guid(264f79f81e127074b963f610900e1205) Importer(815301076,1909f56bfc062723c751e8b465ee728b)
Start importing Assets/Imported Assets/low poly pack/Fbx low poly/Materials/Color_F08.mat using Guid(264f79f81e127074b963f610900e1205) Importer(815301076,1909f56bfc062723c751e8b465ee728b)  -> (artifact id: '2a85ebe9022dff558987177a569869ce') in 0.019088 seconds
Number of updated asset objects reloaded before import = 0
Number of asset objects unloaded after import = 2
========================================================================
Received Import Request.
  Time since last request: 0.000029 seconds.
  path: Assets/Imported Assets/low poly pack/Fbx low poly/Materials/Color_M03.mat
  artifactKey: Guid(2037adef527ea8940b8e58df0b90b08c) Importer(815301076,1909f56bfc062723c751e8b465ee728b)
Start importing Assets/Imported Assets/low poly pack/Fbx low poly/Materials/Color_M03.mat using Guid(2037adef527ea8940b8e58df0b90b08c) Importer(815301076,1909f56bfc062723c751e8b465ee728b)  -> (artifact id: '3d0049e085af4e7ddc54cf98bc2b5105') in 0.022962 seconds
Number of updated asset objects reloaded before import = 0
Number of asset objects unloaded after import = 2
========================================================================
Received Import Request.
  Time since last request: 0.000026 seconds.
  path: Assets/Imported Assets/low poly pack/Fbx low poly/Materials/Color_H03.mat
  artifactKey: Guid(c5d97b468baaa2e4bb9d02cf425beba8) Importer(815301076,1909f56bfc062723c751e8b465ee728b)
Start importing Assets/Imported Assets/low poly pack/Fbx low poly/Materials/Color_H03.mat using Guid(c5d97b468baaa2e4bb9d02cf425beba8) Importer(815301076,1909f56bfc062723c751e8b465ee728b)  -> (artifact id: 'c2d457ed7a38fbbc84f31a62e52b630b') in 0.025118 seconds
Number of updated asset objects reloaded before import = 0
Number of asset objects unloaded after import = 2
========================================================================
Received Import Request.
  Time since last request: 2.574605 seconds.
  path: Assets/Imported Assets/low poly pack/scene
  artifactKey: Guid(e21d2773f22a99b40bfb224be50cdcb3) Importer(815301076,1909f56bfc062723c751e8b465ee728b)
Start importing Assets/Imported Assets/low poly pack/scene using Guid(e21d2773f22a99b40bfb224be50cdcb3) Importer(815301076,1909f56bfc062723c751e8b465ee728b)  -> (artifact id: '9f9426c1fa128be75b8573607f706a44') in 0.000893 seconds
Number of updated asset objects reloaded before import = 0
Number of asset objects unloaded after import = 0
========================================================================
Received Import Request.
  Time since last request: 3.107652 seconds.
  path: Assets/Imported Assets/low poly pack/Terain
  artifactKey: Guid(65496f1c8fae21c4384070808e8169e6) Importer(815301076,1909f56bfc062723c751e8b465ee728b)
Start importing Assets/Imported Assets/low poly pack/Terain using Guid(65496f1c8fae21c4384070808e8169e6) Importer(815301076,1909f56bfc062723c751e8b465ee728b)  -> (artifact id: '8cfed7809404d383b1c3f9ee1a551dac') in 0.000902 seconds
Number of updated asset objects reloaded before import = 0
Number of asset objects unloaded after import = 0
========================================================================
Received Import Request.
  Time since last request: 0.071543 seconds.
  path: Assets/Imported Assets/low poly pack/Terain/Grass.prefab
  artifactKey: Guid(72229693aaee3b24fbadcec09fa83b6c) Importer(815301076,1909f56bfc062723c751e8b465ee728b)
Start importing Assets/Imported Assets/low poly pack/Terain/Grass.prefab using Guid(72229693aaee3b24fbadcec09fa83b6c) Importer(815301076,1909f56bfc062723c751e8b465ee728b)  -> (artifact id: '8aa16c4532fa29f238ee28059a10ad8b') in 0.022635 seconds
Number of updated asset objects reloaded before import = 0
Number of asset objects unloaded after import = 11
========================================================================
Received Import Request.
  Time since last request: 0.000046 seconds.
  path: Assets/Imported Assets/low poly pack/Terain/terain.prefab
  artifactKey: Guid(7b80874909f9a3645bdd024faac3a7fc) Importer(815301076,1909f56bfc062723c751e8b465ee728b)
Start importing Assets/Imported Assets/low poly pack/Terain/terain.prefab using Guid(7b80874909f9a3645bdd024faac3a7fc) Importer(815301076,1909f56bfc062723c751e8b465ee728b)  -> (artifact id: 'f2d3c04498b1b710f4863fe208b738f8') in 0.020416 seconds
Number of updated asset objects reloaded before import = 0
Number of asset objects unloaded after import = 11
========================================================================
Received Import Request.
  Time since last request: 0.000033 seconds.
  path: Assets/Imported Assets/low poly pack/Terain/rock2.prefab
  artifactKey: Guid(306e8b551f8f8ef4ebf6a804240027bf) Importer(815301076,1909f56bfc062723c751e8b465ee728b)
Start importing Assets/Imported Assets/low poly pack/Terain/rock2.prefab using Guid(306e8b551f8f8ef4ebf6a804240027bf) Importer(815301076,1909f56bfc062723c751e8b465ee728b)  -> (artifact id: '4f371a39928e7974e7b020498fdd9d1e') in 0.018250 seconds
Number of updated asset objects reloaded before import = 0
Number of asset objects unloaded after import = 11
========================================================================
Received Import Request.
  Time since last request: 10.476507 seconds.
  path: Assets/Imported Assets/L_FG_Assets_Pack_Lite/Perfabs
  artifactKey: Guid(ad7b9962b24ebd54b81ded035891c363) Importer(815301076,1909f56bfc062723c751e8b465ee728b)
Start importing Assets/Imported Assets/L_FG_Assets_Pack_Lite/Perfabs using Guid(ad7b9962b24ebd54b81ded035891c363) Importer(815301076,1909f56bfc062723c751e8b465ee728b)  -> (artifact id: '66d89e5baeacce71211247b10e8fbefe') in 0.000768 seconds
Number of updated asset objects reloaded before import = 0
Number of asset objects unloaded after import = 0
========================================================================
Received Import Request.
  Time since last request: 1.405380 seconds.
  path: Assets/Imported Assets/L_FG_Assets_Pack_Lite/Perfabs/Rock
  artifactKey: Guid(ccbe7501665b0134ca14e9c6981bdeee) Importer(815301076,1909f56bfc062723c751e8b465ee728b)
Start importing Assets/Imported Assets/L_FG_Assets_Pack_Lite/Perfabs/Rock using Guid(ccbe7501665b0134ca14e9c6981bdeee) Importer(815301076,1909f56bfc062723c751e8b465ee728b)  -> (artifact id: 'bccd1dbf5c1c06180d320c95da99cea1') in 0.000734 seconds
Number of updated asset objects reloaded before import = 0
Number of asset objects unloaded after import = 0
========================================================================
Received Import Request.
  Time since last request: 0.068484 seconds.
  path: Assets/Imported Assets/L_FG_Assets_Pack_Lite/Perfabs/Rock/Rock01.prefab
  artifactKey: Guid(9bfa0c2985bcdca469da2285e0a27429) Importer(815301076,1909f56bfc062723c751e8b465ee728b)
Start importing Assets/Imported Assets/L_FG_Assets_Pack_Lite/Perfabs/Rock/Rock01.prefab using Guid(9bfa0c2985bcdca469da2285e0a27429) Importer(815301076,1909f56bfc062723c751e8b465ee728b)  -> (artifact id: '86a170b65b55e55b79abc6c9bae707e0') in 0.023190 seconds
Number of updated asset objects reloaded before import = 0
Number of asset objects unloaded after import = 10
========================================================================
Received Import Request.
  Time since last request: 7.930571 seconds.
  path: Assets/Imported Assets/Low-Poly Weapons/Prefabs
  artifactKey: Guid(110bad191b3d34110affc46b1251af5c) Importer(815301076,1909f56bfc062723c751e8b465ee728b)
Start importing Assets/Imported Assets/Low-Poly Weapons/Prefabs using Guid(110bad191b3d34110affc46b1251af5c) Importer(815301076,1909f56bfc062723c751e8b465ee728b)  -> (artifact id: '31b93bd18232db671f6fd16c93577952') in 0.000853 seconds
Number of updated asset objects reloaded before import = 0
Number of asset objects unloaded after import = 0
========================================================================
Received Import Request.
  Time since last request: 0.081478 seconds.
  path: Assets/Imported Assets/Low-Poly Weapons/Prefabs/Arrow_Explosive.prefab
  artifactKey: Guid(a7ef2398046494d0cadc6b5c28cfa84f) Importer(815301076,1909f56bfc062723c751e8b465ee728b)
Start importing Assets/Imported Assets/Low-Poly Weapons/Prefabs/Arrow_Explosive.prefab using Guid(a7ef2398046494d0cadc6b5c28cfa84f) Importer(815301076,1909f56bfc062723c751e8b465ee728b)  -> (artifact id: '36534614d40cfe4c5816c0e1209632f7') in 0.022565 seconds
Number of updated asset objects reloaded before import = 0
Number of asset objects unloaded after import = 12
========================================================================
Received Import Request.
  Time since last request: 0.000017 seconds.
  path: Assets/Imported Assets/Low-Poly Weapons/Prefabs/Grenade_Smoke.prefab
  artifactKey: Guid(cc45d25784d134031be721e31c3c239f) Importer(815301076,1909f56bfc062723c751e8b465ee728b)
Start importing Assets/Imported Assets/Low-Poly Weapons/Prefabs/Grenade_Smoke.prefab using Guid(cc45d25784d134031be721e31c3c239f) Importer(815301076,1909f56bfc062723c751e8b465ee728b)  -> (artifact id: '6f0960567affdbf163f0e6ae715994f0') in 0.025928 seconds
Number of updated asset objects reloaded before import = 0
Number of asset objects unloaded after import = 10
========================================================================
Received Import Request.
  Time since last request: 0.000028 seconds.
  path: Assets/Imported Assets/Low-Poly Weapons/Prefabs/Bow.prefab
  artifactKey: Guid(8093457b576f04fbfa270bca1b2553a1) Importer(815301076,1909f56bfc062723c751e8b465ee728b)
Start importing Assets/Imported Assets/Low-Poly Weapons/Prefabs/Bow.prefab using Guid(8093457b576f04fbfa270bca1b2553a1) Importer(815301076,1909f56bfc062723c751e8b465ee728b)  -> (artifact id: 'c3e6266adaf44f84efbbb3a80da8b79d') in 0.023401 seconds
Number of updated asset objects reloaded before import = 0
Number of asset objects unloaded after import = 10
========================================================================
Received Import Request.
  Time since last request: 0.000028 seconds.
  path: Assets/Imported Assets/Low-Poly Weapons/Prefabs/Crossbow.prefab
  artifactKey: Guid(1dcc6f17f2ad24b98a7ef082c8c454a9) Importer(815301076,1909f56bfc062723c751e8b465ee728b)
Start importing Assets/Imported Assets/Low-Poly Weapons/Prefabs/Crossbow.prefab using Guid(1dcc6f17f2ad24b98a7ef082c8c454a9) Importer(815301076,1909f56bfc062723c751e8b465ee728b)  -> (artifact id: 'f7713c8a6a78b7a1e70edfc6603712d0') in 0.022370 seconds
Number of updated asset objects reloaded before import = 0
Number of asset objects unloaded after import = 15
========================================================================
Received Import Request.
  Time since last request: 0.000028 seconds.
  path: Assets/Imported Assets/Low-Poly Weapons/Prefabs/Shield.prefab
  artifactKey: Guid(b4ea2f3e0e40943219a8997915f71646) Importer(815301076,1909f56bfc062723c751e8b465ee728b)
Start importing Assets/Imported Assets/Low-Poly Weapons/Prefabs/Shield.prefab using Guid(b4ea2f3e0e40943219a8997915f71646) Importer(815301076,1909f56bfc062723c751e8b465ee728b)  -> (artifact id: '5f3bea6940a750b449333c19410537bc') in 0.022602 seconds
Number of updated asset objects reloaded before import = 0
Number of asset objects unloaded after import = 10
========================================================================
Received Import Request.
  Time since last request: 0.000026 seconds.
  path: Assets/Imported Assets/Low-Poly Weapons/Prefabs/Potion_Mana.prefab
  artifactKey: Guid(4fc855fb7bf094a0891967175e5bdb17) Importer(815301076,1909f56bfc062723c751e8b465ee728b)
Start importing Assets/Imported Assets/Low-Poly Weapons/Prefabs/Potion_Mana.prefab using Guid(4fc855fb7bf094a0891967175e5bdb17) Importer(815301076,1909f56bfc062723c751e8b465ee728b)  -> (artifact id: '4625a5379f1633ec3c4a7c8d238812d2') in 0.022122 seconds
Number of updated asset objects reloaded before import = 0
Number of asset objects unloaded after import = 10
========================================================================
Received Import Request.
  Time since last request: 0.000053 seconds.
  path: Assets/Imported Assets/Low-Poly Weapons/Prefabs/Potion_Stamina.prefab
  artifactKey: Guid(f244d85ca954f4336a1a7595053efbfc) Importer(815301076,1909f56bfc062723c751e8b465ee728b)
Start importing Assets/Imported Assets/Low-Poly Weapons/Prefabs/Potion_Stamina.prefab using Guid(f244d85ca954f4336a1a7595053efbfc) Importer(815301076,1909f56bfc062723c751e8b465ee728b)  -> (artifact id: '99824cfb7160e0ddb5567621c7002d56') in 0.021355 seconds
Number of updated asset objects reloaded before import = 0
Number of asset objects unloaded after import = 10
========================================================================
Received Import Request.
  Time since last request: 0.000025 seconds.
  path: Assets/Imported Assets/Low-Poly Weapons/Prefabs/Sword.prefab
  artifactKey: Guid(ef692f86dcc854a7aba0ac610620cb15) Importer(815301076,1909f56bfc062723c751e8b465ee728b)
Start importing Assets/Imported Assets/Low-Poly Weapons/Prefabs/Sword.prefab using Guid(ef692f86dcc854a7aba0ac610620cb15) Importer(815301076,1909f56bfc062723c751e8b465ee728b)  -> (artifact id: 'e3ed9d627749a8f5249393e5cf57e1a7') in 0.021996 seconds
Number of updated asset objects reloaded before import = 0
Number of asset objects unloaded after import = 10
========================================================================
Received Import Request.
  Time since last request: 1.826492 seconds.
  path: Assets/Imported Assets/Low-Poly Weapons/Models
  artifactKey: Guid(5e84e48035c0c43f993a13161d4cd902) Importer(815301076,1909f56bfc062723c751e8b465ee728b)
Start importing Assets/Imported Assets/Low-Poly Weapons/Models using Guid(5e84e48035c0c43f993a13161d4cd902) Importer(815301076,1909f56bfc062723c751e8b465ee728b)  -> (artifact id: '6e1c6acaac3e07a823fac8e00458c1eb') in 0.000745 seconds
Number of updated asset objects reloaded before import = 0
Number of asset objects unloaded after import = 0
========================================================================
Received Import Request.
  Time since last request: 0.077452 seconds.
  path: Assets/Imported Assets/Low-Poly Weapons/Models/Arrow_Explosive.fbx
  artifactKey: Guid(a6c4c9afde33c4603bef3ca6b3a587ca) Importer(815301076,1909f56bfc062723c751e8b465ee728b)
Start importing Assets/Imported Assets/Low-Poly Weapons/Models/Arrow_Explosive.fbx using Guid(a6c4c9afde33c4603bef3ca6b3a587ca) Importer(815301076,1909f56bfc062723c751e8b465ee728b)  -> (artifact id: 'e137a051852962f414a60a87b144b385') in 0.029077 seconds
Number of updated asset objects reloaded before import = 0
Number of asset objects unloaded after import = 13
========================================================================
Received Import Request.
  Time since last request: 0.000024 seconds.
  path: Assets/Imported Assets/Low-Poly Weapons/Models/Potion_Berserk.fbx
  artifactKey: Guid(2b5e4dcfbc9c54f019932d7dc34a1d4e) Importer(815301076,1909f56bfc062723c751e8b465ee728b)
Start importing Assets/Imported Assets/Low-Poly Weapons/Models/Potion_Berserk.fbx using Guid(2b5e4dcfbc9c54f019932d7dc34a1d4e) Importer(815301076,1909f56bfc062723c751e8b465ee728b)  -> (artifact id: 'c9651aa64ab982a2989944fb104561c1') in 0.024762 seconds
Number of updated asset objects reloaded before import = 0
Number of asset objects unloaded after import = 10
========================================================================
Received Import Request.
  Time since last request: 0.000030 seconds.
  path: Assets/Imported Assets/Low-Poly Weapons/Models/Bomb.fbx
  artifactKey: Guid(d1e8477c1d62b4eb2950689921e7ef58) Importer(815301076,1909f56bfc062723c751e8b465ee728b)
Start importing Assets/Imported Assets/Low-Poly Weapons/Models/Bomb.fbx using Guid(d1e8477c1d62b4eb2950689921e7ef58) Importer(815301076,1909f56bfc062723c751e8b465ee728b)  -> (artifact id: '335e91265e95f4f143c6742a23d1e8ad') in 0.023311 seconds
Number of updated asset objects reloaded before import = 0
Number of asset objects unloaded after import = 10
========================================================================
Received Import Request.
  Time since last request: 0.000019 seconds.
  path: Assets/Imported Assets/Low-Poly Weapons/Models/Dagger.fbx
  artifactKey: Guid(db56260143b5948a88d20ae44f2441a0) Importer(815301076,1909f56bfc062723c751e8b465ee728b)
Start importing Assets/Imported Assets/Low-Poly Weapons/Models/Dagger.fbx using Guid(db56260143b5948a88d20ae44f2441a0) Importer(815301076,1909f56bfc062723c751e8b465ee728b)  -> (artifact id: 'e7d31a10ba83a7078fb5e40b1091af2c') in 0.023519 seconds
Number of updated asset objects reloaded before import = 0
Number of asset objects unloaded after import = 10
========================================================================
Received Import Request.
  Time since last request: 0.000022 seconds.
  path: Assets/Imported Assets/Low-Poly Weapons/Models/Potion_Mana.fbx
  artifactKey: Guid(a7b94700af64d4331af2f449bf00b987) Importer(815301076,1909f56bfc062723c751e8b465ee728b)
Start importing Assets/Imported Assets/Low-Poly Weapons/Models/Potion_Mana.fbx using Guid(a7b94700af64d4331af2f449bf00b987) Importer(815301076,1909f56bfc062723c751e8b465ee728b)  -> (artifact id: '540ecead6c5d1fd67f1575b9f413f118') in 0.023892 seconds
Number of updated asset objects reloaded before import = 0
Number of asset objects unloaded after import = 10
========================================================================
Received Import Request.
  Time since last request: 0.000018 seconds.
  path: Assets/Imported Assets/Low-Poly Weapons/Models/Shield.fbx
  artifactKey: Guid(176b2704b742b4e13a95b47b307c3266) Importer(815301076,1909f56bfc062723c751e8b465ee728b)
Start importing Assets/Imported Assets/Low-Poly Weapons/Models/Shield.fbx using Guid(176b2704b742b4e13a95b47b307c3266) Importer(815301076,1909f56bfc062723c751e8b465ee728b)  -> (artifact id: '1e7e6813f31212cbcf9c6f0f2324ec13') in 0.025938 seconds
Number of updated asset objects reloaded before import = 0
Number of asset objects unloaded after import = 10
========================================================================
Received Import Request.
  Time since last request: 2.115006 seconds.
  path: Assets/Imported Assets/Low-Poly Weapons/Models/Materials
  artifactKey: Guid(1e246a66a60994d37a13380d39124149) Importer(815301076,1909f56bfc062723c751e8b465ee728b)
Start importing Assets/Imported Assets/Low-Poly Weapons/Models/Materials using Guid(1e246a66a60994d37a13380d39124149) Importer(815301076,1909f56bfc062723c751e8b465ee728b)  -> (artifact id: '116990a62e6ab160ee9ea600d5936bdb') in 0.000959 seconds
Number of updated asset objects reloaded before import = 0
Number of asset objects unloaded after import = 0
========================================================================
Received Import Request.
  Time since last request: 0.040268 seconds.
  path: Assets/Imported Assets/Low-Poly Weapons/Models/Materials/Potions.mat
  artifactKey: Guid(6b051bc964265438b9edf8fb79c57ccb) Importer(815301076,1909f56bfc062723c751e8b465ee728b)
Start importing Assets/Imported Assets/Low-Poly Weapons/Models/Materials/Potions.mat using Guid(6b051bc964265438b9edf8fb79c57ccb) Importer(815301076,1909f56bfc062723c751e8b465ee728b)  -> (artifact id: 'a8e89e4680c5992a0fa0a3c51878c75e') in 0.018273 seconds
Number of updated asset objects reloaded before import = 0
Number of asset objects unloaded after import = 3
========================================================================
Received Import Request.
  Time since last request: 3.021263 seconds.
  path: Assets/Imported Assets/Low-Poly Weapons/Documentation
  artifactKey: Guid(2cf59dbade15841a8ace5a64e1691075) Importer(815301076,1909f56bfc062723c751e8b465ee728b)
Start importing Assets/Imported Assets/Low-Poly Weapons/Documentation using Guid(2cf59dbade15841a8ace5a64e1691075) Importer(815301076,1909f56bfc062723c751e8b465ee728b)  -> (artifact id: '253efa3793557d20c66e6ca0606244b2') in 0.000822 seconds
Number of updated asset objects reloaded before import = 0
Number of asset objects unloaded after import = 0
========================================================================
Received Import Request.
  Time since last request: 2.715898 seconds.
  path: Assets/Imported Assets/NavMeshComponents
  artifactKey: Guid(5be9fe3ff3c79e44a9da58093b71bc24) Importer(815301076,1909f56bfc062723c751e8b465ee728b)
Start importing Assets/Imported Assets/NavMeshComponents using Guid(5be9fe3ff3c79e44a9da58093b71bc24) Importer(815301076,1909f56bfc062723c751e8b465ee728b)  -> (artifact id: 'b9a5aa21c0c11b8caebe3c3385f65233') in 0.001022 seconds
Number of updated asset objects reloaded before import = 0
Number of asset objects unloaded after import = 0
========================================================================
Received Import Request.
  Time since last request: 0.645409 seconds.
  path: Assets/Imported Assets/NavMeshes
  artifactKey: Guid(1c96047edbd26a5489d71cc18878c664) Importer(815301076,1909f56bfc062723c751e8b465ee728b)
Start importing Assets/Imported Assets/NavMeshes using Guid(1c96047edbd26a5489d71cc18878c664) Importer(815301076,1909f56bfc062723c751e8b465ee728b)  -> (artifact id: 'fd4bbb06b370a7b39e039de8e3647bb5') in 0.000954 seconds
Number of updated asset objects reloaded before import = 0
Number of asset objects unloaded after import = 0
========================================================================
Received Import Request.
  Time since last request: 2.375881 seconds.
  path: Assets/Imported Assets/Polytope Studio
  artifactKey: Guid(206eec67d5144b948aee1d1002733ba9) Importer(815301076,1909f56bfc062723c751e8b465ee728b)
Start importing Assets/Imported Assets/Polytope Studio using Guid(206eec67d5144b948aee1d1002733ba9) Importer(815301076,1909f56bfc062723c751e8b465ee728b)  -> (artifact id: '88fac1408e9ea28d445e94f841a677c1') in 0.000985 seconds
Number of updated asset objects reloaded before import = 0
Number of asset objects unloaded after import = 0
========================================================================
Received Import Request.
  Time since last request: 1.537850 seconds.
  path: Assets/Imported Assets/Polytope Studio/Lowpoly Medieval Demos
  artifactKey: Guid(bc5ef1be23842da4b8d6dd32a96055f0) Importer(815301076,1909f56bfc062723c751e8b465ee728b)
Start importing Assets/Imported Assets/Polytope Studio/Lowpoly Medieval Demos using Guid(bc5ef1be23842da4b8d6dd32a96055f0) Importer(815301076,1909f56bfc062723c751e8b465ee728b)  -> (artifact id: 'afd4113532c81cc15d043f269b5e527f') in 0.000948 seconds
Number of updated asset objects reloaded before import = 0
Number of asset objects unloaded after import = 0
========================================================================
Received Import Request.
  Time since last request: 2.570306 seconds.
  path: Assets/Imported Assets/Polytope Studio/Lowpoly Medieval Environments
  artifactKey: Guid(be41ee6ac43e67344981ef736f6e5ca2) Importer(815301076,1909f56bfc062723c751e8b465ee728b)
Start importing Assets/Imported Assets/Polytope Studio/Lowpoly Medieval Environments using Guid(be41ee6ac43e67344981ef736f6e5ca2) Importer(815301076,1909f56bfc062723c751e8b465ee728b)  -> (artifact id: '3a257dfbcc623682f86283da0beac51e') in 0.000870 seconds
Number of updated asset objects reloaded before import = 0
Number of asset objects unloaded after import = 0
========================================================================
Received Import Request.
  Time since last request: 1.095057 seconds.
  path: Assets/Imported Assets/Polytope Studio/Lowpoly Medieval Village
  artifactKey: Guid(9c4cb87f53ebd5c468c413df16c5ea33) Importer(815301076,1909f56bfc062723c751e8b465ee728b)
Start importing Assets/Imported Assets/Polytope Studio/Lowpoly Medieval Village using Guid(9c4cb87f53ebd5c468c413df16c5ea33) Importer(815301076,1909f56bfc062723c751e8b465ee728b)  -> (artifact id: '77f1874ad954a136e5a65776df71c8ce') in 0.000946 seconds
Number of updated asset objects reloaded before import = 0
Number of asset objects unloaded after import = 0
========================================================================
Received Import Request.
  Time since last request: 1.972794 seconds.
  path: Assets/Imported Assets/Polytope Studio/Lowpoly Medieval Environments/Sources
  artifactKey: Guid(50084c0ced59c5243b289606ec1aaa1d) Importer(815301076,1909f56bfc062723c751e8b465ee728b)
Start importing Assets/Imported Assets/Polytope Studio/Lowpoly Medieval Environments/Sources using Guid(50084c0ced59c5243b289606ec1aaa1d) Importer(815301076,1909f56bfc062723c751e8b465ee728b)  -> (artifact id: '081a3cb952eec31e777b5701d702f990') in 0.000940 seconds
Number of updated asset objects reloaded before import = 0
Number of asset objects unloaded after import = 0
========================================================================
Received Import Request.
  Time since last request: 0.850673 seconds.
  path: Assets/Imported Assets/Polytope Studio/Lowpoly Medieval Environments/Sources/Materials
  artifactKey: Guid(c79904a7cd1e74c488b60bd79b66ed54) Importer(815301076,1909f56bfc062723c751e8b465ee728b)
Start importing Assets/Imported Assets/Polytope Studio/Lowpoly Medieval Environments/Sources/Materials using Guid(c79904a7cd1e74c488b60bd79b66ed54) Importer(815301076,1909f56bfc062723c751e8b465ee728b)  -> (artifact id: '0768fdbe8d098fe87b54f919142129f6') in 0.001000 seconds
Number of updated asset objects reloaded before import = 0
Number of asset objects unloaded after import = 0
========================================================================
Received Import Request.
  Time since last request: 0.058078 seconds.
  path: Assets/Imported Assets/Polytope Studio/Lowpoly Medieval Environments/Sources/Materials/PT_Fruit_Tree_Foliage_Mat.mat
  artifactKey: Guid(0a1f44318dd467a45bfef81ad0e8855a) Importer(815301076,1909f56bfc062723c751e8b465ee728b)
Start importing Assets/Imported Assets/Polytope Studio/Lowpoly Medieval Environments/Sources/Materials/PT_Fruit_Tree_Foliage_Mat.mat using Guid(0a1f44318dd467a45bfef81ad0e8855a) Importer(815301076,1909f56bfc062723c751e8b465ee728b)  -> (artifact id: '63cddb8c9f1f594b404b8f5017c6a551') in 0.012709 seconds
Number of updated asset objects reloaded before import = 0
Number of asset objects unloaded after import = 3
========================================================================
Received Import Request.
  Time since last request: 0.000024 seconds.
  path: Assets/Imported Assets/Polytope Studio/Lowpoly Medieval Environments/Sources/Materials/PT_Grass_Mat.mat
  artifactKey: Guid(09473d06882d1414b84b1fdb7a095516) Importer(815301076,1909f56bfc062723c751e8b465ee728b)
Start importing Assets/Imported Assets/Polytope Studio/Lowpoly Medieval Environments/Sources/Materials/PT_Grass_Mat.mat using Guid(09473d06882d1414b84b1fdb7a095516) Importer(815301076,1909f56bfc062723c751e8b465ee728b)  -> (artifact id: '31fb71e0bafae290eb18ad06b87e286e') in 0.084900 seconds
Number of updated asset objects reloaded before import = 0
Number of asset objects unloaded after import = 3
========================================================================
Received Import Request.
  Time since last request: 0.000022 seconds.
  path: Assets/Imported Assets/Polytope Studio/Lowpoly Medieval Environments/Sources/Materials/PT_Pine_Tree_Trunk_Mat.mat
  artifactKey: Guid(f43a7dc4f39c5654a8211b83259e32a9) Importer(815301076,1909f56bfc062723c751e8b465ee728b)
Start importing Assets/Imported Assets/Polytope Studio/Lowpoly Medieval Environments/Sources/Materials/PT_Pine_Tree_Trunk_Mat.mat using Guid(f43a7dc4f39c5654a8211b83259e32a9) Importer(815301076,1909f56bfc062723c751e8b465ee728b)  -> (artifact id: '1a41077a2e4d2fd2f422ab65a117505d') in 0.015748 seconds
Number of updated asset objects reloaded before import = 0
Number of asset objects unloaded after import = 3
========================================================================
Received Import Request.
  Time since last request: 0.000037 seconds.
  path: Assets/Imported Assets/Polytope Studio/Lowpoly Medieval Environments/Sources/Materials/PT_Mushrooms_mat.mat
  artifactKey: Guid(c522ec7c62be0c145bc320ad11705a67) Importer(815301076,1909f56bfc062723c751e8b465ee728b)
Start importing Assets/Imported Assets/Polytope Studio/Lowpoly Medieval Environments/Sources/Materials/PT_Mushrooms_mat.mat using Guid(c522ec7c62be0c145bc320ad11705a67) Importer(815301076,1909f56bfc062723c751e8b465ee728b)  -> (artifact id: 'b914fdd0dd5e169e395e542402b830dd') in 0.018902 seconds
Number of updated asset objects reloaded before import = 0
Number of asset objects unloaded after import = 3
========================================================================
Received Import Request.
  Time since last request: 0.000023 seconds.
  path: Assets/Imported Assets/Polytope Studio/Lowpoly Medieval Environments/Sources/Materials/PT_Skybox_mat.mat
  artifactKey: Guid(59573b088aaea0442bf29e0a0e9d1339) Importer(815301076,1909f56bfc062723c751e8b465ee728b)
Start importing Assets/Imported Assets/Polytope Studio/Lowpoly Medieval Environments/Sources/Materials/PT_Skybox_mat.mat using Guid(59573b088aaea0442bf29e0a0e9d1339) Importer(815301076,1909f56bfc062723c751e8b465ee728b)  -> (artifact id: 'b8b65d8070b15b9d8b02ca981474a6be') in 0.062755 seconds
Number of updated asset objects reloaded before import = 0
Number of asset objects unloaded after import = 3
========================================================================
Received Import Request.
  Time since last request: 0.000029 seconds.
  path: Assets/Imported Assets/Polytope Studio/Lowpoly Medieval Environments/Sources/Materials/PT_Poppy_mat.mat
  artifactKey: Guid(67c85a5a0248e2a4a98e653c8e7eeb9e) Importer(815301076,1909f56bfc062723c751e8b465ee728b)
Start importing Assets/Imported Assets/Polytope Studio/Lowpoly Medieval Environments/Sources/Materials/PT_Poppy_mat.mat using Guid(67c85a5a0248e2a4a98e653c8e7eeb9e) Importer(815301076,1909f56bfc062723c751e8b465ee728b)  -> (artifact id: '4c410acf042c4b69669feae1db24a298') in 0.011203 seconds
Number of updated asset objects reloaded before import = 0
Number of asset objects unloaded after import = 3
========================================================================
Received Import Request.
  Time since last request: 1.043253 seconds.
  path: Assets/Imported Assets/Polytope Studio/Lowpoly Medieval Environments/Sources/Textures/PT_Fruit_Tree_Leaves_01.png
  artifactKey: Guid(d2f321fff7f05aa49ad106541e997dd3) Importer(815301076,1909f56bfc062723c751e8b465ee728b)
Start importing Assets/Imported Assets/Polytope Studio/Lowpoly Medieval Environments/Sources/Textures/PT_Fruit_Tree_Leaves_01.png using Guid(d2f321fff7f05aa49ad106541e997dd3) Importer(815301076,1909f56bfc062723c751e8b465ee728b)  -> (artifact id: '7a0cb7d669bb034db5791afd93b36f72') in 0.025360 seconds
Number of updated asset objects reloaded before import = 0
Number of asset objects unloaded after import = 2
========================================================================
Received Import Request.
  Time since last request: 20.252181 seconds.
  path: Assets/Imported Assets/L_FG_Assets_Pack_Lite/Demo/Demo6/Lightmap-4_comp_light.exr
  artifactKey: Guid(c33023bdc0a718f41bc7aebbe427ae8a) Importer(815301076,1909f56bfc062723c751e8b465ee728b)
Start importing Assets/Imported Assets/L_FG_Assets_Pack_Lite/Demo/Demo6/Lightmap-4_comp_light.exr using Guid(c33023bdc0a718f41bc7aebbe427ae8a) Importer(815301076,1909f56bfc062723c751e8b465ee728b)  -> (artifact id: '70847858695b654044b1d79de932ee89') in 0.030335 seconds
Number of updated asset objects reloaded before import = 0
Number of asset objects unloaded after import = 2
========================================================================
Received Import Request.
  Time since last request: 0.000025 seconds.
  path: Assets/Imported Assets/AllSkyFree/Night MoonBurst/Night Moon Burst_Cam_0_Front+Z.png
  artifactKey: Guid(6faf329ad7f5a4920bd3e23e4b000057) Importer(815301076,1909f56bfc062723c751e8b465ee728b)
Start importing Assets/Imported Assets/AllSkyFree/Night MoonBurst/Night Moon Burst_Cam_0_Front+Z.png using Guid(6faf329ad7f5a4920bd3e23e4b000057) Importer(815301076,1909f56bfc062723c751e8b465ee728b)  -> (artifact id: '306a96aafbab14f91b6073f8e5ebc198') in 0.024767 seconds
Number of updated asset objects reloaded before import = 0
Number of asset objects unloaded after import = 2
========================================================================
Received Import Request.
  Time since last request: 0.000048 seconds.
  path: Assets/Imported Assets/Polytope Studio/Lowpoly Medieval Environments/Sources/Textures/PT_Generic_Tree_Leaves_01.png
  artifactKey: Guid(f2ee3ef6a109f0f4b8bfd6f7c1e310f4) Importer(815301076,1909f56bfc062723c751e8b465ee728b)
Start importing Assets/Imported Assets/Polytope Studio/Lowpoly Medieval Environments/Sources/Textures/PT_Generic_Tree_Leaves_01.png using Guid(f2ee3ef6a109f0f4b8bfd6f7c1e310f4) Importer(815301076,1909f56bfc062723c751e8b465ee728b)  -> (artifact id: 'd2590f258a05f07613774653d3f541fc') in 0.028889 seconds
Number of updated asset objects reloaded before import = 0
Number of asset objects unloaded after import = 2
========================================================================
Received Import Request.
  Time since last request: 0.000034 seconds.
  path: Assets/Imported Assets/Polytope Studio/Lowpoly Medieval Environments/Sources/Textures/PT_Ground_Generic_03.png
  artifactKey: Guid(e0b09c625cee17a48b22b2cf949cd320) Importer(815301076,1909f56bfc062723c751e8b465ee728b)
Start importing Assets/Imported Assets/Polytope Studio/Lowpoly Medieval Environments/Sources/Textures/PT_Ground_Generic_03.png using Guid(e0b09c625cee17a48b22b2cf949cd320) Importer(815301076,1909f56bfc062723c751e8b465ee728b)  -> (artifact id: '431d8ba45d3d7143a1ad094d1e339631') in 0.025774 seconds
Number of updated asset objects reloaded before import = 0
Number of asset objects unloaded after import = 2
========================================================================
Received Import Request.
  Time since last request: 0.000023 seconds.
  path: Assets/Imported Assets/Low-Poly Weapons/Textures/Potions.tif
  artifactKey: Guid(33717b16713914784b0db03854ccfa16) Importer(815301076,1909f56bfc062723c751e8b465ee728b)
Start importing Assets/Imported Assets/Low-Poly Weapons/Textures/Potions.tif using Guid(33717b16713914784b0db03854ccfa16) Importer(815301076,1909f56bfc062723c751e8b465ee728b)  -> (artifact id: 'e08a5b2e73914f6f3077e1ad98bcc17b') in 0.019528 seconds
Number of updated asset objects reloaded before import = 0
Number of asset objects unloaded after import = 2
========================================================================
Received Import Request.
  Time since last request: 0.000036 seconds.
  path: Assets/Imported Assets/EffectTexturesAndPrefabs/Textures/particle_A.png
  artifactKey: Guid(7a034c8d003ebef4d89457c73317547b) Importer(815301076,1909f56bfc062723c751e8b465ee728b)
Start importing Assets/Imported Assets/EffectTexturesAndPrefabs/Textures/particle_A.png using Guid(7a034c8d003ebef4d89457c73317547b) Importer(815301076,1909f56bfc062723c751e8b465ee728b)  -> (artifact id: 'cdf600a7548ead787e9a09f0b1136be0') in 0.018823 seconds
Number of updated asset objects reloaded before import = 0
Number of asset objects unloaded after import = 2
========================================================================
Received Import Request.
  Time since last request: 0.000023 seconds.
  path: Assets/Imported Assets/L_FG_Assets_Pack_Lite/Demo/Read me02.jpg
  artifactKey: Guid(4a9d66b9906291c43b2aa8605b32f402) Importer(815301076,1909f56bfc062723c751e8b465ee728b)
Start importing Assets/Imported Assets/L_FG_Assets_Pack_Lite/Demo/Read me02.jpg using Guid(4a9d66b9906291c43b2aa8605b32f402) Importer(815301076,1909f56bfc062723c751e8b465ee728b)  -> (artifact id: 'bd9b65b375640c8db146cb86011969c6') in 0.020916 seconds
Number of updated asset objects reloaded before import = 0
Number of asset objects unloaded after import = 2
========================================================================
Received Import Request.
  Time since last request: 0.000025 seconds.
  path: Assets/Imported Assets/Polytope Studio/Lowpoly Medieval Environments/Sources/Textures/PT_Grass_High_01.png
  artifactKey: Guid(b458cb1c79cb9894196830046f2621fa) Importer(815301076,1909f56bfc062723c751e8b465ee728b)
Start importing Assets/Imported Assets/Polytope Studio/Lowpoly Medieval Environments/Sources/Textures/PT_Grass_High_01.png using Guid(b458cb1c79cb9894196830046f2621fa) Importer(815301076,1909f56bfc062723c751e8b465ee728b)  -> (artifact id: '26c6e1fd624f64a5b4ded9d094e53cf2') in 0.020758 seconds
Number of updated asset objects reloaded before import = 0
Number of asset objects unloaded after import = 2
========================================================================
Received Import Request.
  Time since last request: 0.000025 seconds.
  path: Assets/Imported Assets/AllSkyFree/Night MoonBurst/Night Moon Burst_Cam_5_Down-Y.png
  artifactKey: Guid(771300e956150427f8e4740c74cdd67e) Importer(815301076,1909f56bfc062723c751e8b465ee728b)
Start importing Assets/Imported Assets/AllSkyFree/Night MoonBurst/Night Moon Burst_Cam_5_Down-Y.png using Guid(771300e956150427f8e4740c74cdd67e) Importer(815301076,1909f56bfc062723c751e8b465ee728b)  -> (artifact id: 'c430c645fa6d4a7c7eac88e4efb41d3a') in 0.027173 seconds
Number of updated asset objects reloaded before import = 0
Number of asset objects unloaded after import = 2
========================================================================
Received Import Request.
  Time since last request: 0.000020 seconds.
  path: Assets/Imported Assets/Polytope Studio/Lowpoly Medieval Environments/Sources/Textures/PT_Grass_02.png
  artifactKey: Guid(f2a86d9c4950f4c4e81271677d2e2624) Importer(815301076,1909f56bfc062723c751e8b465ee728b)
Start importing Assets/Imported Assets/Polytope Studio/Lowpoly Medieval Environments/Sources/Textures/PT_Grass_02.png using Guid(f2a86d9c4950f4c4e81271677d2e2624) Importer(815301076,1909f56bfc062723c751e8b465ee728b)  -> (artifact id: '52e726ab065197b024433398d28b32bd') in 0.022866 seconds
Number of updated asset objects reloaded before import = 0
Number of asset objects unloaded after import = 2
========================================================================
Received Import Request.
  Time since last request: 0.000072 seconds.
  path: Assets/Scenes/GameScenes/Level01/ReflectionProbe-0.exr
  artifactKey: Guid(e2e8c0e89c6420a449127bc0dd2f5149) Importer(815301076,1909f56bfc062723c751e8b465ee728b)
Start importing Assets/Scenes/GameScenes/Level01/ReflectionProbe-0.exr using Guid(e2e8c0e89c6420a449127bc0dd2f5149) Importer(815301076,1909f56bfc062723c751e8b465ee728b)  -> (artifact id: '5a1a5313f5176332ced06401703edaa7') in 0.019695 seconds
Number of updated asset objects reloaded before import = 0
Number of asset objects unloaded after import = 2
========================================================================
Received Import Request.
  Time since last request: 0.000025 seconds.
  path: Assets/Imported Assets/AllSkyFree/Night MoonBurst/Night Moon Burst_Cam_4_Up+Y.png
  artifactKey: Guid(544d3cf87e24a464fa433d08257479d1) Importer(815301076,1909f56bfc062723c751e8b465ee728b)
Start importing Assets/Imported Assets/AllSkyFree/Night MoonBurst/Night Moon Burst_Cam_4_Up+Y.png using Guid(544d3cf87e24a464fa433d08257479d1) Importer(815301076,1909f56bfc062723c751e8b465ee728b)  -> (artifact id: 'c0f135d888ddf925f20e8e38429ed39c') in 0.028331 seconds
Number of updated asset objects reloaded before import = 0
Number of asset objects unloaded after import = 2
========================================================================
Received Import Request.
  Time since last request: 0.000025 seconds.
  path: Assets/Imported Assets/AllSkyFree/Night MoonBurst/Night Moon Burst_Cam_3_Right-X.png
  artifactKey: Guid(8e462a9bf0b1941148e4318e741d7b09) Importer(815301076,1909f56bfc062723c751e8b465ee728b)
Start importing Assets/Imported Assets/AllSkyFree/Night MoonBurst/Night Moon Burst_Cam_3_Right-X.png using Guid(8e462a9bf0b1941148e4318e741d7b09) Importer(815301076,1909f56bfc062723c751e8b465ee728b)  -> (artifact id: '9b86f23ec2bb9326a6ef494d53d8a2a8') in 0.027486 seconds
Number of updated asset objects reloaded before import = 0
Number of asset objects unloaded after import = 2
========================================================================
Received Import Request.
  Time since last request: 0.000031 seconds.
  path: Assets/Imported Assets/Polytope Studio/Lowpoly Medieval Environments/Sources/Textures/PT_Grass_High_03.png
  artifactKey: Guid(4d7ad2aaddf58dc4e8dc116239a8d744) Importer(815301076,1909f56bfc062723c751e8b465ee728b)
Start importing Assets/Imported Assets/Polytope Studio/Lowpoly Medieval Environments/Sources/Textures/PT_Grass_High_03.png using Guid(4d7ad2aaddf58dc4e8dc116239a8d744) Importer(815301076,1909f56bfc062723c751e8b465ee728b)  -> (artifact id: 'f560deef57222e8c9cfbbcd8ed7ec907') in 0.022479 seconds
Number of updated asset objects reloaded before import = 0
Number of asset objects unloaded after import = 2
========================================================================
Received Import Request.
  Time since last request: 0.000021 seconds.
  path: Assets/Imported Assets/low poly pack/Light and Reflection/ReflectionProbe-1.exr
  artifactKey: Guid(18de2bdef7775bd4e8a49eac19ee6e11) Importer(815301076,1909f56bfc062723c751e8b465ee728b)
Start importing Assets/Imported Assets/low poly pack/Light and Reflection/ReflectionProbe-1.exr using Guid(18de2bdef7775bd4e8a49eac19ee6e11) Importer(815301076,1909f56bfc062723c751e8b465ee728b)  -> (artifact id: '4f9b0d985a954c8b42cc843ec6190937') in 0.025003 seconds
Number of updated asset objects reloaded before import = 0
Number of asset objects unloaded after import = 2
========================================================================
Received Import Request.
  Time since last request: 0.000036 seconds.
  path: Assets/Imported Assets/Polytope Studio/Lowpoly Medieval Environments/Sources/Textures/PT_Mushrooms_01.png
  artifactKey: Guid(9a9ed1d4f54a1ce4a9331c6a1a926976) Importer(815301076,1909f56bfc062723c751e8b465ee728b)
Start importing Assets/Imported Assets/Polytope Studio/Lowpoly Medieval Environments/Sources/Textures/PT_Mushrooms_01.png using Guid(9a9ed1d4f54a1ce4a9331c6a1a926976) Importer(815301076,1909f56bfc062723c751e8b465ee728b)  -> (artifact id: '0ba6524fc430d5f8e38fbc5bbfa708ad') in 0.021861 seconds
Number of updated asset objects reloaded before import = 0
Number of asset objects unloaded after import = 2
========================================================================
Received Import Request.
  Time since last request: 0.000025 seconds.
  path: Assets/Resources/Prefabs/Fog/ParticleCloudWhite.png
  artifactKey: Guid(e35e9a3e7638cfe41b1dfc5ece193c1e) Importer(815301076,1909f56bfc062723c751e8b465ee728b)
Start importing Assets/Resources/Prefabs/Fog/ParticleCloudWhite.png using Guid(e35e9a3e7638cfe41b1dfc5ece193c1e) Importer(815301076,1909f56bfc062723c751e8b465ee728b)  -> (artifact id: '39f02067a3c5e97db0d90b1bbe11d7d7') in 0.011832 seconds
Number of updated asset objects reloaded before import = 0
Number of asset objects unloaded after import = 2
========================================================================
Received Import Request.
  Time since last request: 0.000025 seconds.
  path: Assets/Imported Assets/Inguz Media Studio/Free 2D Impact FX/Sprites/Plastic006_4K_Displacement.png
  artifactKey: Guid(1ee1ef7510919684184f2b3b51349095) Importer(815301076,1909f56bfc062723c751e8b465ee728b)
Start importing Assets/Imported Assets/Inguz Media Studio/Free 2D Impact FX/Sprites/Plastic006_4K_Displacement.png using Guid(1ee1ef7510919684184f2b3b51349095) Importer(815301076,1909f56bfc062723c751e8b465ee728b)  -> (artifact id: '4ff1dc90b461be024fdff14f3407d654') in 0.030632 seconds
Number of updated asset objects reloaded before import = 0
Number of asset objects unloaded after import = 2
========================================================================
Received Import Request.
  Time since last request: 0.000021 seconds.
  path: Assets/Imported Assets/Polytope Studio/Lowpoly Medieval Environments/Sources/Textures/PT_Poppy_01.png
  artifactKey: Guid(e0eab39b8993b684dbb9800cf1151d33) Importer(815301076,1909f56bfc062723c751e8b465ee728b)
Start importing Assets/Imported Assets/Polytope Studio/Lowpoly Medieval Environments/Sources/Textures/PT_Poppy_01.png using Guid(e0eab39b8993b684dbb9800cf1151d33) Importer(815301076,1909f56bfc062723c751e8b465ee728b)  -> (artifact id: '99357f8bda77d7b2a6ec25d73fd838f0') in 0.023994 seconds
Number of updated asset objects reloaded before import = 0
Number of asset objects unloaded after import = 2
========================================================================
Received Import Request.
  Time since last request: 0.000029 seconds.
  path: Assets/Imported Assets/Polytope Studio/Lowpoly Medieval Environments/Sources/Textures/PT_Pine_Tree_01.png
  artifactKey: Guid(47c82777887e3fc46bc141849b1b3ccb) Importer(815301076,1909f56bfc062723c751e8b465ee728b)
Start importing Assets/Imported Assets/Polytope Studio/Lowpoly Medieval Environments/Sources/Textures/PT_Pine_Tree_01.png using Guid(47c82777887e3fc46bc141849b1b3ccb) Importer(815301076,1909f56bfc062723c751e8b465ee728b)  -> (artifact id: '8f7e05e5d7d39815c4fa2bdb35f407fd') in 0.021891 seconds
Number of updated asset objects reloaded before import = 0
Number of asset objects unloaded after import = 2
========================================================================
Received Import Request.
  Time since last request: 0.000022 seconds.
  path: Assets/Scenes/GameScenes/StartLevel/ReflectionProbe-0.exr
  artifactKey: Guid(f9566bd6ba1c17045ad5dec36ecd816d) Importer(815301076,1909f56bfc062723c751e8b465ee728b)
Start importing Assets/Scenes/GameScenes/StartLevel/ReflectionProbe-0.exr using Guid(f9566bd6ba1c17045ad5dec36ecd816d) Importer(815301076,1909f56bfc062723c751e8b465ee728b)  -> (artifact id: 'a82d57095313402a9a0db3afd0da00e5') in 0.016686 seconds
Number of updated asset objects reloaded before import = 0
Number of asset objects unloaded after import = 2
========================================================================
Received Import Request.
  Time since last request: 84.077706 seconds.
  path: Assets/Imported Assets/TextMesh Pro/Examples & Extras/Textures/Text Overflow - Linked Text Image 1.png
  artifactKey: Guid(4ccf43d26c4748c792174516f4a8fcef) Importer(815301076,1909f56bfc062723c751e8b465ee728b)
Start importing Assets/Imported Assets/TextMesh Pro/Examples & Extras/Textures/Text Overflow - Linked Text Image 1.png using Guid(4ccf43d26c4748c792174516f4a8fcef) Importer(815301076,1909f56bfc062723c751e8b465ee728b)  -> (artifact id: '064a7db6556e6804ff4fb57f72c4648d') in 0.024099 seconds
Number of updated asset objects reloaded before import = 0
Number of asset objects unloaded after import = 2
========================================================================
Received Import Request.
  Time since last request: 11.997327 seconds.
  path: Assets/Imported Assets/Thaleah_PixelFont/Materials/Thaleah_DemoBackground.png
  artifactKey: Guid(b324a4685d480b346b084e8a5dbacbde) Importer(815301076,1909f56bfc062723c751e8b465ee728b)
Start importing Assets/Imported Assets/Thaleah_PixelFont/Materials/Thaleah_DemoBackground.png using Guid(b324a4685d480b346b084e8a5dbacbde) Importer(815301076,1909f56bfc062723c751e8b465ee728b)  -> (artifact id: 'd90035dc94ab449ee10993b789da990b') in 0.024954 seconds
Number of updated asset objects reloaded before import = 0
Number of asset objects unloaded after import = 3
========================================================================
Received Import Request.
  Time since last request: 110.269527 seconds.
  path: Assets/Imported Assets/Inguz Media Studio/Free 2D Impact FX/Demo Scene/Wallpaper.png
  artifactKey: Guid(af476d6d8d5bf418186319b671ba72ea) Importer(815301076,1909f56bfc062723c751e8b465ee728b)
Start importing Assets/Imported Assets/Inguz Media Studio/Free 2D Impact FX/Demo Scene/Wallpaper.png using Guid(af476d6d8d5bf418186319b671ba72ea) Importer(815301076,1909f56bfc062723c751e8b465ee728b)  -> (artifact id: 'b9ecee06b4828710f0f897aec793a64b') in 0.027911 seconds
Number of updated asset objects reloaded before import = 0
Number of asset objects unloaded after import = 3
========================================================================
Received Import Request.
  Time since last request: 26.710482 seconds.
  path: Assets/Imported Assets/TextMesh Pro/Examples & Extras/Textures/Small Crate_diffuse.jpg
  artifactKey: Guid(602cb87b6a29443b8636370ea0751574) Importer(815301076,1909f56bfc062723c751e8b465ee728b)
Start importing Assets/Imported Assets/TextMesh Pro/Examples & Extras/Textures/Small Crate_diffuse.jpg using Guid(602cb87b6a29443b8636370ea0751574) Importer(815301076,1909f56bfc062723c751e8b465ee728b)  -> (artifact id: 'dc27083c460bca27c6c0e8e47007132e') in 0.026059 seconds
Number of updated asset objects reloaded before import = 0
Number of asset objects unloaded after import = 2
========================================================================
Received Import Request.
  Time since last request: 0.000035 seconds.
  path: Assets/Imported Assets/low poly pack/Lowpoly tree2/Terrazzo.png
  artifactKey: Guid(b829f4318cc93bc459167097f7263133) Importer(815301076,1909f56bfc062723c751e8b465ee728b)
Start importing Assets/Imported Assets/low poly pack/Lowpoly tree2/Terrazzo.png using Guid(b829f4318cc93bc459167097f7263133) Importer(815301076,1909f56bfc062723c751e8b465ee728b)  -> (artifact id: '32885732295987a6676224c17bf58a36') in 0.021195 seconds
Number of updated asset objects reloaded before import = 0
Number of asset objects unloaded after import = 2
========================================================================
Received Import Request.
  Time since last request: 0.000024 seconds.
  path: Assets/Imported Assets/TextMesh Pro/Examples & Extras/Textures/Wipe Pattern - Radial Quad.psd
  artifactKey: Guid(2b5e9ae96c5644d8bae932f8b4ca68a2) Importer(815301076,1909f56bfc062723c751e8b465ee728b)
Start importing Assets/Imported Assets/TextMesh Pro/Examples & Extras/Textures/Wipe Pattern - Radial Quad.psd using Guid(2b5e9ae96c5644d8bae932f8b4ca68a2) Importer(815301076,1909f56bfc062723c751e8b465ee728b)  -> (artifact id: 'd3ebf3e5cbcb3fd5e583c64657e7d8d9') in 0.018655 seconds
Number of updated asset objects reloaded before import = 0
Number of asset objects unloaded after import = 2
========================================================================
Received Import Request.
  Time since last request: 0.000031 seconds.
  path: Assets/Imported Assets/TextMesh Pro/Examples & Extras/Textures/Wipe Pattern - Diagonal.psd
  artifactKey: Guid(ed5290d8df18488780e2996b9b882f01) Importer(815301076,1909f56bfc062723c751e8b465ee728b)
Start importing Assets/Imported Assets/TextMesh Pro/Examples & Extras/Textures/Wipe Pattern - Diagonal.psd using Guid(ed5290d8df18488780e2996b9b882f01) Importer(815301076,1909f56bfc062723c751e8b465ee728b)  -> (artifact id: 'b1bd4cea87963d7b04704d086888fbae') in 0.019404 seconds
Number of updated asset objects reloaded before import = 0
Number of asset objects unloaded after import = 2
========================================================================
Received Import Request.
  Time since last request: 0.000021 seconds.
  path: Assets/Imported Assets/Sherbbs Particle Collection/Textures/WhiteToNothing.png
  artifactKey: Guid(5a46793f22d5f5b43810d1cd13f51e13) Importer(815301076,1909f56bfc062723c751e8b465ee728b)
Start importing Assets/Imported Assets/Sherbbs Particle Collection/Textures/WhiteToNothing.png using Guid(5a46793f22d5f5b43810d1cd13f51e13) Importer(815301076,1909f56bfc062723c751e8b465ee728b)  -> (artifact id: '619a08eed3ca14cade1d7cbfa0789f32') in 0.023023 seconds
Number of updated asset objects reloaded before import = 0
Number of asset objects unloaded after import = 2
Editor requested this worker to shutdown with reason: Scaling down because of idle timeout
TcpMessagingSession - receive error
AssetImportWorkerClient::OnTransportError - code=2 error=End of file
AssetImportWorker is now disconnected from the server
Process exiting
Exiting without the bug reporter. Application will terminate with return code 0