Using pre-set license
Built from '2022.3/staging' branch; Version is '2022.3.14f1 (eff2de9070d8) revision 15725278'; Using compiler version '192829333'; Build Type 'Release'
OS: 'Windows 11  (10.0.26100) 64bit Core' Language: 'en' Physical Memory: 16239 MB
BatchMode: 1, IsHumanControllingUs: 0, StartBugReporterOnCrash: 0, Is64bit: 1, IsPro: 1

COMMAND LINE ARGUMENTS:
C:\Program Files\Unity\Hub\Editor\2022.3.14f1\Editor\Unity.exe
-adb2
-batchMode
-noUpm
-name
AssetImportWorker2
-projectPath
C:/Users/gamer/OneDrive/Documents/Github Repos/Project_Labyrinth/ProjectLabyrinth_V001
-logFile
Logs/AssetImportWorker2.log
-srvPort
63638
Successfully changed project path to: C:/Users/gamer/OneDrive/Documents/Github Repos/Project_Labyrinth/ProjectLabyrinth_V001
C:/Users/gamer/OneDrive/Documents/Github Repos/Project_Labyrinth/ProjectLabyrinth_V001
[UnityMemory] Configuration Parameters - Can be set up in boot.config
    "memorysetup-bucket-allocator-granularity=16"
    "memorysetup-bucket-allocator-bucket-count=8"
    "memorysetup-bucket-allocator-block-size=33554432"
    "memorysetup-bucket-allocator-block-count=8"
    "memorysetup-main-allocator-block-size=16777216"
    "memorysetup-thread-allocator-block-size=16777216"
    "memorysetup-gfx-main-allocator-block-size=16777216"
    "memorysetup-gfx-thread-allocator-block-size=16777216"
    "memorysetup-cache-allocator-block-size=4194304"
    "memorysetup-typetree-allocator-block-size=2097152"
    "memorysetup-profiler-bucket-allocator-granularity=16"
    "memorysetup-profiler-bucket-allocator-bucket-count=8"
    "memorysetup-profiler-bucket-allocator-block-size=33554432"
    "memorysetup-profiler-bucket-allocator-block-count=8"
    "memorysetup-profiler-allocator-block-size=16777216"
    "memorysetup-profiler-editor-allocator-block-size=1048576"
    "memorysetup-temp-allocator-size-main=16777216"
    "memorysetup-job-temp-allocator-block-size=2097152"
    "memorysetup-job-temp-allocator-block-size-background=1048576"
    "memorysetup-job-temp-allocator-reduction-small-platforms=262144"
    "memorysetup-allocator-temp-initial-block-size-main=262144"
    "memorysetup-allocator-temp-initial-block-size-worker=262144"
    "memorysetup-temp-allocator-size-background-worker=32768"
    "memorysetup-temp-allocator-size-job-worker=262144"
    "memorysetup-temp-allocator-size-preload-manager=33554432"
    "memorysetup-temp-allocator-size-nav-mesh-worker=65536"
    "memorysetup-temp-allocator-size-audio-worker=65536"
    "memorysetup-temp-allocator-size-cloud-worker=32768"
    "memorysetup-temp-allocator-size-gi-baking-worker=262144"
    "memorysetup-temp-allocator-size-gfx=262144"
Player connection [25748] Host "[IP] 192.168.4.22 [Port] 0 [Flags] 2 [Guid] 2930559482 [EditorId] 2930559482 [Version] 1048832 [Id] WindowsEditor(7,DESKTOP-KLK6U7O) [Debug] 1 [PackageName] WindowsEditor [ProjectName] Editor" joined multi-casting on [225.0.0.222:54997]...

Player connection [25748] Host "[IP] 192.168.4.22 [Port] 0 [Flags] 2 [Guid] 2930559482 [EditorId] 2930559482 [Version] 1048832 [Id] WindowsEditor(7,DESKTOP-KLK6U7O) [Debug] 1 [PackageName] WindowsEditor [ProjectName] Editor" joined alternative multi-casting on [225.0.0.222:34997]...

[Physics::Module] Initialized MultithreadedJobDispatcher with 11 workers.
Refreshing native plugins compatible for Editor in 7.06 ms, found 2 plugins.
Preloading 0 native plugins for Editor in 0.00 ms.
Initialize engine version: 2022.3.14f1 (eff2de9070d8)
[Subsystems] Discovering subsystems at path C:/Program Files/Unity/Hub/Editor/2022.3.14f1/Editor/Data/Resources/UnitySubsystems
[Subsystems] Discovering subsystems at path C:/Users/gamer/OneDrive/Documents/Github Repos/Project_Labyrinth/ProjectLabyrinth_V001/Assets
GfxDevice: creating device client; threaded=0; jobified=0
Direct3D:
    Version:  Direct3D 11.0 [level 11.1]
    Renderer: NVIDIA GeForce RTX 3060 Ti (ID=0x2486)
    Vendor:   NVIDIA
    VRAM:     8024 MB
    Driver:   32.0.15.7270
Initialize mono
Mono path[0] = 'C:/Program Files/Unity/Hub/Editor/2022.3.14f1/Editor/Data/Managed'
Mono path[1] = 'C:/Program Files/Unity/Hub/Editor/2022.3.14f1/Editor/Data/MonoBleedingEdge/lib/mono/unityjit-win32'
Mono config path = 'C:/Program Files/Unity/Hub/Editor/2022.3.14f1/Editor/Data/MonoBleedingEdge/etc'
Using monoOptions --debugger-agent=transport=dt_socket,embedding=1,server=y,suspend=n,address=127.0.0.1:56060
Begin MonoManager ReloadAssembly
Registering precompiled unity dll's ...
Register platform support module: C:/Program Files/Unity/Hub/Editor/2022.3.14f1/Editor/Data/PlaybackEngines/WindowsStandaloneSupport/UnityEditor.WindowsStandalone.Extensions.dll
Registered in 0.006704 seconds.
- Loaded All Assemblies, in  0.323 seconds
Native extension for WindowsStandalone target not found
Mono: successfully reloaded assembly
- Finished resetting the current domain, in  0.253 seconds
Domain Reload Profiling: 575ms
	BeginReloadAssembly (101ms)
		ExecutionOrderSort (0ms)
		DisableScriptedObjects (0ms)
		BackupInstance (0ms)
		ReleaseScriptingObjects (0ms)
		CreateAndSetChildDomain (1ms)
	RebuildCommonClasses (32ms)
	RebuildNativeTypeToScriptingClass (9ms)
	initialDomainReloadingComplete (55ms)
	LoadAllAssembliesAndSetupDomain (125ms)
		LoadAssemblies (98ms)
		RebuildTransferFunctionScriptingTraits (0ms)
		AnalyzeDomain (123ms)
			TypeCache.Refresh (122ms)
				TypeCache.ScanAssembly (109ms)
			ScanForSourceGeneratedMonoScriptInfo (0ms)
			ResolveRequiredComponents (0ms)
	FinalizeReload (254ms)
		ReleaseScriptCaches (0ms)
		RebuildScriptCaches (0ms)
		SetupLoadedEditorAssemblies (192ms)
			LogAssemblyErrors (0ms)
			InitializePlatformSupportModulesInManaged (11ms)
			SetLoadedEditorAssemblies (8ms)
			RefreshPlugins (0ms)
			BeforeProcessingInitializeOnLoad (3ms)
			ProcessInitializeOnLoadAttributes (123ms)
			ProcessInitializeOnLoadMethodAttributes (47ms)
			AfterProcessingInitializeOnLoad (0ms)
			EditorAssembliesLoaded (0ms)
		ExecutionOrderSort2 (0ms)
		AwakeInstancesAfterBackupRestoration (0ms)
========================================================================
Worker process is ready to serve import requests
Begin MonoManager ReloadAssembly
- Loaded All Assemblies, in  0.630 seconds
Refreshing native plugins compatible for Editor in 2.77 ms, found 2 plugins.
OnLevelWasLoaded was found on LevelManager
This message has been deprecated and will be removed in a later version of Unity.
Add a delegate to SceneManager.sceneLoaded instead to get notifications after scene loading has completed
Native extension for WindowsStandalone target not found
Package Manager log level set to [2]
[Package Manager] Server::EnsureServerProcessIsRunning -- launch failed, reason: Unity was launched with the -noUpm command-line argument
[Package Manager] UpmClient::Send -- Unable to send message (not connected to UPM process).
[Package Manager] Cannot connect to Unity Package Manager local server
Mono: successfully reloaded assembly
- Finished resetting the current domain, in  0.749 seconds
Domain Reload Profiling: 1377ms
	BeginReloadAssembly (156ms)
		ExecutionOrderSort (0ms)
		DisableScriptedObjects (7ms)
		BackupInstance (0ms)
		ReleaseScriptingObjects (0ms)
		CreateAndSetChildDomain (20ms)
	RebuildCommonClasses (29ms)
	RebuildNativeTypeToScriptingClass (9ms)
	initialDomainReloadingComplete (36ms)
	LoadAllAssembliesAndSetupDomain (395ms)
		LoadAssemblies (337ms)
		RebuildTransferFunctionScriptingTraits (0ms)
		AnalyzeDomain (154ms)
			TypeCache.Refresh (123ms)
				TypeCache.ScanAssembly (109ms)
			ScanForSourceGeneratedMonoScriptInfo (21ms)
			ResolveRequiredComponents (9ms)
	FinalizeReload (750ms)
		ReleaseScriptCaches (0ms)
		RebuildScriptCaches (0ms)
		SetupLoadedEditorAssemblies (586ms)
			LogAssemblyErrors (0ms)
			InitializePlatformSupportModulesInManaged (8ms)
			SetLoadedEditorAssemblies (5ms)
			RefreshPlugins (0ms)
			BeforeProcessingInitializeOnLoad (114ms)
			ProcessInitializeOnLoadAttributes (381ms)
			ProcessInitializeOnLoadMethodAttributes (73ms)
			AfterProcessingInitializeOnLoad (6ms)
			EditorAssembliesLoaded (0ms)
		ExecutionOrderSort2 (0ms)
		AwakeInstancesAfterBackupRestoration (6ms)
Launched and connected shader compiler UnityShaderCompiler.exe after 0.04 seconds
Refreshing native plugins compatible for Editor in 4.12 ms, found 2 plugins.
Preloading 0 native plugins for Editor in 0.00 ms.
Unloading 4359 Unused Serialized files (Serialized files now loaded: 0)
Unloading 92 unused Assets / (1.7 MB). Loaded Objects now: 4881.
Memory consumption went from 367.7 MB to 366.0 MB.
Total: 6.136800 ms (FindLiveObjects: 0.627700 ms CreateObjectMapping: 0.354700 ms MarkObjects: 4.266500 ms  DeleteObjects: 0.885800 ms)

AssetImportParameters requested are different than current active one (requested -> active):
  custom:container-demuxer-ogg: 62fdf1f143b41e24485cea50d1cbac27 -> 
  custom:video-decoder-ogg-theora: a1e56fd34408186e4bbccfd4996cb3dc -> 
  custom:framework-win-MediaFoundation: 216162199b28c13a410421893ffa2e32 -> 
  custom:CustomObjectIndexerAttribute: d54d2f2da18e7612c182cf67624b6b12 -> 
  custom:container-demuxer-webm: 4f35f7cbe854078d1ac9338744f61a02 -> 
  custom:container-muxer-webm: aa71ff27fc2769a1b78a27578f13a17b -> 
  custom:video-decoder-webm-vp8: 9c59270c3fd7afecdb556c50c9e8de78 -> 
  custom:SearchIndexIgnoredProperties: e643bd26f0fe6173181afceb89e7c659 -> 
  custom:AudioImporter_EditorPlatform: d09bf68614088b80899f8185d706f6e7 -> 
  custom:video-encoder-webm-vp8: eb34c28f22e8b96e1ab97ce403110664 -> 
  custom:audio-decoder-ogg-vorbis: bf7c407c2cedff20999df2af8eb42d56 -> 
  custom:audio-encoder-webm-vorbis: bf7c407c2cedff20999df2af8eb42d56 -> 
========================================================================
Received Import Request.
  Time since last request: 34611.728762 seconds.
  path: Assets/Imported Assets/Sherbbs Particle Collection
  artifactKey: Guid(cec1842914b71434e89748f06a2c73fd) Importer(815301076,1909f56bfc062723c751e8b465ee728b)
Start importing Assets/Imported Assets/Sherbbs Particle Collection using Guid(cec1842914b71434e89748f06a2c73fd) Importer(815301076,1909f56bfc062723c751e8b465ee728b)  -> (artifact id: '95295666e8d095a95dee79e20acb084e') in 0.003696 seconds
Number of updated asset objects reloaded before import = 0
Number of asset objects unloaded after import = 0
========================================================================
Received Import Request.
  Time since last request: 1.868149 seconds.
  path: Assets/Imported Assets/Sherbbs Particle Collection/Particles
  artifactKey: Guid(fbf67b9ffb435124ca54819967d40ea7) Importer(815301076,1909f56bfc062723c751e8b465ee728b)
Start importing Assets/Imported Assets/Sherbbs Particle Collection/Particles using Guid(fbf67b9ffb435124ca54819967d40ea7) Importer(815301076,1909f56bfc062723c751e8b465ee728b)  -> (artifact id: '94384e995133350756f622d5d0a6b1d1') in 0.000653 seconds
Number of updated asset objects reloaded before import = 0
Number of asset objects unloaded after import = 0
========================================================================
Received Import Request.
  Time since last request: 1.810135 seconds.
  path: Assets/Imported Assets/Sherbbs Particle Collection/Particles/Normal
  artifactKey: Guid(fccc5b0cd56e5824a8de644ed691236c) Importer(815301076,1909f56bfc062723c751e8b465ee728b)
Start importing Assets/Imported Assets/Sherbbs Particle Collection/Particles/Normal using Guid(fccc5b0cd56e5824a8de644ed691236c) Importer(815301076,1909f56bfc062723c751e8b465ee728b)  -> (artifact id: '030b022d7093f4cf2761013735b57ca0') in 0.000624 seconds
Number of updated asset objects reloaded before import = 0
Number of asset objects unloaded after import = 0
========================================================================
Received Import Request.
  Time since last request: 0.039778 seconds.
  path: Assets/Imported Assets/Sherbbs Particle Collection/Particles/Normal/BasicSpark.prefab
  artifactKey: Guid(f34d53a9f8cd409428b8d1e3addf4807) Importer(815301076,1909f56bfc062723c751e8b465ee728b)
Start importing Assets/Imported Assets/Sherbbs Particle Collection/Particles/Normal/BasicSpark.prefab using Guid(f34d53a9f8cd409428b8d1e3addf4807) Importer(815301076,1909f56bfc062723c751e8b465ee728b)  -> (artifact id: 'dfc93015e7241fc43cc2a2353c993a80') in 0.317195 seconds
Number of updated asset objects reloaded before import = 0
Number of asset objects unloaded after import = 23
========================================================================
Received Import Request.
  Time since last request: 0.750141 seconds.
  path: Assets/Imported Assets/Sherbbs Particle Collection/Materials/VertexUnlitGlowRoundedSquare.mat
  artifactKey: Guid(a1bc200c72ac7ee4cb0e1e043e5411a4) Importer(815301076,1909f56bfc062723c751e8b465ee728b)
Start importing Assets/Imported Assets/Sherbbs Particle Collection/Materials/VertexUnlitGlowRoundedSquare.mat using Guid(a1bc200c72ac7ee4cb0e1e043e5411a4) Importer(815301076,1909f56bfc062723c751e8b465ee728b)  -> (artifact id: 'c7a29bbbb7cb9bb199b7ad8ef469839b') in 0.029582 seconds
Number of updated asset objects reloaded before import = 0
Number of asset objects unloaded after import = 3
========================================================================
Received Import Request.
  Time since last request: 2.421223 seconds.
  path: Assets/Imported Assets/Sherbbs Particle Collection/Materials/VertexUnlitGlowNoMask.mat
  artifactKey: Guid(b0fbc06b85f4fa3428dfd6d37843048d) Importer(815301076,1909f56bfc062723c751e8b465ee728b)
Start importing Assets/Imported Assets/Sherbbs Particle Collection/Materials/VertexUnlitGlowNoMask.mat using Guid(b0fbc06b85f4fa3428dfd6d37843048d) Importer(815301076,1909f56bfc062723c751e8b465ee728b)  -> (artifact id: 'c78b7bebecdc740b0f365c49ec5623e6') in 0.008044 seconds
Number of updated asset objects reloaded before import = 0
Number of asset objects unloaded after import = 2
========================================================================
Received Import Request.
  Time since last request: 2.841871 seconds.
  path: Assets/Imported Assets/Sherbbs Particle Collection/Materials/VertexUnlitGlowCircle.mat
  artifactKey: Guid(63c277894672e024897840a609c424ca) Importer(815301076,1909f56bfc062723c751e8b465ee728b)
Start importing Assets/Imported Assets/Sherbbs Particle Collection/Materials/VertexUnlitGlowCircle.mat using Guid(63c277894672e024897840a609c424ca) Importer(815301076,1909f56bfc062723c751e8b465ee728b)  -> (artifact id: '57dcdbce3d6ae33f1bbdd61ac0cb5a34') in 0.010079 seconds
Number of updated asset objects reloaded before import = 0
Number of asset objects unloaded after import = 3
========================================================================
Received Import Request.
  Time since last request: 4.554854 seconds.
  path: Assets/Imported Assets/Sherbbs Particle Collection/Mesh/Triangle.fbx
  artifactKey: Guid(ecab19b8d4e8b1641a4bf38a91e9325a) Importer(815301076,1909f56bfc062723c751e8b465ee728b)
Start importing Assets/Imported Assets/Sherbbs Particle Collection/Mesh/Triangle.fbx using Guid(ecab19b8d4e8b1641a4bf38a91e9325a) Importer(815301076,1909f56bfc062723c751e8b465ee728b)  -> (artifact id: 'ad7496b2af2a6bc7a3c174d5f5bbff76') in 0.034198 seconds
Number of updated asset objects reloaded before import = 0
Number of asset objects unloaded after import = 8
========================================================================
Received Import Request.
  Time since last request: 12.002095 seconds.
  path: Assets/Imported Assets/Sherbbs Particle Collection/Particles/Atmosphere
  artifactKey: Guid(2c0e1a933a7d11b4d84bc43c01af4e72) Importer(815301076,1909f56bfc062723c751e8b465ee728b)
Start importing Assets/Imported Assets/Sherbbs Particle Collection/Particles/Atmosphere using Guid(2c0e1a933a7d11b4d84bc43c01af4e72) Importer(815301076,1909f56bfc062723c751e8b465ee728b)  -> (artifact id: '8c84220a0a60a6b351cb6e08d7fb2ad0') in 0.000778 seconds
Number of updated asset objects reloaded before import = 0
Number of asset objects unloaded after import = 0
========================================================================
Received Import Request.
  Time since last request: 0.054220 seconds.
  path: Assets/Imported Assets/Sherbbs Particle Collection/Particles/Atmosphere/Confetti Rain.prefab
  artifactKey: Guid(77cddf39b775be645a02d57fc0347afb) Importer(815301076,1909f56bfc062723c751e8b465ee728b)
Start importing Assets/Imported Assets/Sherbbs Particle Collection/Particles/Atmosphere/Confetti Rain.prefab using Guid(77cddf39b775be645a02d57fc0347afb) Importer(815301076,1909f56bfc062723c751e8b465ee728b)  -> (artifact id: 'dea8476356a0c3f733031b0cb1806e39') in 0.016733 seconds
Number of updated asset objects reloaded before import = 0
Number of asset objects unloaded after import = 9
========================================================================
Received Import Request.
  Time since last request: 0.000019 seconds.
  path: Assets/Imported Assets/Sherbbs Particle Collection/Particles/Atmosphere/Wind.prefab
  artifactKey: Guid(292bfa542cd61114883916af45c0c4f3) Importer(815301076,1909f56bfc062723c751e8b465ee728b)
Start importing Assets/Imported Assets/Sherbbs Particle Collection/Particles/Atmosphere/Wind.prefab using Guid(292bfa542cd61114883916af45c0c4f3) Importer(815301076,1909f56bfc062723c751e8b465ee728b)  -> (artifact id: 'da9f0aa2990f344c262d2567c658c8c8') in 0.012887 seconds
Number of updated asset objects reloaded before import = 0
Number of asset objects unloaded after import = 10
========================================================================
Received Import Request.
  Time since last request: 0.000024 seconds.
  path: Assets/Imported Assets/Sherbbs Particle Collection/Particles/Atmosphere/Rain (Collision).prefab
  artifactKey: Guid(8407edd9f34fd6a458da5ab5802b803c) Importer(815301076,1909f56bfc062723c751e8b465ee728b)
Start importing Assets/Imported Assets/Sherbbs Particle Collection/Particles/Atmosphere/Rain (Collision).prefab using Guid(8407edd9f34fd6a458da5ab5802b803c) Importer(815301076,1909f56bfc062723c751e8b465ee728b)  -> (artifact id: '41a76a36af9f9c33e647128943bdb2a1') in 0.009963 seconds
Number of updated asset objects reloaded before import = 0
Number of asset objects unloaded after import = 13
========================================================================
Received Import Request.
  Time since last request: 1.371735 seconds.
  path: Assets/Imported Assets/Sherbbs Particle Collection/Particles/Trails
  artifactKey: Guid(9cd0a908b664653478bcd1389a5d7390) Importer(815301076,1909f56bfc062723c751e8b465ee728b)
Start importing Assets/Imported Assets/Sherbbs Particle Collection/Particles/Trails using Guid(9cd0a908b664653478bcd1389a5d7390) Importer(815301076,1909f56bfc062723c751e8b465ee728b)  -> (artifact id: '93136cba436829a4c70c93a1c245e228') in 0.000810 seconds
Number of updated asset objects reloaded before import = 0
Number of asset objects unloaded after import = 0
========================================================================
Received Import Request.
  Time since last request: 0.057638 seconds.
  path: Assets/Imported Assets/Sherbbs Particle Collection/Particles/Trails/EtherialStreaksTrail.prefab
  artifactKey: Guid(797ee248261f4504f9071cdf2c4300d4) Importer(815301076,1909f56bfc062723c751e8b465ee728b)
Start importing Assets/Imported Assets/Sherbbs Particle Collection/Particles/Trails/EtherialStreaksTrail.prefab using Guid(797ee248261f4504f9071cdf2c4300d4) Importer(815301076,1909f56bfc062723c751e8b465ee728b)  -> (artifact id: 'dd99d0e537c762ffbae961ecc35eb4fd') in 0.017029 seconds
Number of updated asset objects reloaded before import = 0
Number of asset objects unloaded after import = 10
========================================================================
Received Import Request.
  Time since last request: 0.000025 seconds.
  path: Assets/Imported Assets/Sherbbs Particle Collection/Particles/Trails/SmokeTrail 3d.prefab
  artifactKey: Guid(4f3fbc2ee3f540a469cda95159007469) Importer(815301076,1909f56bfc062723c751e8b465ee728b)
Start importing Assets/Imported Assets/Sherbbs Particle Collection/Particles/Trails/SmokeTrail 3d.prefab using Guid(4f3fbc2ee3f540a469cda95159007469) Importer(815301076,1909f56bfc062723c751e8b465ee728b)  -> (artifact id: '5e3cc390a4e98b539bf21ddbe76dae76') in 0.009737 seconds
Number of updated asset objects reloaded before import = 0
Number of asset objects unloaded after import = 9
========================================================================
Received Import Request.
  Time since last request: 5.550237 seconds.
  path: Assets/Imported Assets/TextMesh Pro
  artifactKey: Guid(f54d1bd14bd3ca042bd867b519fee8cc) Importer(815301076,1909f56bfc062723c751e8b465ee728b)
Start importing Assets/Imported Assets/TextMesh Pro using Guid(f54d1bd14bd3ca042bd867b519fee8cc) Importer(815301076,1909f56bfc062723c751e8b465ee728b)  -> (artifact id: '30796653c4dfc1f2480bca9d8b60487c') in 0.001090 seconds
Number of updated asset objects reloaded before import = 0
Number of asset objects unloaded after import = 0
========================================================================
Received Import Request.
  Time since last request: 0.448304 seconds.
  path: Assets/Imported Assets/StylizedHandPaintedDungeon(Free)
  artifactKey: Guid(b820b3e8d04481643a61e69167873afd) Importer(815301076,1909f56bfc062723c751e8b465ee728b)
Start importing Assets/Imported Assets/StylizedHandPaintedDungeon(Free) using Guid(b820b3e8d04481643a61e69167873afd) Importer(815301076,1909f56bfc062723c751e8b465ee728b)  -> (artifact id: '3406fd4c4ab110a89d8184bef1576c88') in 0.000924 seconds
Number of updated asset objects reloaded before import = 0
Number of asset objects unloaded after import = 0
========================================================================
Received Import Request.
  Time since last request: 1.677687 seconds.
  path: Assets/Imported Assets/ProBuilder Data
  artifactKey: Guid(40fe1bc285887a74989c0ae8ad52895d) Importer(815301076,1909f56bfc062723c751e8b465ee728b)
Start importing Assets/Imported Assets/ProBuilder Data using Guid(40fe1bc285887a74989c0ae8ad52895d) Importer(815301076,1909f56bfc062723c751e8b465ee728b)  -> (artifact id: '5881d847c96743ec72ae835c67e86bc4') in 0.000933 seconds
Number of updated asset objects reloaded before import = 0
Number of asset objects unloaded after import = 0
========================================================================
Received Import Request.
  Time since last request: 0.829979 seconds.
  path: Assets/Imported Assets/Polytope Studio
  artifactKey: Guid(206eec67d5144b948aee1d1002733ba9) Importer(815301076,1909f56bfc062723c751e8b465ee728b)
Start importing Assets/Imported Assets/Polytope Studio using Guid(206eec67d5144b948aee1d1002733ba9) Importer(815301076,1909f56bfc062723c751e8b465ee728b)  -> (artifact id: '88fac1408e9ea28d445e94f841a677c1') in 0.000953 seconds
Number of updated asset objects reloaded before import = 0
Number of asset objects unloaded after import = 0
========================================================================
Received Import Request.
  Time since last request: 1.109021 seconds.
  path: Assets/Imported Assets/NavMeshes
  artifactKey: Guid(1c96047edbd26a5489d71cc18878c664) Importer(815301076,1909f56bfc062723c751e8b465ee728b)
Start importing Assets/Imported Assets/NavMeshes using Guid(1c96047edbd26a5489d71cc18878c664) Importer(815301076,1909f56bfc062723c751e8b465ee728b)  -> (artifact id: 'fd4bbb06b370a7b39e039de8e3647bb5') in 0.000801 seconds
Number of updated asset objects reloaded before import = 0
Number of asset objects unloaded after import = 0
========================================================================
Received Import Request.
  Time since last request: 1.719891 seconds.
  path: Assets/Imported Assets/Polytope Studio/Lowpoly Medieval Village
  artifactKey: Guid(9c4cb87f53ebd5c468c413df16c5ea33) Importer(815301076,1909f56bfc062723c751e8b465ee728b)
Start importing Assets/Imported Assets/Polytope Studio/Lowpoly Medieval Village using Guid(9c4cb87f53ebd5c468c413df16c5ea33) Importer(815301076,1909f56bfc062723c751e8b465ee728b)  -> (artifact id: '77f1874ad954a136e5a65776df71c8ce') in 0.000835 seconds
Number of updated asset objects reloaded before import = 0
Number of asset objects unloaded after import = 0
========================================================================
Received Import Request.
  Time since last request: 0.448893 seconds.
  path: Assets/Imported Assets/Polytope Studio/Lowpoly Medieval Environments
  artifactKey: Guid(be41ee6ac43e67344981ef736f6e5ca2) Importer(815301076,1909f56bfc062723c751e8b465ee728b)
Start importing Assets/Imported Assets/Polytope Studio/Lowpoly Medieval Environments using Guid(be41ee6ac43e67344981ef736f6e5ca2) Importer(815301076,1909f56bfc062723c751e8b465ee728b)  -> (artifact id: '3a257dfbcc623682f86283da0beac51e') in 0.000847 seconds
Number of updated asset objects reloaded before import = 0
Number of asset objects unloaded after import = 0
========================================================================
Received Import Request.
  Time since last request: 0.761451 seconds.
  path: Assets/Imported Assets/Polytope Studio/Lowpoly Medieval Demos
  artifactKey: Guid(bc5ef1be23842da4b8d6dd32a96055f0) Importer(815301076,1909f56bfc062723c751e8b465ee728b)
Start importing Assets/Imported Assets/Polytope Studio/Lowpoly Medieval Demos using Guid(bc5ef1be23842da4b8d6dd32a96055f0) Importer(815301076,1909f56bfc062723c751e8b465ee728b)  -> (artifact id: 'afd4113532c81cc15d043f269b5e527f') in 0.000905 seconds
Number of updated asset objects reloaded before import = 0
Number of asset objects unloaded after import = 0
========================================================================
Received Import Request.
  Time since last request: 4.013084 seconds.
  path: Assets/Imported Assets/A_piece_of_nature
  artifactKey: Guid(7fcf56cfb56cd2e46a53b4ef154e873a) Importer(815301076,1909f56bfc062723c751e8b465ee728b)
Start importing Assets/Imported Assets/A_piece_of_nature using Guid(7fcf56cfb56cd2e46a53b4ef154e873a) Importer(815301076,1909f56bfc062723c751e8b465ee728b)  -> (artifact id: 'a9c15659e81fa462b7071d65005d145a') in 0.000945 seconds
Number of updated asset objects reloaded before import = 0
Number of asset objects unloaded after import = 0
========================================================================
Received Import Request.
  Time since last request: 0.521020 seconds.
  path: Assets/Imported Assets/_TerrainAutoUpgrade
  artifactKey: Guid(f3f49f69e6e9c1d47b027b569b80d004) Importer(815301076,1909f56bfc062723c751e8b465ee728b)
Start importing Assets/Imported Assets/_TerrainAutoUpgrade using Guid(f3f49f69e6e9c1d47b027b569b80d004) Importer(815301076,1909f56bfc062723c751e8b465ee728b)  -> (artifact id: 'bb545231eff725d4591912fb0339af1f') in 0.000644 seconds
Number of updated asset objects reloaded before import = 0
Number of asset objects unloaded after import = 0
========================================================================
Received Import Request.
  Time since last request: 3.613943 seconds.
  path: Assets/Imported Assets/TileableBricksWall
  artifactKey: Guid(adaf1452f63fcca4d92af89b5c48f0d6) Importer(815301076,1909f56bfc062723c751e8b465ee728b)
Start importing Assets/Imported Assets/TileableBricksWall using Guid(adaf1452f63fcca4d92af89b5c48f0d6) Importer(815301076,1909f56bfc062723c751e8b465ee728b)  -> (artifact id: 'b1365420df9c600111375b5ba437e451') in 0.000730 seconds
Number of updated asset objects reloaded before import = 0
Number of asset objects unloaded after import = 0
========================================================================
Received Import Request.
  Time since last request: 1.565976 seconds.
  path: Assets/Imported Assets/L_FG_Assets_Pack_Lite
  artifactKey: Guid(12021ea6748d33149a586816647c2ea2) Importer(815301076,1909f56bfc062723c751e8b465ee728b)
Start importing Assets/Imported Assets/L_FG_Assets_Pack_Lite using Guid(12021ea6748d33149a586816647c2ea2) Importer(815301076,1909f56bfc062723c751e8b465ee728b)  -> (artifact id: '6299c140027a8692cef7e17fe25565a9') in 0.000801 seconds
Number of updated asset objects reloaded before import = 0
Number of asset objects unloaded after import = 0
========================================================================
Received Import Request.
  Time since last request: 10.750580 seconds.
  path: Assets/Imported Assets/Sherbbs Particle Collection/Mesh
  artifactKey: Guid(8148a0c76f37b1f40bfc456241a0a5e5) Importer(815301076,1909f56bfc062723c751e8b465ee728b)
Start importing Assets/Imported Assets/Sherbbs Particle Collection/Mesh using Guid(8148a0c76f37b1f40bfc456241a0a5e5) Importer(815301076,1909f56bfc062723c751e8b465ee728b)  -> (artifact id: '950f76a8cfdbb4e4ef03cb890a0cfeab') in 0.000648 seconds
Number of updated asset objects reloaded before import = 0
Number of asset objects unloaded after import = 0
========================================================================
Received Import Request.
  Time since last request: 0.036156 seconds.
  path: Assets/Imported Assets/Sherbbs Particle Collection/Mesh/icoBig.fbx
  artifactKey: Guid(dbd50e397db24b74987379564969ef93) Importer(815301076,1909f56bfc062723c751e8b465ee728b)
Start importing Assets/Imported Assets/Sherbbs Particle Collection/Mesh/icoBig.fbx using Guid(dbd50e397db24b74987379564969ef93) Importer(815301076,1909f56bfc062723c751e8b465ee728b)  -> (artifact id: '43f49f934f40f9b3c037b8db182037c6') in 0.018704 seconds
Number of updated asset objects reloaded before import = 0
Number of asset objects unloaded after import = 8
========================================================================
Received Prepare
Begin MonoManager ReloadAssembly
- Loaded All Assemblies, in  0.537 seconds
Refreshing native plugins compatible for Editor in 3.09 ms, found 2 plugins.
Native extension for WindowsStandalone target not found
[Package Manager] Server::EnsureServerProcessIsRunning -- launch failed, reason: Unity was launched with the -noUpm command-line argument
[Package Manager] UpmClient::Send -- Unable to send message (not connected to UPM process).
[Package Manager] Cannot connect to Unity Package Manager local server
Mono: successfully reloaded assembly
- Finished resetting the current domain, in  1.774 seconds
Domain Reload Profiling: 2307ms
	BeginReloadAssembly (192ms)
		ExecutionOrderSort (0ms)
		DisableScriptedObjects (17ms)
		BackupInstance (0ms)
		ReleaseScriptingObjects (0ms)
		CreateAndSetChildDomain (45ms)
	RebuildCommonClasses (40ms)
	RebuildNativeTypeToScriptingClass (9ms)
	initialDomainReloadingComplete (26ms)
	LoadAllAssembliesAndSetupDomain (265ms)
		LoadAssemblies (302ms)
		RebuildTransferFunctionScriptingTraits (0ms)
		AnalyzeDomain (40ms)
			TypeCache.Refresh (11ms)
				TypeCache.ScanAssembly (2ms)
			ScanForSourceGeneratedMonoScriptInfo (19ms)
			ResolveRequiredComponents (10ms)
	FinalizeReload (1774ms)
		ReleaseScriptCaches (0ms)
		RebuildScriptCaches (0ms)
		SetupLoadedEditorAssemblies (560ms)
			LogAssemblyErrors (0ms)
			InitializePlatformSupportModulesInManaged (7ms)
			SetLoadedEditorAssemblies (5ms)
			RefreshPlugins (0ms)
			BeforeProcessingInitializeOnLoad (112ms)
			ProcessInitializeOnLoadAttributes (358ms)
			ProcessInitializeOnLoadMethodAttributes (70ms)
			AfterProcessingInitializeOnLoad (8ms)
			EditorAssembliesLoaded (0ms)
		ExecutionOrderSort2 (0ms)
		AwakeInstancesAfterBackupRestoration (12ms)
OnLevelWasLoaded was found on LevelManager
This message has been deprecated and will be removed in a later version of Unity.
Add a delegate to SceneManager.sceneLoaded instead to get notifications after scene loading has completed
Refreshing native plugins compatible for Editor in 3.93 ms, found 2 plugins.
Preloading 0 native plugins for Editor in 0.00 ms.
Unloading 4153 Unused Serialized files (Serialized files now loaded: 0)
Unloading 52 unused Assets / (1.7 MB). Loaded Objects now: 4992.
Memory consumption went from 333.6 MB to 331.9 MB.
Total: 5.449300 ms (FindLiveObjects: 0.446300 ms CreateObjectMapping: 0.584400 ms MarkObjects: 3.769900 ms  DeleteObjects: 0.647400 ms)

Prepare: number of updated asset objects reloaded= 0
AssetImportParameters requested are different than current active one (requested -> active):
  custom:container-demuxer-ogg: 62fdf1f143b41e24485cea50d1cbac27 -> 
  custom:video-decoder-ogg-theora: a1e56fd34408186e4bbccfd4996cb3dc -> 
  custom:framework-win-MediaFoundation: 216162199b28c13a410421893ffa2e32 -> 
  custom:CustomObjectIndexerAttribute: d54d2f2da18e7612c182cf67624b6b12 -> 
  custom:container-demuxer-webm: 4f35f7cbe854078d1ac9338744f61a02 -> 
  custom:container-muxer-webm: aa71ff27fc2769a1b78a27578f13a17b -> 
  custom:video-decoder-webm-vp8: 9c59270c3fd7afecdb556c50c9e8de78 -> 
  custom:SearchIndexIgnoredProperties: e643bd26f0fe6173181afceb89e7c659 -> 
  custom:AudioImporter_EditorPlatform: d09bf68614088b80899f8185d706f6e7 -> 
  custom:video-encoder-webm-vp8: eb34c28f22e8b96e1ab97ce403110664 -> 
  custom:audio-decoder-ogg-vorbis: bf7c407c2cedff20999df2af8eb42d56 -> 
  custom:scripting/monoscript/fileName/CFXR_UpgradeCheck.cs: ecbc382cf7f886ae36ac82906454b189 -> 
  custom:audio-encoder-webm-vorbis: bf7c407c2cedff20999df2af8eb42d56 -> 
========================================================================
Received Prepare
Assembly with name 'CFXRRuntime' already exists (Assets/JMO Assets/Cartoon FX Remaster/CFXR Assets/Scripts/CFXR Runtime.asmdef)
Assembly with name 'CFXRRuntime' already exists (Assets/Imported Assets/JMO Assets/Cartoon FX Remaster/CFXR Assets/Scripts/CFXR Runtime.asmdef)
Assembly with name 'CFXREditor' already exists (Assets/JMO Assets/Cartoon FX Remaster/CFXR Assets/Editor/CFXR Editor.asmdef)
Assembly with name 'CFXREditor' already exists (Assets/Imported Assets/JMO Assets/Cartoon FX Remaster/CFXR Assets/Editor/CFXR Editor.asmdef)
Assembly with name 'CFXRRuntime' already exists (Assets/JMO Assets/Cartoon FX Remaster/CFXR Assets/Scripts/CFXR Runtime.asmdef)
Assembly with name 'CFXRRuntime' already exists (Assets/Imported Assets/JMO Assets/Cartoon FX Remaster/CFXR Assets/Scripts/CFXR Runtime.asmdef)
Assembly with name 'CFXREditor' already exists (Assets/JMO Assets/Cartoon FX Remaster/CFXR Assets/Editor/CFXR Editor.asmdef)
Assembly with name 'CFXREditor' already exists (Assets/Imported Assets/JMO Assets/Cartoon FX Remaster/CFXR Assets/Editor/CFXR Editor.asmdef)
Begin MonoManager ReloadAssembly
- Loaded All Assemblies, in  0.527 seconds
Refreshing native plugins compatible for Editor in 2.96 ms, found 2 plugins.
Native extension for WindowsStandalone target not found
Assembly with name 'CFXRRuntime' already exists (Assets/JMO Assets/Cartoon FX Remaster/CFXR Assets/Scripts/CFXR Runtime.asmdef)
Assembly with name 'CFXRRuntime' already exists (Assets/Imported Assets/JMO Assets/Cartoon FX Remaster/CFXR Assets/Scripts/CFXR Runtime.asmdef)
Assembly with name 'CFXREditor' already exists (Assets/JMO Assets/Cartoon FX Remaster/CFXR Assets/Editor/CFXR Editor.asmdef)
Assembly with name 'CFXREditor' already exists (Assets/Imported Assets/JMO Assets/Cartoon FX Remaster/CFXR Assets/Editor/CFXR Editor.asmdef)
[Package Manager] Server::EnsureServerProcessIsRunning -- launch failed, reason: Unity was launched with the -noUpm command-line argument
[Package Manager] UpmClient::Send -- Unable to send message (not connected to UPM process).
[Package Manager] Cannot connect to Unity Package Manager local server
Mono: successfully reloaded assembly
- Finished resetting the current domain, in  1.500 seconds
Domain Reload Profiling: 2023ms
	BeginReloadAssembly (173ms)
		ExecutionOrderSort (0ms)
		DisableScriptedObjects (6ms)
		BackupInstance (0ms)
		ReleaseScriptingObjects (0ms)
		CreateAndSetChildDomain (37ms)
	RebuildCommonClasses (29ms)
	RebuildNativeTypeToScriptingClass (10ms)
	initialDomainReloadingComplete (31ms)
	LoadAllAssembliesAndSetupDomain (280ms)
		LoadAssemblies (327ms)
		RebuildTransferFunctionScriptingTraits (0ms)
		AnalyzeDomain (44ms)
			TypeCache.Refresh (11ms)
				TypeCache.ScanAssembly (2ms)
			ScanForSourceGeneratedMonoScriptInfo (20ms)
			ResolveRequiredComponents (12ms)
	FinalizeReload (1500ms)
		ReleaseScriptCaches (0ms)
		RebuildScriptCaches (0ms)
		SetupLoadedEditorAssemblies (690ms)
			LogAssemblyErrors (0ms)
			InitializePlatformSupportModulesInManaged (8ms)
			SetLoadedEditorAssemblies (6ms)
			RefreshPlugins (0ms)
			BeforeProcessingInitializeOnLoad (154ms)
			ProcessInitializeOnLoadAttributes (440ms)
			ProcessInitializeOnLoadMethodAttributes (73ms)
			AfterProcessingInitializeOnLoad (8ms)
			EditorAssembliesLoaded (1ms)
		ExecutionOrderSort2 (0ms)
		AwakeInstancesAfterBackupRestoration (12ms)
OnLevelWasLoaded was found on LevelManager
This message has been deprecated and will be removed in a later version of Unity.
Add a delegate to SceneManager.sceneLoaded instead to get notifications after scene loading has completed
Refreshing native plugins compatible for Editor in 6.47 ms, found 2 plugins.
Preloading 0 native plugins for Editor in 0.00 ms.
Unloading 4153 Unused Serialized files (Serialized files now loaded: 0)
Unloading 52 unused Assets / (1.7 MB). Loaded Objects now: 5008.
Memory consumption went from 335.5 MB to 333.8 MB.
Total: 32.871700 ms (FindLiveObjects: 1.123800 ms CreateObjectMapping: 0.698000 ms MarkObjects: 30.043800 ms  DeleteObjects: 1.004700 ms)

Prepare: number of updated asset objects reloaded= 0
AssetImportParameters requested are different than current active one (requested -> active):
  custom:container-demuxer-ogg: 62fdf1f143b41e24485cea50d1cbac27 -> 
  custom:video-decoder-ogg-theora: a1e56fd34408186e4bbccfd4996cb3dc -> 
  custom:framework-win-MediaFoundation: 216162199b28c13a410421893ffa2e32 -> 
  custom:CustomObjectIndexerAttribute: d54d2f2da18e7612c182cf67624b6b12 -> 
  custom:container-demuxer-webm: 4f35f7cbe854078d1ac9338744f61a02 -> 
  custom:container-muxer-webm: aa71ff27fc2769a1b78a27578f13a17b -> 
  custom:video-decoder-webm-vp8: 9c59270c3fd7afecdb556c50c9e8de78 -> 
  custom:SearchIndexIgnoredProperties: e643bd26f0fe6173181afceb89e7c659 -> 
  custom:AudioImporter_EditorPlatform: d09bf68614088b80899f8185d706f6e7 -> 
  custom:video-encoder-webm-vp8: eb34c28f22e8b96e1ab97ce403110664 -> 
  custom:audio-decoder-ogg-vorbis: bf7c407c2cedff20999df2af8eb42d56 -> 
  custom:scripting/monoscript/fileName/CFXR_UpgradeCheck.cs: ecbc382cf7f886ae36ac82906454b189 -> 
  custom:audio-encoder-webm-vorbis: bf7c407c2cedff20999df2af8eb42d56 -> 
========================================================================
Received Import Request.
  Time since last request: 237.618767 seconds.
  path: Assets/Imported Assets/JMO Assets
  artifactKey: Guid(976974e4d3018034e87caeb9f51f20f6) Importer(815301076,1909f56bfc062723c751e8b465ee728b)
Start importing Assets/Imported Assets/JMO Assets using Guid(976974e4d3018034e87caeb9f51f20f6) Importer(815301076,1909f56bfc062723c751e8b465ee728b)  -> (artifact id: 'b73d8d97c44975c6e9e71967b5cdf622') in 0.002383 seconds
Number of updated asset objects reloaded before import = 0
Number of asset objects unloaded after import = 0
========================================================================
Received Import Request.
  Time since last request: 0.897586 seconds.
  path: Assets/Imported Assets/JMO Assets/Cartoon FX Remaster
  artifactKey: Guid(b56551e9e3ab84e4180b7b30c06ff232) Importer(815301076,1909f56bfc062723c751e8b465ee728b)
Start importing Assets/Imported Assets/JMO Assets/Cartoon FX Remaster using Guid(b56551e9e3ab84e4180b7b30c06ff232) Importer(815301076,1909f56bfc062723c751e8b465ee728b)  -> (artifact id: '0e44be6e37e4e21d6139c58c13115263') in 0.000525 seconds
Number of updated asset objects reloaded before import = 0
Number of asset objects unloaded after import = 0
========================================================================
Received Import Request.
  Time since last request: 0.727753 seconds.
  path: Assets/Imported Assets/JMO Assets/Cartoon FX Remaster/CFXR Assets
  artifactKey: Guid(bd9d1d014bf0b14428db03b2527d2d93) Importer(815301076,1909f56bfc062723c751e8b465ee728b)
Start importing Assets/Imported Assets/JMO Assets/Cartoon FX Remaster/CFXR Assets using Guid(bd9d1d014bf0b14428db03b2527d2d93) Importer(815301076,1909f56bfc062723c751e8b465ee728b)  -> (artifact id: 'eede2d3b7e06a167dd429470eae28e86') in 0.000491 seconds
Number of updated asset objects reloaded before import = 0
Number of asset objects unloaded after import = 0
========================================================================
Received Import Request.
  Time since last request: 3.200579 seconds.
  path: Assets/Imported Assets/JMO Assets/Cartoon FX Remaster/CFXR Prefabs
  artifactKey: Guid(2e1fe2dd1f94ef34ba9fc619aa707bf0) Importer(815301076,1909f56bfc062723c751e8b465ee728b)
Start importing Assets/Imported Assets/JMO Assets/Cartoon FX Remaster/CFXR Prefabs using Guid(2e1fe2dd1f94ef34ba9fc619aa707bf0) Importer(815301076,1909f56bfc062723c751e8b465ee728b)  -> (artifact id: 'd74ecf6ff702169d5f048edcaceff100') in 0.000582 seconds
Number of updated asset objects reloaded before import = 0
Number of asset objects unloaded after import = 0
========================================================================
Received Import Request.
  Time since last request: 1.537321 seconds.
  path: Assets/Imported Assets/JMO Assets/Cartoon FX Remaster/CFXR Prefabs/Electric
  artifactKey: Guid(db52fee3f874eaf41b3eeab4dc75603c) Importer(815301076,1909f56bfc062723c751e8b465ee728b)
Start importing Assets/Imported Assets/JMO Assets/Cartoon FX Remaster/CFXR Prefabs/Electric using Guid(db52fee3f874eaf41b3eeab4dc75603c) Importer(815301076,1909f56bfc062723c751e8b465ee728b)  -> (artifact id: 'afa5679f724e77938e581fc00552e802') in 0.000603 seconds
Number of updated asset objects reloaded before import = 0
Number of asset objects unloaded after import = 0
========================================================================
Received Import Request.
  Time since last request: 0.045780 seconds.
  path: Assets/Imported Assets/JMO Assets/Cartoon FX Remaster/CFXR Prefabs/Electric/CFXR Electrified 3.prefab
  artifactKey: Guid(effb650189dc5714e9e9801b1cfb3991) Importer(815301076,1909f56bfc062723c751e8b465ee728b)
Start importing Assets/Imported Assets/JMO Assets/Cartoon FX Remaster/CFXR Prefabs/Electric/CFXR Electrified 3.prefab using Guid(effb650189dc5714e9e9801b1cfb3991) Importer(815301076,1909f56bfc062723c751e8b465ee728b)  -> (artifact id: '4804329c0a7dfd990e5ba03227d04f55') in 0.000819 seconds
Number of updated asset objects reloaded before import = 0
Number of asset objects unloaded after import = 0
========================================================================
Received Import Request.
  Time since last request: 0.000105 seconds.
  path: Assets/Imported Assets/JMO Assets/Cartoon FX Remaster/CFXR Prefabs/Electric/CFXR3 Hit Electric C (Air).prefab
  artifactKey: Guid(6718dc24203da53468af9ada8fef7d6d) Importer(815301076,1909f56bfc062723c751e8b465ee728b)
Start importing Assets/Imported Assets/JMO Assets/Cartoon FX Remaster/CFXR Prefabs/Electric/CFXR3 Hit Electric C (Air).prefab using Guid(6718dc24203da53468af9ada8fef7d6d) Importer(815301076,1909f56bfc062723c751e8b465ee728b)  -> (artifact id: '25f600fe662de59c36038b00223c61bb') in 0.000583 seconds
Number of updated asset objects reloaded before import = 0
Number of asset objects unloaded after import = 0
========================================================================
Received Import Request.
  Time since last request: 2.509296 seconds.
  path: Assets/Imported Assets/JMO Assets/Cartoon FX Remaster/CFXR Assets/Graphics/cfxr electric small anim 4x2 hdr.mat
  artifactKey: Guid(b41c12b9e8d21c442affcda9d5c050f7) Importer(815301076,1909f56bfc062723c751e8b465ee728b)
Start importing Assets/Imported Assets/JMO Assets/Cartoon FX Remaster/CFXR Assets/Graphics/cfxr electric small anim 4x2 hdr.mat using Guid(b41c12b9e8d21c442affcda9d5c050f7) Importer(815301076,1909f56bfc062723c751e8b465ee728b)  -> (artifact id: 'e21ec0880c2df046dce752dfdc84be80') in 0.289695 seconds
Number of updated asset objects reloaded before import = 0
Number of asset objects unloaded after import = 23
========================================================================
Received Import Request.
  Time since last request: 2.099343 seconds.
  path: Assets/Imported Assets/JMO Assets/Cartoon FX Remaster/CFXR Assets/Graphics/cfxr stretch trait hdr ab nosp.mat
  artifactKey: Guid(20fdd157129f03a40ae447534dd4603c) Importer(815301076,1909f56bfc062723c751e8b465ee728b)
Start importing Assets/Imported Assets/JMO Assets/Cartoon FX Remaster/CFXR Assets/Graphics/cfxr stretch trait hdr ab nosp.mat using Guid(20fdd157129f03a40ae447534dd4603c) Importer(815301076,1909f56bfc062723c751e8b465ee728b)  -> (artifact id: 'b55d8259abef3a6fc347c6566c0d2167') in 0.041142 seconds
Number of updated asset objects reloaded before import = 0
Number of asset objects unloaded after import = 4
========================================================================
Received Import Request.
  Time since last request: 1.286656 seconds.
  path: Assets/Imported Assets/JMO Assets/Cartoon FX Remaster/CFXR Assets/Graphics/cfxr proc glow soft add.mat
  artifactKey: Guid(8d244b42458199344aaea0c6c77cbb90) Importer(815301076,1909f56bfc062723c751e8b465ee728b)
Start importing Assets/Imported Assets/JMO Assets/Cartoon FX Remaster/CFXR Assets/Graphics/cfxr proc glow soft add.mat using Guid(8d244b42458199344aaea0c6c77cbb90) Importer(815301076,1909f56bfc062723c751e8b465ee728b)  -> (artifact id: '10cda8494938e199d9ba8446c25e13b1') in 0.063259 seconds
Number of updated asset objects reloaded before import = 0
Number of asset objects unloaded after import = 3
========================================================================
Received Import Request.
  Time since last request: 57.811279 seconds.
  path: Assets/Imported Assets/JMO Assets/Cartoon FX Remaster/CFXR Prefabs/Electric/CFXR Electrified 3.prefab
  artifactKey: Guid(effb650189dc5714e9e9801b1cfb3991) Importer(815301076,1909f56bfc062723c751e8b465ee728b)
Start importing Assets/Imported Assets/JMO Assets/Cartoon FX Remaster/CFXR Prefabs/Electric/CFXR Electrified 3.prefab using Guid(effb650189dc5714e9e9801b1cfb3991) Importer(815301076,1909f56bfc062723c751e8b465ee728b)  -> (artifact id: '4804329c0a7dfd990e5ba03227d04f55') in 0.000884 seconds
Number of updated asset objects reloaded before import = 0
Number of asset objects unloaded after import = 0
========================================================================
Received Import Request.
  Time since last request: 16.349732 seconds.
  path: Assets/Imported Assets/JMO Assets/Cartoon FX Remaster/CFXR Prefabs/Electric/CFXR Electrified 3.prefab
  artifactKey: Guid(effb650189dc5714e9e9801b1cfb3991) Importer(815301076,1909f56bfc062723c751e8b465ee728b)
Start importing Assets/Imported Assets/JMO Assets/Cartoon FX Remaster/CFXR Prefabs/Electric/CFXR Electrified 3.prefab using Guid(effb650189dc5714e9e9801b1cfb3991) Importer(815301076,1909f56bfc062723c751e8b465ee728b)  -> (artifact id: '4804329c0a7dfd990e5ba03227d04f55') in 0.000741 seconds
Number of updated asset objects reloaded before import = 0
Number of asset objects unloaded after import = 0
========================================================================
Received Import Request.
  Time since last request: 1.213298 seconds.
  path: Assets/Imported Assets/JMO Assets/Cartoon FX Remaster/CFXR Prefabs/Electric/CFXR Electrified 3.prefab
  artifactKey: Guid(effb650189dc5714e9e9801b1cfb3991) Importer(815301076,1909f56bfc062723c751e8b465ee728b)
Start importing Assets/Imported Assets/JMO Assets/Cartoon FX Remaster/CFXR Prefabs/Electric/CFXR Electrified 3.prefab using Guid(effb650189dc5714e9e9801b1cfb3991) Importer(815301076,1909f56bfc062723c751e8b465ee728b)  -> (artifact id: '4804329c0a7dfd990e5ba03227d04f55') in 0.000614 seconds
Number of updated asset objects reloaded before import = 0
Number of asset objects unloaded after import = 0
========================================================================
Received Import Request.
  Time since last request: 0.000024 seconds.
  path: Assets/Imported Assets/JMO Assets/Cartoon FX Remaster/CFXR Prefabs/Electric/CFXR3 Hit Electric C (Air).prefab
  artifactKey: Guid(6718dc24203da53468af9ada8fef7d6d) Importer(815301076,1909f56bfc062723c751e8b465ee728b)
Start importing Assets/Imported Assets/JMO Assets/Cartoon FX Remaster/CFXR Prefabs/Electric/CFXR3 Hit Electric C (Air).prefab using Guid(6718dc24203da53468af9ada8fef7d6d) Importer(815301076,1909f56bfc062723c751e8b465ee728b)  -> (artifact id: '25f600fe662de59c36038b00223c61bb') in 0.000641 seconds
Number of updated asset objects reloaded before import = 0
Number of asset objects unloaded after import = 0
========================================================================
Received Import Request.
  Time since last request: 4.520348 seconds.
  path: Assets/Imported Assets/JMO Assets/Cartoon FX Remaster/CFXR Prefabs/Electric/CFXR Electrified 3.prefab
  artifactKey: Guid(effb650189dc5714e9e9801b1cfb3991) Importer(815301076,1909f56bfc062723c751e8b465ee728b)
Start importing Assets/Imported Assets/JMO Assets/Cartoon FX Remaster/CFXR Prefabs/Electric/CFXR Electrified 3.prefab using Guid(effb650189dc5714e9e9801b1cfb3991) Importer(815301076,1909f56bfc062723c751e8b465ee728b)  -> (artifact id: '4804329c0a7dfd990e5ba03227d04f55') in 0.000668 seconds
Number of updated asset objects reloaded before import = 0
Number of asset objects unloaded after import = 0
========================================================================
Received Import Request.
  Time since last request: 0.000101 seconds.
  path: Assets/Imported Assets/JMO Assets/Cartoon FX Remaster/CFXR Prefabs/Electric/CFXR3 Hit Electric C (Air).prefab
  artifactKey: Guid(6718dc24203da53468af9ada8fef7d6d) Importer(815301076,1909f56bfc062723c751e8b465ee728b)
Start importing Assets/Imported Assets/JMO Assets/Cartoon FX Remaster/CFXR Prefabs/Electric/CFXR3 Hit Electric C (Air).prefab using Guid(6718dc24203da53468af9ada8fef7d6d) Importer(815301076,1909f56bfc062723c751e8b465ee728b)  -> (artifact id: '25f600fe662de59c36038b00223c61bb') in 0.000594 seconds
Number of updated asset objects reloaded before import = 0
Number of asset objects unloaded after import = 0
========================================================================
Received Import Request.
  Time since last request: 33.631887 seconds.
  path: Assets/Imported Assets/JMO Assets/Cartoon FX Remaster/CFXR Prefabs/Light
  artifactKey: Guid(78ded8084a398af4595397de2be10b50) Importer(815301076,1909f56bfc062723c751e8b465ee728b)
Start importing Assets/Imported Assets/JMO Assets/Cartoon FX Remaster/CFXR Prefabs/Light using Guid(78ded8084a398af4595397de2be10b50) Importer(815301076,1909f56bfc062723c751e8b465ee728b)  -> (artifact id: '5d0e12b52a2280ef6fc11d7a3c239149') in 0.000569 seconds
Number of updated asset objects reloaded before import = 0
Number of asset objects unloaded after import = 0
========================================================================
Received Import Request.
  Time since last request: 0.061575 seconds.
  path: Assets/Imported Assets/JMO Assets/Cartoon FX Remaster/CFXR Prefabs/Light/CFXR3 Hit Light B (Air).prefab
  artifactKey: Guid(bbf9e36a48d6c5648a13889afab076fd) Importer(815301076,1909f56bfc062723c751e8b465ee728b)
Start importing Assets/Imported Assets/JMO Assets/Cartoon FX Remaster/CFXR Prefabs/Light/CFXR3 Hit Light B (Air).prefab using Guid(bbf9e36a48d6c5648a13889afab076fd) Importer(815301076,1909f56bfc062723c751e8b465ee728b)  -> (artifact id: '3c42c7216a71f623efb4894164b73ae2') in 0.000655 seconds
Number of updated asset objects reloaded before import = 0
Number of asset objects unloaded after import = 0
========================================================================
Received Import Request.
  Time since last request: 0.832595 seconds.
  path: Assets/Imported Assets/JMO Assets/Cartoon FX Remaster/CFXR Assets/Graphics/cfxr magic star mesh.asset
  artifactKey: Guid(bd8a92b47db41f644ae7188f06a986a2) Importer(815301076,1909f56bfc062723c751e8b465ee728b)
Start importing Assets/Imported Assets/JMO Assets/Cartoon FX Remaster/CFXR Assets/Graphics/cfxr magic star mesh.asset using Guid(bd8a92b47db41f644ae7188f06a986a2) Importer(815301076,1909f56bfc062723c751e8b465ee728b)  -> (artifact id: '1066f0c759c44d9a5f09250fd260e55d') in 0.016447 seconds
Number of updated asset objects reloaded before import = 0
Number of asset objects unloaded after import = 2
========================================================================
Received Import Request.
  Time since last request: 14.420984 seconds.
  path: Assets/Imported Assets/JMO Assets/Cartoon FX Remaster/CFXR Prefabs/Light/CFXR3 Hit Light B (Air).prefab
  artifactKey: Guid(bbf9e36a48d6c5648a13889afab076fd) Importer(815301076,1909f56bfc062723c751e8b465ee728b)
Start importing Assets/Imported Assets/JMO Assets/Cartoon FX Remaster/CFXR Prefabs/Light/CFXR3 Hit Light B (Air).prefab using Guid(bbf9e36a48d6c5648a13889afab076fd) Importer(815301076,1909f56bfc062723c751e8b465ee728b)  -> (artifact id: '3c42c7216a71f623efb4894164b73ae2') in 0.000738 seconds
Number of updated asset objects reloaded before import = 0
Number of asset objects unloaded after import = 0
========================================================================
Received Import Request.
  Time since last request: 4.313466 seconds.
  path: Assets/Imported Assets/JMO Assets/Cartoon FX Remaster/CFXR Prefabs/Light/CFXR3 Hit Light B (Air).prefab
  artifactKey: Guid(bbf9e36a48d6c5648a13889afab076fd) Importer(815301076,1909f56bfc062723c751e8b465ee728b)
Start importing Assets/Imported Assets/JMO Assets/Cartoon FX Remaster/CFXR Prefabs/Light/CFXR3 Hit Light B (Air).prefab using Guid(bbf9e36a48d6c5648a13889afab076fd) Importer(815301076,1909f56bfc062723c751e8b465ee728b)  -> (artifact id: '3c42c7216a71f623efb4894164b73ae2') in 0.000736 seconds
Number of updated asset objects reloaded before import = 0
Number of asset objects unloaded after import = 0
========================================================================
Received Import Request.
  Time since last request: 9.182897 seconds.
  path: Assets/Imported Assets/JMO Assets/Cartoon FX Remaster/CFXR Prefabs/Light/CFXR3 Hit Light B (Air).prefab
  artifactKey: Guid(bbf9e36a48d6c5648a13889afab076fd) Importer(815301076,1909f56bfc062723c751e8b465ee728b)
Start importing Assets/Imported Assets/JMO Assets/Cartoon FX Remaster/CFXR Prefabs/Light/CFXR3 Hit Light B (Air).prefab using Guid(bbf9e36a48d6c5648a13889afab076fd) Importer(815301076,1909f56bfc062723c751e8b465ee728b)  -> (artifact id: '3c42c7216a71f623efb4894164b73ae2') in 0.000667 seconds
Number of updated asset objects reloaded before import = 0
Number of asset objects unloaded after import = 0
========================================================================
Received Import Request.
  Time since last request: 2.503292 seconds.
  path: Assets/Imported Assets/JMO Assets/Cartoon FX Remaster/CFXR Prefabs/Light/CFXR3 Hit Light B (Air).prefab
  artifactKey: Guid(bbf9e36a48d6c5648a13889afab076fd) Importer(815301076,1909f56bfc062723c751e8b465ee728b)
Start importing Assets/Imported Assets/JMO Assets/Cartoon FX Remaster/CFXR Prefabs/Light/CFXR3 Hit Light B (Air).prefab using Guid(bbf9e36a48d6c5648a13889afab076fd) Importer(815301076,1909f56bfc062723c751e8b465ee728b)  -> (artifact id: '3c42c7216a71f623efb4894164b73ae2') in 0.000654 seconds
Number of updated asset objects reloaded before import = 0
Number of asset objects unloaded after import = 0
========================================================================
Received Import Request.
  Time since last request: 39.875324 seconds.
  path: Assets/Imported Assets/JMO Assets/Cartoon FX Remaster/CFXR Prefabs/Liquids
  artifactKey: Guid(631b20851999de84187f9db69519b871) Importer(815301076,1909f56bfc062723c751e8b465ee728b)
Start importing Assets/Imported Assets/JMO Assets/Cartoon FX Remaster/CFXR Prefabs/Liquids using Guid(631b20851999de84187f9db69519b871) Importer(815301076,1909f56bfc062723c751e8b465ee728b)  -> (artifact id: '4acafc55d8e0408d02619570bf9a3593') in 0.000741 seconds
Number of updated asset objects reloaded before import = 0
Number of asset objects unloaded after import = 0
========================================================================
Received Import Request.
  Time since last request: 0.065600 seconds.
  path: Assets/Imported Assets/JMO Assets/Cartoon FX Remaster/CFXR Prefabs/Liquids/CFXR Water Ripples.prefab
  artifactKey: Guid(5a8d99fb95262ea458a7b580f2a1611c) Importer(815301076,1909f56bfc062723c751e8b465ee728b)
Start importing Assets/Imported Assets/JMO Assets/Cartoon FX Remaster/CFXR Prefabs/Liquids/CFXR Water Ripples.prefab using Guid(5a8d99fb95262ea458a7b580f2a1611c) Importer(815301076,1909f56bfc062723c751e8b465ee728b)  -> (artifact id: '4814d15f1f1b0740edb73bfa017b9a6a') in 0.000634 seconds
Number of updated asset objects reloaded before import = 0
Number of asset objects unloaded after import = 0
========================================================================
Received Import Request.
  Time since last request: 0.007594 seconds.
  path: Assets/Imported Assets/JMO Assets/Cartoon FX Remaster/CFXR Prefabs/Liquids/CFXR2 Blood (Directional).prefab
  artifactKey: Guid(8f8fe12323625f5499b2853dd2ad3e58) Importer(815301076,1909f56bfc062723c751e8b465ee728b)
Start importing Assets/Imported Assets/JMO Assets/Cartoon FX Remaster/CFXR Prefabs/Liquids/CFXR2 Blood (Directional).prefab using Guid(8f8fe12323625f5499b2853dd2ad3e58) Importer(815301076,1909f56bfc062723c751e8b465ee728b)  -> (artifact id: 'da0b6ad9f39fdccebbdc2dfea79ea1b0') in 0.000610 seconds
Number of updated asset objects reloaded before import = 0
Number of asset objects unloaded after import = 0
========================================================================
Received Import Request.
  Time since last request: 0.000160 seconds.
  path: Assets/Imported Assets/JMO Assets/Cartoon FX Remaster/CFXR Prefabs/Liquids/CFXR2 Blood Shape Splash.prefab
  artifactKey: Guid(15483e51212e3d74886ea57291f4639a) Importer(815301076,1909f56bfc062723c751e8b465ee728b)
Start importing Assets/Imported Assets/JMO Assets/Cartoon FX Remaster/CFXR Prefabs/Liquids/CFXR2 Blood Shape Splash.prefab using Guid(15483e51212e3d74886ea57291f4639a) Importer(815301076,1909f56bfc062723c751e8b465ee728b)  -> (artifact id: '6b772a71fecaf84a7bc3ce5613da403c') in 0.000698 seconds
Number of updated asset objects reloaded before import = 0
Number of asset objects unloaded after import = 0
========================================================================
Received Import Request.
  Time since last request: 1.197468 seconds.
  path: Assets/Imported Assets/JMO Assets/Cartoon FX Remaster/CFXR Assets/Meshes/cfxr ring mesh local space smoother.asset
  artifactKey: Guid(72b4aba81b7370a4e966fe9b365b8b19) Importer(815301076,1909f56bfc062723c751e8b465ee728b)
Start importing Assets/Imported Assets/JMO Assets/Cartoon FX Remaster/CFXR Assets/Meshes/cfxr ring mesh local space smoother.asset using Guid(72b4aba81b7370a4e966fe9b365b8b19) Importer(815301076,1909f56bfc062723c751e8b465ee728b)  -> (artifact id: 'e5267cf385f99bd715a87bf22b4c4327') in 0.006445 seconds
Number of updated asset objects reloaded before import = 0
Number of asset objects unloaded after import = 2
========================================================================
Received Import Request.
  Time since last request: 1.119763 seconds.
  path: Assets/Imported Assets/JMO Assets/Cartoon FX Remaster/CFXR Assets/Graphics/cfxr water small splash stretch nosp ab.mat
  artifactKey: Guid(e9a9e8bac511e0f40935dbea31a91a3d) Importer(815301076,1909f56bfc062723c751e8b465ee728b)
Start importing Assets/Imported Assets/JMO Assets/Cartoon FX Remaster/CFXR Assets/Graphics/cfxr water small splash stretch nosp ab.mat using Guid(e9a9e8bac511e0f40935dbea31a91a3d) Importer(815301076,1909f56bfc062723c751e8b465ee728b)  -> (artifact id: '79c98710e19dd5dba057a786ed345163') in 0.043507 seconds
Number of updated asset objects reloaded before import = 0
Number of asset objects unloaded after import = 4
========================================================================
Received Import Request.
  Time since last request: 1.234837 seconds.
  path: Assets/Imported Assets/JMO Assets/Cartoon FX Remaster/CFXR Assets/Graphics/cfxr proc glow crisp ab.mat
  artifactKey: Guid(906ae4d407ec09644b01a6902dbb9ea6) Importer(815301076,1909f56bfc062723c751e8b465ee728b)
Start importing Assets/Imported Assets/JMO Assets/Cartoon FX Remaster/CFXR Assets/Graphics/cfxr proc glow crisp ab.mat using Guid(906ae4d407ec09644b01a6902dbb9ea6) Importer(815301076,1909f56bfc062723c751e8b465ee728b)  -> (artifact id: '48a41bb6f22f53254dd01bc3cf156864') in 0.037929 seconds
Number of updated asset objects reloaded before import = 0
Number of asset objects unloaded after import = 3
========================================================================
Received Import Request.
  Time since last request: 4.802153 seconds.
  path: Assets/Imported Assets/JMO Assets/Cartoon FX Remaster/CFXR Assets/Graphics/cfxr blood splash mesh.asset
  artifactKey: Guid(03b90fa8ed1d4104abc8b7431ab290e6) Importer(815301076,1909f56bfc062723c751e8b465ee728b)
Start importing Assets/Imported Assets/JMO Assets/Cartoon FX Remaster/CFXR Assets/Graphics/cfxr blood splash mesh.asset using Guid(03b90fa8ed1d4104abc8b7431ab290e6) Importer(815301076,1909f56bfc062723c751e8b465ee728b)  -> (artifact id: 'a2376b55b2a6cdf5beef0e8323bada8e') in 0.007089 seconds
Number of updated asset objects reloaded before import = 0
Number of asset objects unloaded after import = 2
========================================================================
Received Import Request.
  Time since last request: 3.283048 seconds.
  path: Assets/Imported Assets/JMO Assets/Cartoon FX Remaster/CFXR Assets/Graphics/cfxr bubble 2 ab.mat
  artifactKey: Guid(21417cf5ab018164f9d28d2e35ad8cb7) Importer(815301076,1909f56bfc062723c751e8b465ee728b)
Start importing Assets/Imported Assets/JMO Assets/Cartoon FX Remaster/CFXR Assets/Graphics/cfxr bubble 2 ab.mat using Guid(21417cf5ab018164f9d28d2e35ad8cb7) Importer(815301076,1909f56bfc062723c751e8b465ee728b)  -> (artifact id: 'a996e38bf5002ce9b4f30f2b23a47295') in 0.012057 seconds
Number of updated asset objects reloaded before import = 0
Number of asset objects unloaded after import = 4
========================================================================
Received Import Request.
  Time since last request: 21.952941 seconds.
  path: Assets/Imported Assets/JMO Assets/Cartoon FX Remaster/CFXR Prefabs/Magic Misc
  artifactKey: Guid(561fe31af99b55845861a78732e48c0c) Importer(815301076,1909f56bfc062723c751e8b465ee728b)
Start importing Assets/Imported Assets/JMO Assets/Cartoon FX Remaster/CFXR Prefabs/Magic Misc using Guid(561fe31af99b55845861a78732e48c0c) Importer(815301076,1909f56bfc062723c751e8b465ee728b)  -> (artifact id: 'dde349a36a4233065f1e02c88d35e870') in 0.000810 seconds
Number of updated asset objects reloaded before import = 0
Number of asset objects unloaded after import = 0
========================================================================
Received Import Request.
  Time since last request: 1.280239 seconds.
  path: Assets/Imported Assets/JMO Assets/Cartoon FX Remaster/CFXR Prefabs/Magic Misc/CFXR3 Magic Aura A (Runic).prefab
  artifactKey: Guid(a71be3e7990efb040a07565c43cbb198) Importer(815301076,1909f56bfc062723c751e8b465ee728b)
Start importing Assets/Imported Assets/JMO Assets/Cartoon FX Remaster/CFXR Prefabs/Magic Misc/CFXR3 Magic Aura A (Runic).prefab using Guid(a71be3e7990efb040a07565c43cbb198) Importer(815301076,1909f56bfc062723c751e8b465ee728b)  -> (artifact id: 'e6cff17b4a1b3e5a13414b2a4b846ea3') in 0.000840 seconds
Number of updated asset objects reloaded before import = 0
Number of asset objects unloaded after import = 0
========================================================================
Received Import Request.
  Time since last request: 2.094488 seconds.
  path: Assets/Imported Assets/JMO Assets/Cartoon FX Remaster/CFXR Assets/Graphics/cfxr proc glow soft hdr ab.mat
  artifactKey: Guid(f6516bbddb2a0474cad423886d0f904c) Importer(815301076,1909f56bfc062723c751e8b465ee728b)
Start importing Assets/Imported Assets/JMO Assets/Cartoon FX Remaster/CFXR Assets/Graphics/cfxr proc glow soft hdr ab.mat using Guid(f6516bbddb2a0474cad423886d0f904c) Importer(815301076,1909f56bfc062723c751e8b465ee728b)  -> (artifact id: 'a123096fd71e9834c06c06318aaf309b') in 0.012256 seconds
Number of updated asset objects reloaded before import = 0
Number of asset objects unloaded after import = 3
========================================================================
Received Import Request.
  Time since last request: 5.596506 seconds.
  path: Assets/Imported Assets/JMO Assets/Cartoon FX Remaster/CFXR Prefabs/Nature
  artifactKey: Guid(137c215f012a1ce459f1c59c45af5791) Importer(815301076,1909f56bfc062723c751e8b465ee728b)
Start importing Assets/Imported Assets/JMO Assets/Cartoon FX Remaster/CFXR Prefabs/Nature using Guid(137c215f012a1ce459f1c59c45af5791) Importer(815301076,1909f56bfc062723c751e8b465ee728b)  -> (artifact id: '3e0ca6a8765ecb674d77618675e6ee4f') in 0.000900 seconds
Number of updated asset objects reloaded before import = 0
Number of asset objects unloaded after import = 0
========================================================================
Received Import Request.
  Time since last request: 0.053789 seconds.
  path: Assets/Imported Assets/JMO Assets/Cartoon FX Remaster/CFXR Prefabs/Nature/CFXR3 Hit Leaves A (Lit).prefab
  artifactKey: Guid(ceec7516237b4104b94300043ca39784) Importer(815301076,1909f56bfc062723c751e8b465ee728b)
Start importing Assets/Imported Assets/JMO Assets/Cartoon FX Remaster/CFXR Prefabs/Nature/CFXR3 Hit Leaves A (Lit).prefab using Guid(ceec7516237b4104b94300043ca39784) Importer(815301076,1909f56bfc062723c751e8b465ee728b)  -> (artifact id: 'dd55d5a77431e62b3afe21da7ddd3a94') in 0.001140 seconds
Number of updated asset objects reloaded before import = 0
Number of asset objects unloaded after import = 0
========================================================================
Received Import Request.
  Time since last request: 0.000060 seconds.
  path: Assets/Imported Assets/JMO Assets/Cartoon FX Remaster/CFXR Prefabs/Nature/CFXR4 Wind Trails.prefab
  artifactKey: Guid(c248f95ffea8b8543bc7ad0fffe0216d) Importer(815301076,1909f56bfc062723c751e8b465ee728b)
Start importing Assets/Imported Assets/JMO Assets/Cartoon FX Remaster/CFXR Prefabs/Nature/CFXR4 Wind Trails.prefab using Guid(c248f95ffea8b8543bc7ad0fffe0216d) Importer(815301076,1909f56bfc062723c751e8b465ee728b)  -> (artifact id: '4f95049038093d026095982cd528889c') in 0.000866 seconds
Number of updated asset objects reloaded before import = 0
Number of asset objects unloaded after import = 0
========================================================================
Received Import Request.
  Time since last request: 1.194498 seconds.
  path: Assets/Imported Assets/JMO Assets/Cartoon FX Remaster/CFXR Assets/Meshes/cfxr mesh leave.fbx
  artifactKey: Guid(f8defa343e39b2545bf3101b50eefa17) Importer(815301076,1909f56bfc062723c751e8b465ee728b)
Start importing Assets/Imported Assets/JMO Assets/Cartoon FX Remaster/CFXR Assets/Meshes/cfxr mesh leave.fbx using Guid(f8defa343e39b2545bf3101b50eefa17) Importer(815301076,1909f56bfc062723c751e8b465ee728b)  -> (artifact id: 'f10ed41adc344ab9bbc3f37a25331096') in 0.033528 seconds
Number of updated asset objects reloaded before import = 0
Number of asset objects unloaded after import = 9
========================================================================
Received Import Request.
  Time since last request: 1.101408 seconds.
  path: Assets/Imported Assets/JMO Assets/Cartoon FX Remaster/CFXR Assets/Graphics/cfxr ember blur hdr ab.mat
  artifactKey: Guid(6cd2d08f4a4d93542aa0004bdac91566) Importer(815301076,1909f56bfc062723c751e8b465ee728b)
Start importing Assets/Imported Assets/JMO Assets/Cartoon FX Remaster/CFXR Assets/Graphics/cfxr ember blur hdr ab.mat using Guid(6cd2d08f4a4d93542aa0004bdac91566) Importer(815301076,1909f56bfc062723c751e8b465ee728b)  -> (artifact id: '54fde5fcd7ce6a234a82f272615fb4c2') in 0.013597 seconds
Number of updated asset objects reloaded before import = 0
Number of asset objects unloaded after import = 4
========================================================================
Received Import Request.
  Time since last request: 1.496761 seconds.
  path: Assets/Imported Assets/JMO Assets/Cartoon FX Remaster/CFXR Assets/Graphics/cfxr stretch rain blur ab.mat
  artifactKey: Guid(f2beba2f11be47c4b93abe40da54b177) Importer(815301076,1909f56bfc062723c751e8b465ee728b)
Start importing Assets/Imported Assets/JMO Assets/Cartoon FX Remaster/CFXR Assets/Graphics/cfxr stretch rain blur ab.mat using Guid(f2beba2f11be47c4b93abe40da54b177) Importer(815301076,1909f56bfc062723c751e8b465ee728b)  -> (artifact id: '1e3562a642e0c50fe679789e962bd44b') in 0.012921 seconds
Number of updated asset objects reloaded before import = 0
Number of asset objects unloaded after import = 4
========================================================================
Received Import Request.
  Time since last request: 4.556590 seconds.
  path: Assets/Imported Assets/JMO Assets/Cartoon FX Remaster/CFXR Assets/Graphics/cfxr hidden.mat
  artifactKey: Guid(7e3ff0d2def0b2a4d88ba94ab7c3e683) Importer(815301076,1909f56bfc062723c751e8b465ee728b)
Start importing Assets/Imported Assets/JMO Assets/Cartoon FX Remaster/CFXR Assets/Graphics/cfxr hidden.mat using Guid(7e3ff0d2def0b2a4d88ba94ab7c3e683) Importer(815301076,1909f56bfc062723c751e8b465ee728b)  -> (artifact id: 'fd2dacc6ac8a7d03674e56b41e30238f') in 0.038592 seconds
Number of updated asset objects reloaded before import = 0
Number of asset objects unloaded after import = 3
========================================================================
Received Import Request.
  Time since last request: 7.653553 seconds.
  path: Assets/Imported Assets/JMO Assets/Cartoon FX Remaster/CFXR Prefabs/Eerie
  artifactKey: Guid(48190929eb887fb4abaf1cff5c3de87e) Importer(815301076,1909f56bfc062723c751e8b465ee728b)
Start importing Assets/Imported Assets/JMO Assets/Cartoon FX Remaster/CFXR Prefabs/Eerie using Guid(48190929eb887fb4abaf1cff5c3de87e) Importer(815301076,1909f56bfc062723c751e8b465ee728b)  -> (artifact id: 'e58543ce9fc862cc7e4648aa412bda34') in 0.000769 seconds
Number of updated asset objects reloaded before import = 0
Number of asset objects unloaded after import = 0
========================================================================
Received Import Request.
  Time since last request: 0.066221 seconds.
  path: Assets/Imported Assets/JMO Assets/Cartoon FX Remaster/CFXR Prefabs/Eerie/CFXR2 Skull Head Alt.prefab
  artifactKey: Guid(463cf9f7af4680240898f6aeba3fe3e6) Importer(815301076,1909f56bfc062723c751e8b465ee728b)
Start importing Assets/Imported Assets/JMO Assets/Cartoon FX Remaster/CFXR Prefabs/Eerie/CFXR2 Skull Head Alt.prefab using Guid(463cf9f7af4680240898f6aeba3fe3e6) Importer(815301076,1909f56bfc062723c751e8b465ee728b)  -> (artifact id: '6618200162293fbf167a7f04b56c5d91') in 0.000709 seconds
Number of updated asset objects reloaded before import = 0
Number of asset objects unloaded after import = 0
========================================================================
Received Import Request.
  Time since last request: 1.204377 seconds.
  path: Assets/Imported Assets/JMO Assets/Cartoon FX Remaster/CFXR Assets/Graphics/cfxr skull dissolve ab.mat
  artifactKey: Guid(16b22ff79ad97474eb609b48400ecf22) Importer(815301076,1909f56bfc062723c751e8b465ee728b)
Start importing Assets/Imported Assets/JMO Assets/Cartoon FX Remaster/CFXR Assets/Graphics/cfxr skull dissolve ab.mat using Guid(16b22ff79ad97474eb609b48400ecf22) Importer(815301076,1909f56bfc062723c751e8b465ee728b)  -> (artifact id: '3ebc157604f7774044519c9c69de6f3d') in 0.085481 seconds
Number of updated asset objects reloaded before import = 0
Number of asset objects unloaded after import = 5
========================================================================
Received Import Request.
  Time since last request: 2.350981 seconds.
  path: Assets/Imported Assets/JMO Assets/Cartoon FX Remaster/CFXR Assets/Graphics/cfxr ww smoke glow ab.mat
  artifactKey: Guid(a73ea21367565fe478f25a8a2e33ade3) Importer(815301076,1909f56bfc062723c751e8b465ee728b)
Start importing Assets/Imported Assets/JMO Assets/Cartoon FX Remaster/CFXR Assets/Graphics/cfxr ww smoke glow ab.mat using Guid(a73ea21367565fe478f25a8a2e33ade3) Importer(815301076,1909f56bfc062723c751e8b465ee728b)  -> (artifact id: 'e813ca43a8de954b3e6faa0148894ef2') in 0.012448 seconds
Number of updated asset objects reloaded before import = 0
Number of asset objects unloaded after import = 4
========================================================================
Received Import Request.
  Time since last request: 2.676564 seconds.
  path: Assets/Imported Assets/JMO Assets/Cartoon FX Remaster/CFXR Prefabs/Fire
  artifactKey: Guid(d5a3cc750446bda488ff925846e06a98) Importer(815301076,1909f56bfc062723c751e8b465ee728b)
Start importing Assets/Imported Assets/JMO Assets/Cartoon FX Remaster/CFXR Prefabs/Fire using Guid(d5a3cc750446bda488ff925846e06a98) Importer(815301076,1909f56bfc062723c751e8b465ee728b)  -> (artifact id: 'a3749425c8612e3ebd6ebfa7eafd4cb8') in 0.000949 seconds
Number of updated asset objects reloaded before import = 0
Number of asset objects unloaded after import = 0
========================================================================
Received Import Request.
  Time since last request: 0.778667 seconds.
  path: Assets/Imported Assets/JMO Assets/Cartoon FX Remaster/CFXR Prefabs/Ice
  artifactKey: Guid(f91cb676730a3474ca297195cf0fa283) Importer(815301076,1909f56bfc062723c751e8b465ee728b)
Start importing Assets/Imported Assets/JMO Assets/Cartoon FX Remaster/CFXR Prefabs/Ice using Guid(f91cb676730a3474ca297195cf0fa283) Importer(815301076,1909f56bfc062723c751e8b465ee728b)  -> (artifact id: '9d4cdcd513d1518647084cba47b81762') in 0.000644 seconds
Number of updated asset objects reloaded before import = 0
Number of asset objects unloaded after import = 0
========================================================================
Received Import Request.
  Time since last request: 0.058003 seconds.
  path: Assets/Imported Assets/JMO Assets/Cartoon FX Remaster/CFXR Prefabs/Ice/CFXR3 Hit Ice B (Air).prefab
  artifactKey: Guid(6f34ef0d986e9db4199cf75805f79753) Importer(815301076,1909f56bfc062723c751e8b465ee728b)
Start importing Assets/Imported Assets/JMO Assets/Cartoon FX Remaster/CFXR Prefabs/Ice/CFXR3 Hit Ice B (Air).prefab using Guid(6f34ef0d986e9db4199cf75805f79753) Importer(815301076,1909f56bfc062723c751e8b465ee728b)  -> (artifact id: '0048844441d0e867d7dc76e99a06ad70') in 0.000696 seconds
Number of updated asset objects reloaded before import = 0
Number of asset objects unloaded after import = 0
========================================================================
Received Import Request.
  Time since last request: 0.647157 seconds.
  path: Assets/Imported Assets/JMO Assets/Cartoon FX Remaster/CFXR Assets/Graphics/cfxr spikes impact mesh.asset
  artifactKey: Guid(928806a91d0b01541aa11e36bb755ab7) Importer(815301076,1909f56bfc062723c751e8b465ee728b)
Start importing Assets/Imported Assets/JMO Assets/Cartoon FX Remaster/CFXR Assets/Graphics/cfxr spikes impact mesh.asset using Guid(928806a91d0b01541aa11e36bb755ab7) Importer(815301076,1909f56bfc062723c751e8b465ee728b)  -> (artifact id: '6223f38f2f0c4a1695cf3edb87c641db') in 0.006253 seconds
Number of updated asset objects reloaded before import = 0
Number of asset objects unloaded after import = 2
========================================================================
Received Import Request.
  Time since last request: 4.472388 seconds.
  path: Assets/Imported Assets/JMO Assets/Cartoon FX Remaster/CFXR Prefabs/Misc
  artifactKey: Guid(d38ad60e62a2f954e9ca6d5b3203cc21) Importer(815301076,1909f56bfc062723c751e8b465ee728b)
Start importing Assets/Imported Assets/JMO Assets/Cartoon FX Remaster/CFXR Prefabs/Misc using Guid(d38ad60e62a2f954e9ca6d5b3203cc21) Importer(815301076,1909f56bfc062723c751e8b465ee728b)  -> (artifact id: '8e9e26e65894e2320180ababb3d089c5') in 0.001194 seconds
Number of updated asset objects reloaded before import = 0
Number of asset objects unloaded after import = 0
========================================================================
Received Import Request.
  Time since last request: 0.064326 seconds.
  path: Assets/Imported Assets/JMO Assets/Cartoon FX Remaster/CFXR Prefabs/Misc/CFXR Flash.prefab
  artifactKey: Guid(59a35ab9f68edff40b6e5332bed330f5) Importer(815301076,1909f56bfc062723c751e8b465ee728b)
Start importing Assets/Imported Assets/JMO Assets/Cartoon FX Remaster/CFXR Prefabs/Misc/CFXR Flash.prefab using Guid(59a35ab9f68edff40b6e5332bed330f5) Importer(815301076,1909f56bfc062723c751e8b465ee728b)  -> (artifact id: '96e08387da6db6e6de6092ad87b740d4') in 0.000659 seconds
Number of updated asset objects reloaded before import = 0
Number of asset objects unloaded after import = 0
========================================================================
Received Import Request.
  Time since last request: 0.000062 seconds.
  path: Assets/Imported Assets/JMO Assets/Cartoon FX Remaster/CFXR Prefabs/Misc/CFXR2 Shiny Item (Loop).prefab
  artifactKey: Guid(e2c1ac940434a5242b54d72b66654687) Importer(815301076,1909f56bfc062723c751e8b465ee728b)
Start importing Assets/Imported Assets/JMO Assets/Cartoon FX Remaster/CFXR Prefabs/Misc/CFXR2 Shiny Item (Loop).prefab using Guid(e2c1ac940434a5242b54d72b66654687) Importer(815301076,1909f56bfc062723c751e8b465ee728b)  -> (artifact id: 'bce0e8f2185bc0f38d71fa9126d8fc80') in 0.000761 seconds
Number of updated asset objects reloaded before import = 0
Number of asset objects unloaded after import = 0
========================================================================
Received Import Request.
  Time since last request: 0.000052 seconds.
  path: Assets/Imported Assets/JMO Assets/Cartoon FX Remaster/CFXR Prefabs/Misc/CFXR3 Hit Misc F Smoke.prefab
  artifactKey: Guid(9fe8f8b3288e45a44af36ff8aa04486e) Importer(815301076,1909f56bfc062723c751e8b465ee728b)
Start importing Assets/Imported Assets/JMO Assets/Cartoon FX Remaster/CFXR Prefabs/Misc/CFXR3 Hit Misc F Smoke.prefab using Guid(9fe8f8b3288e45a44af36ff8aa04486e) Importer(815301076,1909f56bfc062723c751e8b465ee728b)  -> (artifact id: '1b63a876183a8a155dc9db009bda60a4') in 0.000710 seconds
Number of updated asset objects reloaded before import = 0
Number of asset objects unloaded after import = 0
========================================================================
Received Import Request.
  Time since last request: 0.000047 seconds.
  path: Assets/Imported Assets/JMO Assets/Cartoon FX Remaster/CFXR Prefabs/Misc/CFXR3 Ambient Glows.prefab
  artifactKey: Guid(3801a320e9ae1bf44a14efa194c86c3f) Importer(815301076,1909f56bfc062723c751e8b465ee728b)
Start importing Assets/Imported Assets/JMO Assets/Cartoon FX Remaster/CFXR Prefabs/Misc/CFXR3 Ambient Glows.prefab using Guid(3801a320e9ae1bf44a14efa194c86c3f) Importer(815301076,1909f56bfc062723c751e8b465ee728b)  -> (artifact id: 'a677dffc34f7e71ce673c69e6cb5b493') in 0.001113 seconds
Number of updated asset objects reloaded before import = 0
Number of asset objects unloaded after import = 0
========================================================================
Received Import Request.
  Time since last request: 0.000115 seconds.
  path: Assets/Imported Assets/JMO Assets/Cartoon FX Remaster/CFXR Prefabs/Misc/CFXR2 Broken Heart.prefab
  artifactKey: Guid(7c2a9b83b809a0848915fabd9596b68b) Importer(815301076,1909f56bfc062723c751e8b465ee728b)
Start importing Assets/Imported Assets/JMO Assets/Cartoon FX Remaster/CFXR Prefabs/Misc/CFXR2 Broken Heart.prefab using Guid(7c2a9b83b809a0848915fabd9596b68b) Importer(815301076,1909f56bfc062723c751e8b465ee728b)  -> (artifact id: '69f43af16aad85417d7772459fa0766b') in 0.000887 seconds
Number of updated asset objects reloaded before import = 0
Number of asset objects unloaded after import = 0
========================================================================
Received Import Request.
  Time since last request: 1.081370 seconds.
  path: Assets/Imported Assets/JMO Assets/Cartoon FX Remaster/CFXR Assets/Graphics/cfxr stretch spikes smooth x2 hdr ab.mat
  artifactKey: Guid(e78955b2cfcfa73479b0cfe8e7ba17f5) Importer(815301076,1909f56bfc062723c751e8b465ee728b)
Start importing Assets/Imported Assets/JMO Assets/Cartoon FX Remaster/CFXR Assets/Graphics/cfxr stretch spikes smooth x2 hdr ab.mat using Guid(e78955b2cfcfa73479b0cfe8e7ba17f5) Importer(815301076,1909f56bfc062723c751e8b465ee728b)  -> (artifact id: '5ff9eb4c39809229b31fcabd2c529138') in 0.045521 seconds
Number of updated asset objects reloaded before import = 0
Number of asset objects unloaded after import = 5
========================================================================
Received Import Request.
  Time since last request: 1.050909 seconds.
  path: Assets/Imported Assets/JMO Assets/Cartoon FX Remaster/CFXR Assets/Graphics/cfxr smoke cloud x4 ab.mat
  artifactKey: Guid(7840d900dc0a4ed4dbcd26e23f064dd8) Importer(815301076,1909f56bfc062723c751e8b465ee728b)
Start importing Assets/Imported Assets/JMO Assets/Cartoon FX Remaster/CFXR Assets/Graphics/cfxr smoke cloud x4 ab.mat using Guid(7840d900dc0a4ed4dbcd26e23f064dd8) Importer(815301076,1909f56bfc062723c751e8b465ee728b)  -> (artifact id: '0a094675f6b6fbba71b0f8f25ebf874b') in 0.014080 seconds
Number of updated asset objects reloaded before import = 0
Number of asset objects unloaded after import = 5
========================================================================
Received Import Request.
  Time since last request: 2.290110 seconds.
  path: Assets/Imported Assets/JMO Assets/Cartoon FX Remaster/CFXR Assets/Graphics/cfxr heart break dissolve ab.mat
  artifactKey: Guid(301dce4846efde14394aa2a2b88960b1) Importer(815301076,1909f56bfc062723c751e8b465ee728b)
Start importing Assets/Imported Assets/JMO Assets/Cartoon FX Remaster/CFXR Assets/Graphics/cfxr heart break dissolve ab.mat using Guid(301dce4846efde14394aa2a2b88960b1) Importer(815301076,1909f56bfc062723c751e8b465ee728b)  -> (artifact id: '12593f6eb138040925ee178d7dd5ae6d') in 0.013974 seconds
Number of updated asset objects reloaded before import = 0
Number of asset objects unloaded after import = 5
========================================================================
Received Import Request.
  Time since last request: 3.429537 seconds.
  path: Assets/Imported Assets/JMO Assets/Cartoon FX Remaster/CFXR Assets/Graphics/cfxr stretch inv spike fade ab.mat
  artifactKey: Guid(546ab889d8c044b49b7fc3dc12ea2a58) Importer(815301076,1909f56bfc062723c751e8b465ee728b)
Start importing Assets/Imported Assets/JMO Assets/Cartoon FX Remaster/CFXR Assets/Graphics/cfxr stretch inv spike fade ab.mat using Guid(546ab889d8c044b49b7fc3dc12ea2a58) Importer(815301076,1909f56bfc062723c751e8b465ee728b)  -> (artifact id: '895d77457f79411cb7d9356d379df3c1') in 0.038294 seconds
Number of updated asset objects reloaded before import = 0
Number of asset objects unloaded after import = 4
========================================================================
Received Import Request.
  Time since last request: 2.809374 seconds.
  path: Assets/Imported Assets/JMO Assets/Cartoon FX Remaster/CFXR Assets/Graphics/cfxr stretch rectangle ray ab.mat
  artifactKey: Guid(d2e32673805f8974a888782e19aa2bbf) Importer(815301076,1909f56bfc062723c751e8b465ee728b)
Start importing Assets/Imported Assets/JMO Assets/Cartoon FX Remaster/CFXR Assets/Graphics/cfxr stretch rectangle ray ab.mat using Guid(d2e32673805f8974a888782e19aa2bbf) Importer(815301076,1909f56bfc062723c751e8b465ee728b)  -> (artifact id: '663c62982ad2ccd20f95ec1f36fb857c') in 0.011732 seconds
Number of updated asset objects reloaded before import = 0
Number of asset objects unloaded after import = 4
========================================================================
Received Import Request.
  Time since last request: 38.909649 seconds.
  path: Assets/Imported Assets/JMO Assets/Cartoon FX Remaster/CFXR Prefabs/Liquids/CFXR Water Ripples.prefab
  artifactKey: Guid(5a8d99fb95262ea458a7b580f2a1611c) Importer(815301076,1909f56bfc062723c751e8b465ee728b)
Start importing Assets/Imported Assets/JMO Assets/Cartoon FX Remaster/CFXR Prefabs/Liquids/CFXR Water Ripples.prefab using Guid(5a8d99fb95262ea458a7b580f2a1611c) Importer(815301076,1909f56bfc062723c751e8b465ee728b)  -> (artifact id: '4814d15f1f1b0740edb73bfa017b9a6a') in 0.000922 seconds
Number of updated asset objects reloaded before import = 0
Number of asset objects unloaded after import = 0
========================================================================
Received Import Request.
  Time since last request: 0.000120 seconds.
  path: Assets/Imported Assets/JMO Assets/Cartoon FX Remaster/CFXR Prefabs/Liquids/CFXR2 Blood Shape Splash.prefab
  artifactKey: Guid(15483e51212e3d74886ea57291f4639a) Importer(815301076,1909f56bfc062723c751e8b465ee728b)
Start importing Assets/Imported Assets/JMO Assets/Cartoon FX Remaster/CFXR Prefabs/Liquids/CFXR2 Blood Shape Splash.prefab using Guid(15483e51212e3d74886ea57291f4639a) Importer(815301076,1909f56bfc062723c751e8b465ee728b)  -> (artifact id: '6b772a71fecaf84a7bc3ce5613da403c') in 0.000562 seconds
Number of updated asset objects reloaded before import = 0
Number of asset objects unloaded after import = 0
========================================================================
Received Import Request.
  Time since last request: 8.210981 seconds.
  path: Assets/Imported Assets/JMO Assets/Cartoon FX Remaster/CFXR Prefabs/Liquids/CFXR Water Ripples.prefab
  artifactKey: Guid(5a8d99fb95262ea458a7b580f2a1611c) Importer(815301076,1909f56bfc062723c751e8b465ee728b)
Start importing Assets/Imported Assets/JMO Assets/Cartoon FX Remaster/CFXR Prefabs/Liquids/CFXR Water Ripples.prefab using Guid(5a8d99fb95262ea458a7b580f2a1611c) Importer(815301076,1909f56bfc062723c751e8b465ee728b)  -> (artifact id: '4814d15f1f1b0740edb73bfa017b9a6a') in 0.000669 seconds
Number of updated asset objects reloaded before import = 0
Number of asset objects unloaded after import = 0
========================================================================
Received Import Request.
  Time since last request: 0.000106 seconds.
  path: Assets/Imported Assets/JMO Assets/Cartoon FX Remaster/CFXR Prefabs/Liquids/CFXR4 Bubbles Breath Underwater Loop.prefab
  artifactKey: Guid(7f906c77905876d488e88e99d13c3d7d) Importer(815301076,1909f56bfc062723c751e8b465ee728b)
Start importing Assets/Imported Assets/JMO Assets/Cartoon FX Remaster/CFXR Prefabs/Liquids/CFXR4 Bubbles Breath Underwater Loop.prefab using Guid(7f906c77905876d488e88e99d13c3d7d) Importer(815301076,1909f56bfc062723c751e8b465ee728b)  -> (artifact id: '9ef8628e024d9afeef9a575e6cd36ef0') in 0.000598 seconds
Number of updated asset objects reloaded before import = 0
Number of asset objects unloaded after import = 0
========================================================================
Received Import Request.
  Time since last request: 22.034001 seconds.
  path: Assets/Imported Assets/JMO Assets/Cartoon FX Remaster/CFXR Prefabs/Liquids/CFXR Water Ripples.prefab
  artifactKey: Guid(5a8d99fb95262ea458a7b580f2a1611c) Importer(815301076,1909f56bfc062723c751e8b465ee728b)
Start importing Assets/Imported Assets/JMO Assets/Cartoon FX Remaster/CFXR Prefabs/Liquids/CFXR Water Ripples.prefab using Guid(5a8d99fb95262ea458a7b580f2a1611c) Importer(815301076,1909f56bfc062723c751e8b465ee728b)  -> (artifact id: '4814d15f1f1b0740edb73bfa017b9a6a') in 0.000829 seconds
Number of updated asset objects reloaded before import = 0
Number of asset objects unloaded after import = 0
========================================================================
Received Import Request.
  Time since last request: 1.047566 seconds.
  path: Assets/Imported Assets/JMO Assets/Cartoon FX Remaster/CFXR Prefabs/Liquids/CFXR Water Ripples.prefab
  artifactKey: Guid(5a8d99fb95262ea458a7b580f2a1611c) Importer(815301076,1909f56bfc062723c751e8b465ee728b)
Start importing Assets/Imported Assets/JMO Assets/Cartoon FX Remaster/CFXR Prefabs/Liquids/CFXR Water Ripples.prefab using Guid(5a8d99fb95262ea458a7b580f2a1611c) Importer(815301076,1909f56bfc062723c751e8b465ee728b)  -> (artifact id: '4814d15f1f1b0740edb73bfa017b9a6a') in 0.000483 seconds
Number of updated asset objects reloaded before import = 0
Number of asset objects unloaded after import = 0
========================================================================
Received Import Request.
  Time since last request: 0.860634 seconds.
  path: Assets/Imported Assets/JMO Assets/Cartoon FX Remaster/CFXR Prefabs/Liquids/CFXR Water Ripples.prefab
  artifactKey: Guid(5a8d99fb95262ea458a7b580f2a1611c) Importer(815301076,1909f56bfc062723c751e8b465ee728b)
Start importing Assets/Imported Assets/JMO Assets/Cartoon FX Remaster/CFXR Prefabs/Liquids/CFXR Water Ripples.prefab using Guid(5a8d99fb95262ea458a7b580f2a1611c) Importer(815301076,1909f56bfc062723c751e8b465ee728b)  -> (artifact id: '4814d15f1f1b0740edb73bfa017b9a6a') in 0.000700 seconds
Number of updated asset objects reloaded before import = 0
Number of asset objects unloaded after import = 0
========================================================================
Received Import Request.
  Time since last request: 3.345675 seconds.
  path: Assets/Imported Assets/JMO Assets/Cartoon FX Remaster/CFXR Prefabs/Liquids/CFXR Water Ripples.prefab
  artifactKey: Guid(5a8d99fb95262ea458a7b580f2a1611c) Importer(815301076,1909f56bfc062723c751e8b465ee728b)
Start importing Assets/Imported Assets/JMO Assets/Cartoon FX Remaster/CFXR Prefabs/Liquids/CFXR Water Ripples.prefab using Guid(5a8d99fb95262ea458a7b580f2a1611c) Importer(815301076,1909f56bfc062723c751e8b465ee728b)  -> (artifact id: '4814d15f1f1b0740edb73bfa017b9a6a') in 0.000886 seconds
Number of updated asset objects reloaded before import = 0
Number of asset objects unloaded after import = 0
========================================================================
Received Import Request.
  Time since last request: 6.040669 seconds.
  path: Assets/Imported Assets/JMO Assets/Cartoon FX Remaster/CFXR Prefabs/Liquids/CFXR Water Ripples.prefab
  artifactKey: Guid(5a8d99fb95262ea458a7b580f2a1611c) Importer(815301076,1909f56bfc062723c751e8b465ee728b)
Start importing Assets/Imported Assets/JMO Assets/Cartoon FX Remaster/CFXR Prefabs/Liquids/CFXR Water Ripples.prefab using Guid(5a8d99fb95262ea458a7b580f2a1611c) Importer(815301076,1909f56bfc062723c751e8b465ee728b)  -> (artifact id: '4814d15f1f1b0740edb73bfa017b9a6a') in 0.000830 seconds
Number of updated asset objects reloaded before import = 0
Number of asset objects unloaded after import = 0
========================================================================
Received Import Request.
  Time since last request: 12.239436 seconds.
  path: Assets/Imported Assets/JMO Assets/Cartoon FX Remaster/CFXR Prefabs/Liquids/CFXR Water Ripples.prefab
  artifactKey: Guid(5a8d99fb95262ea458a7b580f2a1611c) Importer(815301076,1909f56bfc062723c751e8b465ee728b)
Start importing Assets/Imported Assets/JMO Assets/Cartoon FX Remaster/CFXR Prefabs/Liquids/CFXR Water Ripples.prefab using Guid(5a8d99fb95262ea458a7b580f2a1611c) Importer(815301076,1909f56bfc062723c751e8b465ee728b)  -> (artifact id: '4814d15f1f1b0740edb73bfa017b9a6a') in 0.000731 seconds
Number of updated asset objects reloaded before import = 0
Number of asset objects unloaded after import = 0
========================================================================
Received Import Request.
  Time since last request: 0.839809 seconds.
  path: Assets/Imported Assets/JMO Assets/Cartoon FX Remaster/CFXR Prefabs/Liquids/CFXR Water Ripples.prefab
  artifactKey: Guid(5a8d99fb95262ea458a7b580f2a1611c) Importer(815301076,1909f56bfc062723c751e8b465ee728b)
Start importing Assets/Imported Assets/JMO Assets/Cartoon FX Remaster/CFXR Prefabs/Liquids/CFXR Water Ripples.prefab using Guid(5a8d99fb95262ea458a7b580f2a1611c) Importer(815301076,1909f56bfc062723c751e8b465ee728b)  -> (artifact id: '4814d15f1f1b0740edb73bfa017b9a6a') in 0.000821 seconds
Number of updated asset objects reloaded before import = 0
Number of asset objects unloaded after import = 0
========================================================================
Received Import Request.
  Time since last request: 1.415389 seconds.
  path: Assets/Imported Assets/JMO Assets/Cartoon FX Remaster/CFXR Prefabs/Liquids/CFXR Water Ripples.prefab
  artifactKey: Guid(5a8d99fb95262ea458a7b580f2a1611c) Importer(815301076,1909f56bfc062723c751e8b465ee728b)
Start importing Assets/Imported Assets/JMO Assets/Cartoon FX Remaster/CFXR Prefabs/Liquids/CFXR Water Ripples.prefab using Guid(5a8d99fb95262ea458a7b580f2a1611c) Importer(815301076,1909f56bfc062723c751e8b465ee728b)  -> (artifact id: '4814d15f1f1b0740edb73bfa017b9a6a') in 0.000675 seconds
Number of updated asset objects reloaded before import = 0
Number of asset objects unloaded after import = 0
========================================================================
Received Import Request.
  Time since last request: 15.041579 seconds.
  path: Assets/Imported Assets/JMO Assets/Cartoon FX Remaster/CFXR Prefabs/Liquids/CFXR Water Ripples.prefab
  artifactKey: Guid(5a8d99fb95262ea458a7b580f2a1611c) Importer(815301076,1909f56bfc062723c751e8b465ee728b)
Start importing Assets/Imported Assets/JMO Assets/Cartoon FX Remaster/CFXR Prefabs/Liquids/CFXR Water Ripples.prefab using Guid(5a8d99fb95262ea458a7b580f2a1611c) Importer(815301076,1909f56bfc062723c751e8b465ee728b)  -> (artifact id: '4814d15f1f1b0740edb73bfa017b9a6a') in 0.000648 seconds
Number of updated asset objects reloaded before import = 0
Number of asset objects unloaded after import = 0
========================================================================
Received Import Request.
  Time since last request: 2.644245 seconds.
  path: Assets/Imported Assets/JMO Assets/Cartoon FX Remaster/CFXR Prefabs/Liquids/CFXR Water Ripples.prefab
  artifactKey: Guid(5a8d99fb95262ea458a7b580f2a1611c) Importer(815301076,1909f56bfc062723c751e8b465ee728b)
Start importing Assets/Imported Assets/JMO Assets/Cartoon FX Remaster/CFXR Prefabs/Liquids/CFXR Water Ripples.prefab using Guid(5a8d99fb95262ea458a7b580f2a1611c) Importer(815301076,1909f56bfc062723c751e8b465ee728b)  -> (artifact id: '4814d15f1f1b0740edb73bfa017b9a6a') in 0.000847 seconds
Number of updated asset objects reloaded before import = 0
Number of asset objects unloaded after import = 0
========================================================================
Received Import Request.
  Time since last request: 3.672644 seconds.
  path: Assets/Imported Assets/JMO Assets/Cartoon FX Remaster/CFXR Prefabs/Liquids/CFXR Water Ripples.prefab
  artifactKey: Guid(5a8d99fb95262ea458a7b580f2a1611c) Importer(815301076,1909f56bfc062723c751e8b465ee728b)
Start importing Assets/Imported Assets/JMO Assets/Cartoon FX Remaster/CFXR Prefabs/Liquids/CFXR Water Ripples.prefab using Guid(5a8d99fb95262ea458a7b580f2a1611c) Importer(815301076,1909f56bfc062723c751e8b465ee728b)  -> (artifact id: '4814d15f1f1b0740edb73bfa017b9a6a') in 0.000665 seconds
Number of updated asset objects reloaded before import = 0
Number of asset objects unloaded after import = 0
========================================================================
Received Import Request.
  Time since last request: 3.290630 seconds.
  path: Assets/Imported Assets/JMO Assets/Cartoon FX Remaster/CFXR Prefabs/Liquids/CFXR Water Ripples.prefab
  artifactKey: Guid(5a8d99fb95262ea458a7b580f2a1611c) Importer(815301076,1909f56bfc062723c751e8b465ee728b)
Start importing Assets/Imported Assets/JMO Assets/Cartoon FX Remaster/CFXR Prefabs/Liquids/CFXR Water Ripples.prefab using Guid(5a8d99fb95262ea458a7b580f2a1611c) Importer(815301076,1909f56bfc062723c751e8b465ee728b)  -> (artifact id: '4814d15f1f1b0740edb73bfa017b9a6a') in 0.000531 seconds
Number of updated asset objects reloaded before import = 0
Number of asset objects unloaded after import = 0
========================================================================
Received Import Request.
  Time since last request: 5.950492 seconds.
  path: Assets/Imported Assets/JMO Assets/Cartoon FX Remaster/CFXR Prefabs/Liquids/CFXR Water Ripples.prefab
  artifactKey: Guid(5a8d99fb95262ea458a7b580f2a1611c) Importer(815301076,1909f56bfc062723c751e8b465ee728b)
Start importing Assets/Imported Assets/JMO Assets/Cartoon FX Remaster/CFXR Prefabs/Liquids/CFXR Water Ripples.prefab using Guid(5a8d99fb95262ea458a7b580f2a1611c) Importer(815301076,1909f56bfc062723c751e8b465ee728b)  -> (artifact id: '4814d15f1f1b0740edb73bfa017b9a6a') in 0.000647 seconds
Number of updated asset objects reloaded before import = 0
Number of asset objects unloaded after import = 0
========================================================================
Received Import Request.
  Time since last request: 8.231740 seconds.
  path: Assets/Imported Assets/JMO Assets/Cartoon FX Remaster/CFXR Prefabs/Sword Trails
  artifactKey: Guid(bd7ef465e6a5aa04280e29e75a4e1dca) Importer(815301076,1909f56bfc062723c751e8b465ee728b)
Start importing Assets/Imported Assets/JMO Assets/Cartoon FX Remaster/CFXR Prefabs/Sword Trails using Guid(bd7ef465e6a5aa04280e29e75a4e1dca) Importer(815301076,1909f56bfc062723c751e8b465ee728b)  -> (artifact id: 'd263dc083a349a68cd4d6f60832d07d4') in 0.000734 seconds
Number of updated asset objects reloaded before import = 0
Number of asset objects unloaded after import = 0
========================================================================
Received Import Request.
  Time since last request: 1.654014 seconds.
  path: Assets/Imported Assets/JMO Assets/Cartoon FX Remaster/CFXR Prefabs/Sword Trails/Plain
  artifactKey: Guid(771c9041bbfb5a74fa66a52fa22f4a99) Importer(815301076,1909f56bfc062723c751e8b465ee728b)
Start importing Assets/Imported Assets/JMO Assets/Cartoon FX Remaster/CFXR Prefabs/Sword Trails/Plain using Guid(771c9041bbfb5a74fa66a52fa22f4a99) Importer(815301076,1909f56bfc062723c751e8b465ee728b)  -> (artifact id: 'a91c364658842c6b09bb346554f41831') in 0.000664 seconds
Number of updated asset objects reloaded before import = 0
Number of asset objects unloaded after import = 0
========================================================================
Received Import Request.
  Time since last request: 0.055928 seconds.
  path: Assets/Imported Assets/JMO Assets/Cartoon FX Remaster/CFXR Prefabs/Sword Trails/Plain/CFXR4 Sword Hit PLAIN (Cross).prefab
  artifactKey: Guid(b85d21f3b8fed714bacf0c4fd50fa512) Importer(815301076,1909f56bfc062723c751e8b465ee728b)
Start importing Assets/Imported Assets/JMO Assets/Cartoon FX Remaster/CFXR Prefabs/Sword Trails/Plain/CFXR4 Sword Hit PLAIN (Cross).prefab using Guid(b85d21f3b8fed714bacf0c4fd50fa512) Importer(815301076,1909f56bfc062723c751e8b465ee728b)  -> (artifact id: '70ffbcf828384900fb70e05231d0369f') in 0.065145 seconds
Number of updated asset objects reloaded before import = 0
Number of asset objects unloaded after import = 25
========================================================================
Received Import Request.
  Time since last request: 0.000022 seconds.
  path: Assets/Imported Assets/JMO Assets/Cartoon FX Remaster/CFXR Prefabs/Sword Trails/Plain/CFXR4 Sword Trail PLAIN (360 Thin Spiral).prefab
  artifactKey: Guid(2b987d41506d172419fa18578f6ac380) Importer(815301076,1909f56bfc062723c751e8b465ee728b)
Start importing Assets/Imported Assets/JMO Assets/Cartoon FX Remaster/CFXR Prefabs/Sword Trails/Plain/CFXR4 Sword Trail PLAIN (360 Thin Spiral).prefab using Guid(2b987d41506d172419fa18578f6ac380) Importer(815301076,1909f56bfc062723c751e8b465ee728b)  -> (artifact id: '25efe8b8fea5a1a7aa63406142aa0cda') in 0.015539 seconds
Number of updated asset objects reloaded before import = 0
Number of asset objects unloaded after import = 21
========================================================================
Received Import Request.
  Time since last request: 1.614149 seconds.
  path: Assets/Imported Assets/JMO Assets/Cartoon FX Remaster/CFXR Assets/Meshes/cfxr mesh sword_slashes.fbx
  artifactKey: Guid(e82f2cbd6def7ff4c98963f706f00d3e) Importer(815301076,1909f56bfc062723c751e8b465ee728b)
Start importing Assets/Imported Assets/JMO Assets/Cartoon FX Remaster/CFXR Assets/Meshes/cfxr mesh sword_slashes.fbx using Guid(e82f2cbd6def7ff4c98963f706f00d3e) Importer(815301076,1909f56bfc062723c751e8b465ee728b)  -> (artifact id: '7256bd2bd2105e2c60b3a12cd3d97285') in 0.091964 seconds
Number of updated asset objects reloaded before import = 0
Number of asset objects unloaded after import = 55
========================================================================
Received Import Request.
  Time since last request: 3.104898 seconds.
  path: Assets/Imported Assets/JMO Assets/Cartoon FX Remaster/CFXR Prefabs/Sword Trails/Fire
  artifactKey: Guid(62ca8584f2baf0342afc99a5a8d4062a) Importer(815301076,1909f56bfc062723c751e8b465ee728b)
Start importing Assets/Imported Assets/JMO Assets/Cartoon FX Remaster/CFXR Prefabs/Sword Trails/Fire using Guid(62ca8584f2baf0342afc99a5a8d4062a) Importer(815301076,1909f56bfc062723c751e8b465ee728b)  -> (artifact id: 'ca48cc7fc434ce11d2c7efe523792a9f') in 0.000764 seconds
Number of updated asset objects reloaded before import = 0
Number of asset objects unloaded after import = 0
========================================================================
Received Import Request.
  Time since last request: 0.061896 seconds.
  path: Assets/Imported Assets/JMO Assets/Cartoon FX Remaster/CFXR Prefabs/Sword Trails/Fire/CFXR4 Sword Hit FIRE (Cross).prefab
  artifactKey: Guid(1fd2749f2a4056446881dce86ed70c39) Importer(815301076,1909f56bfc062723c751e8b465ee728b)
Start importing Assets/Imported Assets/JMO Assets/Cartoon FX Remaster/CFXR Prefabs/Sword Trails/Fire/CFXR4 Sword Hit FIRE (Cross).prefab using Guid(1fd2749f2a4056446881dce86ed70c39) Importer(815301076,1909f56bfc062723c751e8b465ee728b)  -> (artifact id: '4aa032342c2a00720a5f1ce6c4c6b326') in 0.000778 seconds
Number of updated asset objects reloaded before import = 0
Number of asset objects unloaded after import = 0
========================================================================
Received Import Request.
  Time since last request: 0.000075 seconds.
  path: Assets/Imported Assets/JMO Assets/Cartoon FX Remaster/CFXR Prefabs/Sword Trails/Fire/CFXR4 Sword Trail FIRE (360 Thin Spiral).prefab
  artifactKey: Guid(b3416c8b2e3c7804b8c061dc4a36fc43) Importer(815301076,1909f56bfc062723c751e8b465ee728b)
Start importing Assets/Imported Assets/JMO Assets/Cartoon FX Remaster/CFXR Prefabs/Sword Trails/Fire/CFXR4 Sword Trail FIRE (360 Thin Spiral).prefab using Guid(b3416c8b2e3c7804b8c061dc4a36fc43) Importer(815301076,1909f56bfc062723c751e8b465ee728b)  -> (artifact id: 'e7931313f18df021526a2db95bceb848') in 0.000740 seconds
Number of updated asset objects reloaded before import = 0
Number of asset objects unloaded after import = 0
========================================================================
Received Import Request.
  Time since last request: 11.450062 seconds.
  path: Assets/Imported Assets/JMO Assets/Cartoon FX Remaster/CFXR Prefabs/Eerie/CFXR2 Skull Head Alt.prefab
  artifactKey: Guid(463cf9f7af4680240898f6aeba3fe3e6) Importer(815301076,1909f56bfc062723c751e8b465ee728b)
Start importing Assets/Imported Assets/JMO Assets/Cartoon FX Remaster/CFXR Prefabs/Eerie/CFXR2 Skull Head Alt.prefab using Guid(463cf9f7af4680240898f6aeba3fe3e6) Importer(815301076,1909f56bfc062723c751e8b465ee728b)  -> (artifact id: '6618200162293fbf167a7f04b56c5d91') in 0.000612 seconds
Number of updated asset objects reloaded before import = 0
Number of asset objects unloaded after import = 0
========================================================================
Received Import Request.
  Time since last request: 16.079059 seconds.
  path: Assets/Imported Assets/JMO Assets/Cartoon FX Remaster/CFXR Prefabs/Explosions
  artifactKey: Guid(a9a6a5d83e63df44d8746e20ca938c0d) Importer(815301076,1909f56bfc062723c751e8b465ee728b)
Start importing Assets/Imported Assets/JMO Assets/Cartoon FX Remaster/CFXR Prefabs/Explosions using Guid(a9a6a5d83e63df44d8746e20ca938c0d) Importer(815301076,1909f56bfc062723c751e8b465ee728b)  -> (artifact id: '2ef4dbd8413247d7b3cbccaa97574757') in 0.000747 seconds
Number of updated asset objects reloaded before import = 0
Number of asset objects unloaded after import = 0
========================================================================
Received Import Request.
  Time since last request: 0.064400 seconds.
  path: Assets/Imported Assets/JMO Assets/Cartoon FX Remaster/CFXR Prefabs/Explosions/CFXR Explosion 1.prefab
  artifactKey: Guid(3ef3ae421f71c5c4e97fe12dc2fc6312) Importer(815301076,1909f56bfc062723c751e8b465ee728b)
Start importing Assets/Imported Assets/JMO Assets/Cartoon FX Remaster/CFXR Prefabs/Explosions/CFXR Explosion 1.prefab using Guid(3ef3ae421f71c5c4e97fe12dc2fc6312) Importer(815301076,1909f56bfc062723c751e8b465ee728b)  -> (artifact id: '57c91ad2eeb14f794c3bf032f05e530b') in 0.000714 seconds
Number of updated asset objects reloaded before import = 0
Number of asset objects unloaded after import = 0
========================================================================
Received Import Request.
  Time since last request: 0.009496 seconds.
  path: Assets/Imported Assets/JMO Assets/Cartoon FX Remaster/CFXR Prefabs/Explosions/CFXR2 WW Explosion.prefab
  artifactKey: Guid(2e1e9506f5904a64b81744324fb7cd50) Importer(815301076,1909f56bfc062723c751e8b465ee728b)
Start importing Assets/Imported Assets/JMO Assets/Cartoon FX Remaster/CFXR Prefabs/Explosions/CFXR2 WW Explosion.prefab using Guid(2e1e9506f5904a64b81744324fb7cd50) Importer(815301076,1909f56bfc062723c751e8b465ee728b)  -> (artifact id: '720a2397ca0700a006eef2f555febc34') in 0.000798 seconds
Number of updated asset objects reloaded before import = 0
Number of asset objects unloaded after import = 0
========================================================================
Received Import Request.
  Time since last request: 0.000116 seconds.
  path: Assets/Imported Assets/JMO Assets/Cartoon FX Remaster/CFXR Prefabs/Explosions/CFXR4 Firework 1 Cyan-Purple (HDR).prefab
  artifactKey: Guid(ae07f2a45f14a82428409cfe410e6002) Importer(815301076,1909f56bfc062723c751e8b465ee728b)
Start importing Assets/Imported Assets/JMO Assets/Cartoon FX Remaster/CFXR Prefabs/Explosions/CFXR4 Firework 1 Cyan-Purple (HDR).prefab using Guid(ae07f2a45f14a82428409cfe410e6002) Importer(815301076,1909f56bfc062723c751e8b465ee728b)  -> (artifact id: '812ae0cafc481a14d5a68016c904b373') in 0.001003 seconds
Number of updated asset objects reloaded before import = 0
Number of asset objects unloaded after import = 0
========================================================================
Received Import Request.
  Time since last request: 1.961482 seconds.
  path: Assets/Imported Assets/JMO Assets/Cartoon FX Remaster/CFXR Assets/Graphics/cfxr smoke cloud x4 second color ab.mat
  artifactKey: Guid(ec1892961c3d27347b1ed3a3cb5f854e) Importer(815301076,1909f56bfc062723c751e8b465ee728b)
Start importing Assets/Imported Assets/JMO Assets/Cartoon FX Remaster/CFXR Assets/Graphics/cfxr smoke cloud x4 second color ab.mat using Guid(ec1892961c3d27347b1ed3a3cb5f854e) Importer(815301076,1909f56bfc062723c751e8b465ee728b)  -> (artifact id: 'c93885c72ea4a4dbd82bed559e863119') in 0.059679 seconds
Number of updated asset objects reloaded before import = 0
Number of asset objects unloaded after import = 6
========================================================================
Received Import Request.
  Time since last request: 1.238373 seconds.
  path: Assets/Imported Assets/JMO Assets/Cartoon FX Remaster/CFXR Assets/Graphics/cfxr ww smoke second color ab.mat
  artifactKey: Guid(869742a199537664ea313c65dc8525cc) Importer(815301076,1909f56bfc062723c751e8b465ee728b)
Start importing Assets/Imported Assets/JMO Assets/Cartoon FX Remaster/CFXR Assets/Graphics/cfxr ww smoke second color ab.mat using Guid(869742a199537664ea313c65dc8525cc) Importer(815301076,1909f56bfc062723c751e8b465ee728b)  -> (artifact id: 'fac3f1bf3aa1edd826730609a6d95e70') in 0.052680 seconds
Number of updated asset objects reloaded before import = 0
Number of asset objects unloaded after import = 5
========================================================================
Received Import Request.
  Time since last request: 1.040691 seconds.
  path: Assets/Imported Assets/JMO Assets/Cartoon FX Remaster/CFXR Assets/Graphics/cfxr fire small anim blurred hdr ab.mat
  artifactKey: Guid(9fd7b93f5b2bb4340b23ceb8bf5f8ad9) Importer(815301076,1909f56bfc062723c751e8b465ee728b)
Start importing Assets/Imported Assets/JMO Assets/Cartoon FX Remaster/CFXR Assets/Graphics/cfxr fire small anim blurred hdr ab.mat using Guid(9fd7b93f5b2bb4340b23ceb8bf5f8ad9) Importer(815301076,1909f56bfc062723c751e8b465ee728b)  -> (artifact id: '6af5ab77e518ac25cb8570ce5c950452') in 0.021062 seconds
Number of updated asset objects reloaded before import = 0
Number of asset objects unloaded after import = 4
========================================================================
Received Import Request.
  Time since last request: 6.025231 seconds.
  path: Assets/Imported Assets/JMO Assets/Cartoon FX Remaster/CFXR Prefabs/Magic Misc/CFXR4 Bouncing Glows Bubble (Blue Purple).prefab
  artifactKey: Guid(f6fd568b816c64943a44efc3add3a881) Importer(815301076,1909f56bfc062723c751e8b465ee728b)
Start importing Assets/Imported Assets/JMO Assets/Cartoon FX Remaster/CFXR Prefabs/Magic Misc/CFXR4 Bouncing Glows Bubble (Blue Purple).prefab using Guid(f6fd568b816c64943a44efc3add3a881) Importer(815301076,1909f56bfc062723c751e8b465ee728b)  -> (artifact id: '2df716c8eecc4c396df4c23476fa5dc3') in 0.001396 seconds
Number of updated asset objects reloaded before import = 0
Number of asset objects unloaded after import = 0
========================================================================
Received Import Request.
  Time since last request: 37.952286 seconds.
  path: Assets/Imported Assets/JMO Assets/Cartoon FX Remaster/CFXR Prefabs/Impacts/CFXR Hit D 3D (Yellow).prefab
  artifactKey: Guid(265d3a5ba69981a4698ceabcedf368b0) Importer(815301076,1909f56bfc062723c751e8b465ee728b)
Start importing Assets/Imported Assets/JMO Assets/Cartoon FX Remaster/CFXR Prefabs/Impacts/CFXR Hit D 3D (Yellow).prefab using Guid(265d3a5ba69981a4698ceabcedf368b0) Importer(815301076,1909f56bfc062723c751e8b465ee728b)  -> (artifact id: '91a19e56db7783797c758ae9522bb118') in 0.000893 seconds
Number of updated asset objects reloaded before import = 0
Number of asset objects unloaded after import = 0
========================================================================
Received Import Request.
  Time since last request: 0.000029 seconds.
  path: Assets/Imported Assets/JMO Assets/Cartoon FX Remaster/CFXR Prefabs/Impacts/CFXR2 Ground Hit.prefab
  artifactKey: Guid(87ee7299dd44ed747af24dbb91bcd33b) Importer(815301076,1909f56bfc062723c751e8b465ee728b)
Start importing Assets/Imported Assets/JMO Assets/Cartoon FX Remaster/CFXR Prefabs/Impacts/CFXR2 Ground Hit.prefab using Guid(87ee7299dd44ed747af24dbb91bcd33b) Importer(815301076,1909f56bfc062723c751e8b465ee728b)  -> (artifact id: '78b3a79838ffc2377455907f2f20e079') in 0.001354 seconds
Number of updated asset objects reloaded before import = 0
Number of asset objects unloaded after import = 0
========================================================================
Received Import Request.
  Time since last request: 9.783119 seconds.
  path: Assets/Imported Assets/JMO Assets/Cartoon FX Remaster/CFXR Prefabs/Nature/CFXR3 Shield Leaves A (Lit).prefab
  artifactKey: Guid(e1385af346f4e624eb313ec1ea4fcd7e) Importer(815301076,1909f56bfc062723c751e8b465ee728b)
Start importing Assets/Imported Assets/JMO Assets/Cartoon FX Remaster/CFXR Prefabs/Nature/CFXR3 Shield Leaves A (Lit).prefab using Guid(e1385af346f4e624eb313ec1ea4fcd7e) Importer(815301076,1909f56bfc062723c751e8b465ee728b)  -> (artifact id: '3709f55d1139ae3667e078a9baca8d5f') in 0.000624 seconds
Number of updated asset objects reloaded before import = 0
Number of asset objects unloaded after import = 0
========================================================================
Received Import Request.
  Time since last request: 0.000081 seconds.
  path: Assets/Imported Assets/JMO Assets/Cartoon FX Remaster/CFXR Prefabs/Nature/CFXR4 Wind Trails.prefab
  artifactKey: Guid(c248f95ffea8b8543bc7ad0fffe0216d) Importer(815301076,1909f56bfc062723c751e8b465ee728b)
Start importing Assets/Imported Assets/JMO Assets/Cartoon FX Remaster/CFXR Prefabs/Nature/CFXR4 Wind Trails.prefab using Guid(c248f95ffea8b8543bc7ad0fffe0216d) Importer(815301076,1909f56bfc062723c751e8b465ee728b)  -> (artifact id: '4f95049038093d026095982cd528889c') in 0.000595 seconds
Number of updated asset objects reloaded before import = 0
Number of asset objects unloaded after import = 0
========================================================================
Received Import Request.
  Time since last request: 24.145248 seconds.
  path: Assets/Imported Assets/JMO Assets/Cartoon FX Remaster/CFXR Prefabs/Nature/CFXR4 Rain Splashes.prefab
  artifactKey: Guid(ac009bb7498fcfb4b96614c4fd1f735c) Importer(815301076,1909f56bfc062723c751e8b465ee728b)
Start importing Assets/Imported Assets/JMO Assets/Cartoon FX Remaster/CFXR Prefabs/Nature/CFXR4 Rain Splashes.prefab using Guid(ac009bb7498fcfb4b96614c4fd1f735c) Importer(815301076,1909f56bfc062723c751e8b465ee728b)  -> (artifact id: 'dd810547c08af713df087a7a13893227') in 0.000720 seconds
Number of updated asset objects reloaded before import = 0
Number of asset objects unloaded after import = 0
========================================================================
Received Import Request.
  Time since last request: 12.697695 seconds.
  path: Assets/Imported Assets/JMO Assets/Cartoon FX Remaster/CFXR Prefabs/Nature/CFXR4 Wind Trails.prefab
  artifactKey: Guid(c248f95ffea8b8543bc7ad0fffe0216d) Importer(815301076,1909f56bfc062723c751e8b465ee728b)
Start importing Assets/Imported Assets/JMO Assets/Cartoon FX Remaster/CFXR Prefabs/Nature/CFXR4 Wind Trails.prefab using Guid(c248f95ffea8b8543bc7ad0fffe0216d) Importer(815301076,1909f56bfc062723c751e8b465ee728b)  -> (artifact id: '4f95049038093d026095982cd528889c') in 0.000878 seconds
Number of updated asset objects reloaded before import = 0
Number of asset objects unloaded after import = 0
========================================================================
Received Prepare
Assembly with name 'CFXRRuntime' already exists (Assets/JMO Assets/Cartoon FX Remaster/CFXR Assets/Scripts/CFXR Runtime.asmdef)
Assembly with name 'CFXRRuntime' already exists (Assets/Imported Assets/JMO Assets/Cartoon FX Remaster/CFXR Assets/Scripts/CFXR Runtime.asmdef)
Assembly with name 'CFXREditor' already exists (Assets/JMO Assets/Cartoon FX Remaster/CFXR Assets/Editor/CFXR Editor.asmdef)
Assembly with name 'CFXREditor' already exists (Assets/Imported Assets/JMO Assets/Cartoon FX Remaster/CFXR Assets/Editor/CFXR Editor.asmdef)
Assembly with name 'CFXRRuntime' already exists (Assets/JMO Assets/Cartoon FX Remaster/CFXR Assets/Scripts/CFXR Runtime.asmdef)
Assembly with name 'CFXRRuntime' already exists (Assets/Imported Assets/JMO Assets/Cartoon FX Remaster/CFXR Assets/Scripts/CFXR Runtime.asmdef)
Assembly with name 'CFXREditor' already exists (Assets/JMO Assets/Cartoon FX Remaster/CFXR Assets/Editor/CFXR Editor.asmdef)
Assembly with name 'CFXREditor' already exists (Assets/Imported Assets/JMO Assets/Cartoon FX Remaster/CFXR Assets/Editor/CFXR Editor.asmdef)
Begin MonoManager ReloadAssembly
- Loaded All Assemblies, in  0.866 seconds
Refreshing native plugins compatible for Editor in 4.43 ms, found 2 plugins.
Native extension for WindowsStandalone target not found
Assembly with name 'CFXRRuntime' already exists (Assets/JMO Assets/Cartoon FX Remaster/CFXR Assets/Scripts/CFXR Runtime.asmdef)
Assembly with name 'CFXRRuntime' already exists (Assets/Imported Assets/JMO Assets/Cartoon FX Remaster/CFXR Assets/Scripts/CFXR Runtime.asmdef)
Assembly with name 'CFXREditor' already exists (Assets/JMO Assets/Cartoon FX Remaster/CFXR Assets/Editor/CFXR Editor.asmdef)
Assembly with name 'CFXREditor' already exists (Assets/Imported Assets/JMO Assets/Cartoon FX Remaster/CFXR Assets/Editor/CFXR Editor.asmdef)
[Package Manager] Server::EnsureServerProcessIsRunning -- launch failed, reason: Unity was launched with the -noUpm command-line argument
[Package Manager] UpmClient::Send -- Unable to send message (not connected to UPM process).
[Package Manager] Cannot connect to Unity Package Manager local server
Mono: successfully reloaded assembly
- Finished resetting the current domain, in  1.882 seconds
Domain Reload Profiling: 2740ms
	BeginReloadAssembly (303ms)
		ExecutionOrderSort (0ms)
		DisableScriptedObjects (19ms)
		BackupInstance (0ms)
		ReleaseScriptingObjects (0ms)
		CreateAndSetChildDomain (65ms)
	RebuildCommonClasses (51ms)
	RebuildNativeTypeToScriptingClass (20ms)
	initialDomainReloadingComplete (40ms)
	LoadAllAssembliesAndSetupDomain (444ms)
		LoadAssemblies (542ms)
		RebuildTransferFunctionScriptingTraits (0ms)
		AnalyzeDomain (69ms)
			TypeCache.Refresh (16ms)
				TypeCache.ScanAssembly (2ms)
			ScanForSourceGeneratedMonoScriptInfo (37ms)
			ResolveRequiredComponents (15ms)
	FinalizeReload (1882ms)
		ReleaseScriptCaches (0ms)
		RebuildScriptCaches (0ms)
		SetupLoadedEditorAssemblies (1002ms)
			LogAssemblyErrors (0ms)
			InitializePlatformSupportModulesInManaged (11ms)
			SetLoadedEditorAssemblies (11ms)
			RefreshPlugins (0ms)
			BeforeProcessingInitializeOnLoad (234ms)
			ProcessInitializeOnLoadAttributes (620ms)
			ProcessInitializeOnLoadMethodAttributes (117ms)
			AfterProcessingInitializeOnLoad (8ms)
			EditorAssembliesLoaded (1ms)
		ExecutionOrderSort2 (0ms)
		AwakeInstancesAfterBackupRestoration (37ms)
OnLevelWasLoaded was found on LevelManager
This message has been deprecated and will be removed in a later version of Unity.
Add a delegate to SceneManager.sceneLoaded instead to get notifications after scene loading has completed
Refreshing native plugins compatible for Editor in 5.44 ms, found 2 plugins.
Preloading 0 native plugins for Editor in 0.00 ms.
Unloading 4155 Unused Serialized files (Serialized files now loaded: 0)
Unloading 52 unused Assets / (1.7 MB). Loaded Objects now: 5062.
Memory consumption went from 338.2 MB to 336.5 MB.
Total: 12.477300 ms (FindLiveObjects: 0.481000 ms CreateObjectMapping: 1.206700 ms MarkObjects: 9.780600 ms  DeleteObjects: 1.007000 ms)

Prepare: number of updated asset objects reloaded= 0
AssetImportParameters requested are different than current active one (requested -> active):
  custom:container-demuxer-ogg: 62fdf1f143b41e24485cea50d1cbac27 -> 
  custom:video-decoder-ogg-theora: a1e56fd34408186e4bbccfd4996cb3dc -> 
  custom:framework-win-MediaFoundation: 216162199b28c13a410421893ffa2e32 -> 
  custom:CustomObjectIndexerAttribute: d54d2f2da18e7612c182cf67624b6b12 -> 
  custom:container-demuxer-webm: 4f35f7cbe854078d1ac9338744f61a02 -> 
  custom:container-muxer-webm: aa71ff27fc2769a1b78a27578f13a17b -> 
  custom:video-decoder-webm-vp8: 9c59270c3fd7afecdb556c50c9e8de78 -> 
  custom:SearchIndexIgnoredProperties: e643bd26f0fe6173181afceb89e7c659 -> 
  custom:AudioImporter_EditorPlatform: d09bf68614088b80899f8185d706f6e7 -> 
  custom:video-encoder-webm-vp8: eb34c28f22e8b96e1ab97ce403110664 -> 
  custom:audio-decoder-ogg-vorbis: bf7c407c2cedff20999df2af8eb42d56 -> 
  custom:scripting/monoscript/fileName/CFXR_UpgradeCheck.cs: ecbc382cf7f886ae36ac82906454b189 -> 
  custom:audio-encoder-webm-vorbis: bf7c407c2cedff20999df2af8eb42d56 -> 
========================================================================
Received Prepare
Assembly with name 'CFXRRuntime' already exists (Assets/JMO Assets/Cartoon FX Remaster/CFXR Assets/Scripts/CFXR Runtime.asmdef)
Assembly with name 'CFXRRuntime' already exists (Assets/Imported Assets/JMO Assets/Cartoon FX Remaster/CFXR Assets/Scripts/CFXR Runtime.asmdef)
Assembly with name 'CFXREditor' already exists (Assets/JMO Assets/Cartoon FX Remaster/CFXR Assets/Editor/CFXR Editor.asmdef)
Assembly with name 'CFXREditor' already exists (Assets/Imported Assets/JMO Assets/Cartoon FX Remaster/CFXR Assets/Editor/CFXR Editor.asmdef)
Assembly with name 'CFXRRuntime' already exists (Assets/JMO Assets/Cartoon FX Remaster/CFXR Assets/Scripts/CFXR Runtime.asmdef)
Assembly with name 'CFXRRuntime' already exists (Assets/Imported Assets/JMO Assets/Cartoon FX Remaster/CFXR Assets/Scripts/CFXR Runtime.asmdef)
Assembly with name 'CFXREditor' already exists (Assets/JMO Assets/Cartoon FX Remaster/CFXR Assets/Editor/CFXR Editor.asmdef)
Assembly with name 'CFXREditor' already exists (Assets/Imported Assets/JMO Assets/Cartoon FX Remaster/CFXR Assets/Editor/CFXR Editor.asmdef)
Begin MonoManager ReloadAssembly
- Loaded All Assemblies, in  0.737 seconds
Refreshing native plugins compatible for Editor in 6.40 ms, found 2 plugins.
Native extension for WindowsStandalone target not found
Assembly with name 'CFXRRuntime' already exists (Assets/JMO Assets/Cartoon FX Remaster/CFXR Assets/Scripts/CFXR Runtime.asmdef)
Assembly with name 'CFXRRuntime' already exists (Assets/Imported Assets/JMO Assets/Cartoon FX Remaster/CFXR Assets/Scripts/CFXR Runtime.asmdef)
Assembly with name 'CFXREditor' already exists (Assets/JMO Assets/Cartoon FX Remaster/CFXR Assets/Editor/CFXR Editor.asmdef)
Assembly with name 'CFXREditor' already exists (Assets/Imported Assets/JMO Assets/Cartoon FX Remaster/CFXR Assets/Editor/CFXR Editor.asmdef)
[Package Manager] Server::EnsureServerProcessIsRunning -- launch failed, reason: Unity was launched with the -noUpm command-line argument
[Package Manager] UpmClient::Send -- Unable to send message (not connected to UPM process).
[Package Manager] Cannot connect to Unity Package Manager local server
Mono: successfully reloaded assembly
- Finished resetting the current domain, in  1.860 seconds
Domain Reload Profiling: 2591ms
	BeginReloadAssembly (216ms)
		ExecutionOrderSort (0ms)
		DisableScriptedObjects (7ms)
		BackupInstance (0ms)
		ReleaseScriptingObjects (0ms)
		CreateAndSetChildDomain (51ms)
	RebuildCommonClasses (42ms)
	RebuildNativeTypeToScriptingClass (11ms)
	initialDomainReloadingComplete (34ms)
	LoadAllAssembliesAndSetupDomain (427ms)
		LoadAssemblies (446ms)
		RebuildTransferFunctionScriptingTraits (0ms)
		AnalyzeDomain (94ms)
			TypeCache.Refresh (17ms)
				TypeCache.ScanAssembly (3ms)
			ScanForSourceGeneratedMonoScriptInfo (59ms)
			ResolveRequiredComponents (15ms)
	FinalizeReload (1861ms)
		ReleaseScriptCaches (0ms)
		RebuildScriptCaches (0ms)
		SetupLoadedEditorAssemblies (958ms)
			LogAssemblyErrors (0ms)
			InitializePlatformSupportModulesInManaged (8ms)
			SetLoadedEditorAssemblies (7ms)
			RefreshPlugins (0ms)
			BeforeProcessingInitializeOnLoad (228ms)
			ProcessInitializeOnLoadAttributes (616ms)
			ProcessInitializeOnLoadMethodAttributes (92ms)
			AfterProcessingInitializeOnLoad (7ms)
			EditorAssembliesLoaded (0ms)
		ExecutionOrderSort2 (0ms)
		AwakeInstancesAfterBackupRestoration (12ms)
OnLevelWasLoaded was found on LevelManager
This message has been deprecated and will be removed in a later version of Unity.
Add a delegate to SceneManager.sceneLoaded instead to get notifications after scene loading has completed
Refreshing native plugins compatible for Editor in 4.66 ms, found 2 plugins.
Preloading 0 native plugins for Editor in 0.00 ms.
Unloading 4153 Unused Serialized files (Serialized files now loaded: 0)
Unloading 52 unused Assets / (1.7 MB). Loaded Objects now: 5078.
Memory consumption went from 339.6 MB to 337.9 MB.
Total: 16.890200 ms (FindLiveObjects: 0.544200 ms CreateObjectMapping: 0.422100 ms MarkObjects: 14.655100 ms  DeleteObjects: 1.266800 ms)

Prepare: number of updated asset objects reloaded= 0
AssetImportParameters requested are different than current active one (requested -> active):
  custom:container-demuxer-ogg: 62fdf1f143b41e24485cea50d1cbac27 -> 
  custom:video-decoder-ogg-theora: a1e56fd34408186e4bbccfd4996cb3dc -> 
  custom:framework-win-MediaFoundation: 216162199b28c13a410421893ffa2e32 -> 
  custom:CustomObjectIndexerAttribute: d54d2f2da18e7612c182cf67624b6b12 -> 
  custom:container-demuxer-webm: 4f35f7cbe854078d1ac9338744f61a02 -> 
  custom:container-muxer-webm: aa71ff27fc2769a1b78a27578f13a17b -> 
  custom:video-decoder-webm-vp8: 9c59270c3fd7afecdb556c50c9e8de78 -> 
  custom:SearchIndexIgnoredProperties: e643bd26f0fe6173181afceb89e7c659 -> 
  custom:AudioImporter_EditorPlatform: d09bf68614088b80899f8185d706f6e7 -> 
  custom:video-encoder-webm-vp8: eb34c28f22e8b96e1ab97ce403110664 -> 
  custom:audio-decoder-ogg-vorbis: bf7c407c2cedff20999df2af8eb42d56 -> 
  custom:scripting/monoscript/fileName/CFXR_UpgradeCheck.cs: ecbc382cf7f886ae36ac82906454b189 -> 
  custom:audio-encoder-webm-vorbis: bf7c407c2cedff20999df2af8eb42d56 -> 
========================================================================
Received Prepare
Assembly with name 'CFXRRuntime' already exists (Assets/JMO Assets/Cartoon FX Remaster/CFXR Assets/Scripts/CFXR Runtime.asmdef)
Assembly with name 'CFXRRuntime' already exists (Assets/Imported Assets/JMO Assets/Cartoon FX Remaster/CFXR Assets/Scripts/CFXR Runtime.asmdef)
Assembly with name 'CFXREditor' already exists (Assets/JMO Assets/Cartoon FX Remaster/CFXR Assets/Editor/CFXR Editor.asmdef)
Assembly with name 'CFXREditor' already exists (Assets/Imported Assets/JMO Assets/Cartoon FX Remaster/CFXR Assets/Editor/CFXR Editor.asmdef)
Assembly with name 'CFXRRuntime' already exists (Assets/JMO Assets/Cartoon FX Remaster/CFXR Assets/Scripts/CFXR Runtime.asmdef)
Assembly with name 'CFXRRuntime' already exists (Assets/Imported Assets/JMO Assets/Cartoon FX Remaster/CFXR Assets/Scripts/CFXR Runtime.asmdef)
Assembly with name 'CFXREditor' already exists (Assets/JMO Assets/Cartoon FX Remaster/CFXR Assets/Editor/CFXR Editor.asmdef)
Assembly with name 'CFXREditor' already exists (Assets/Imported Assets/JMO Assets/Cartoon FX Remaster/CFXR Assets/Editor/CFXR Editor.asmdef)
Begin MonoManager ReloadAssembly
- Loaded All Assemblies, in  0.775 seconds
Refreshing native plugins compatible for Editor in 3.49 ms, found 2 plugins.
Native extension for WindowsStandalone target not found
Assembly with name 'CFXRRuntime' already exists (Assets/JMO Assets/Cartoon FX Remaster/CFXR Assets/Scripts/CFXR Runtime.asmdef)
Assembly with name 'CFXRRuntime' already exists (Assets/Imported Assets/JMO Assets/Cartoon FX Remaster/CFXR Assets/Scripts/CFXR Runtime.asmdef)
Assembly with name 'CFXREditor' already exists (Assets/JMO Assets/Cartoon FX Remaster/CFXR Assets/Editor/CFXR Editor.asmdef)
Assembly with name 'CFXREditor' already exists (Assets/Imported Assets/JMO Assets/Cartoon FX Remaster/CFXR Assets/Editor/CFXR Editor.asmdef)
[Package Manager] Server::EnsureServerProcessIsRunning -- launch failed, reason: Unity was launched with the -noUpm command-line argument
[Package Manager] UpmClient::Send -- Unable to send message (not connected to UPM process).
[Package Manager] Cannot connect to Unity Package Manager local server
Mono: successfully reloaded assembly
- Finished resetting the current domain, in  1.876 seconds
Domain Reload Profiling: 2645ms
	BeginReloadAssembly (235ms)
		ExecutionOrderSort (0ms)
		DisableScriptedObjects (9ms)
		BackupInstance (0ms)
		ReleaseScriptingObjects (0ms)
		CreateAndSetChildDomain (82ms)
	RebuildCommonClasses (60ms)
	RebuildNativeTypeToScriptingClass (34ms)
	initialDomainReloadingComplete (37ms)
	LoadAllAssembliesAndSetupDomain (401ms)
		LoadAssemblies (425ms)
		RebuildTransferFunctionScriptingTraits (0ms)
		AnalyzeDomain (73ms)
			TypeCache.Refresh (14ms)
				TypeCache.ScanAssembly (2ms)
			ScanForSourceGeneratedMonoScriptInfo (27ms)
			ResolveRequiredComponents (28ms)
	FinalizeReload (1876ms)
		ReleaseScriptCaches (0ms)
		RebuildScriptCaches (0ms)
		SetupLoadedEditorAssemblies (1001ms)
			LogAssemblyErrors (0ms)
			InitializePlatformSupportModulesInManaged (12ms)
			SetLoadedEditorAssemblies (7ms)
			RefreshPlugins (0ms)
			BeforeProcessingInitializeOnLoad (234ms)
			ProcessInitializeOnLoadAttributes (634ms)
			ProcessInitializeOnLoadMethodAttributes (102ms)
			AfterProcessingInitializeOnLoad (11ms)
			EditorAssembliesLoaded (1ms)
		ExecutionOrderSort2 (0ms)
		AwakeInstancesAfterBackupRestoration (27ms)
OnLevelWasLoaded was found on LevelManager
This message has been deprecated and will be removed in a later version of Unity.
Add a delegate to SceneManager.sceneLoaded instead to get notifications after scene loading has completed
Refreshing native plugins compatible for Editor in 4.33 ms, found 2 plugins.
Preloading 0 native plugins for Editor in 0.00 ms.
Unloading 4153 Unused Serialized files (Serialized files now loaded: 0)
Unloading 52 unused Assets / (1.7 MB). Loaded Objects now: 5094.
Memory consumption went from 341.5 MB to 339.9 MB.
Total: 5.659900 ms (FindLiveObjects: 0.474600 ms CreateObjectMapping: 0.280700 ms MarkObjects: 4.085100 ms  DeleteObjects: 0.818100 ms)

Prepare: number of updated asset objects reloaded= 0
AssetImportParameters requested are different than current active one (requested -> active):
  custom:container-demuxer-ogg: 62fdf1f143b41e24485cea50d1cbac27 -> 
  custom:video-decoder-ogg-theora: a1e56fd34408186e4bbccfd4996cb3dc -> 
  custom:framework-win-MediaFoundation: 216162199b28c13a410421893ffa2e32 -> 
  custom:CustomObjectIndexerAttribute: d54d2f2da18e7612c182cf67624b6b12 -> 
  custom:container-demuxer-webm: 4f35f7cbe854078d1ac9338744f61a02 -> 
  custom:container-muxer-webm: aa71ff27fc2769a1b78a27578f13a17b -> 
  custom:video-decoder-webm-vp8: 9c59270c3fd7afecdb556c50c9e8de78 -> 
  custom:SearchIndexIgnoredProperties: e643bd26f0fe6173181afceb89e7c659 -> 
  custom:AudioImporter_EditorPlatform: d09bf68614088b80899f8185d706f6e7 -> 
  custom:video-encoder-webm-vp8: eb34c28f22e8b96e1ab97ce403110664 -> 
  custom:audio-decoder-ogg-vorbis: bf7c407c2cedff20999df2af8eb42d56 -> 
  custom:scripting/monoscript/fileName/CFXR_UpgradeCheck.cs: ecbc382cf7f886ae36ac82906454b189 -> 
  custom:audio-encoder-webm-vorbis: bf7c407c2cedff20999df2af8eb42d56 -> 
========================================================================
Received Prepare
Assembly with name 'CFXRRuntime' already exists (Assets/JMO Assets/Cartoon FX Remaster/CFXR Assets/Scripts/CFXR Runtime.asmdef)
Assembly with name 'CFXRRuntime' already exists (Assets/Imported Assets/JMO Assets/Cartoon FX Remaster/CFXR Assets/Scripts/CFXR Runtime.asmdef)
Assembly with name 'CFXREditor' already exists (Assets/JMO Assets/Cartoon FX Remaster/CFXR Assets/Editor/CFXR Editor.asmdef)
Assembly with name 'CFXREditor' already exists (Assets/Imported Assets/JMO Assets/Cartoon FX Remaster/CFXR Assets/Editor/CFXR Editor.asmdef)
Assembly with name 'CFXRRuntime' already exists (Assets/JMO Assets/Cartoon FX Remaster/CFXR Assets/Scripts/CFXR Runtime.asmdef)
Assembly with name 'CFXRRuntime' already exists (Assets/Imported Assets/JMO Assets/Cartoon FX Remaster/CFXR Assets/Scripts/CFXR Runtime.asmdef)
Assembly with name 'CFXREditor' already exists (Assets/JMO Assets/Cartoon FX Remaster/CFXR Assets/Editor/CFXR Editor.asmdef)
Assembly with name 'CFXREditor' already exists (Assets/Imported Assets/JMO Assets/Cartoon FX Remaster/CFXR Assets/Editor/CFXR Editor.asmdef)
Begin MonoManager ReloadAssembly
- Loaded All Assemblies, in  0.655 seconds
Refreshing native plugins compatible for Editor in 3.28 ms, found 2 plugins.
Native extension for WindowsStandalone target not found
Assembly with name 'CFXRRuntime' already exists (Assets/JMO Assets/Cartoon FX Remaster/CFXR Assets/Scripts/CFXR Runtime.asmdef)
Assembly with name 'CFXRRuntime' already exists (Assets/Imported Assets/JMO Assets/Cartoon FX Remaster/CFXR Assets/Scripts/CFXR Runtime.asmdef)
Assembly with name 'CFXREditor' already exists (Assets/JMO Assets/Cartoon FX Remaster/CFXR Assets/Editor/CFXR Editor.asmdef)
Assembly with name 'CFXREditor' already exists (Assets/Imported Assets/JMO Assets/Cartoon FX Remaster/CFXR Assets/Editor/CFXR Editor.asmdef)
[Package Manager] Server::EnsureServerProcessIsRunning -- launch failed, reason: Unity was launched with the -noUpm command-line argument
[Package Manager] UpmClient::Send -- Unable to send message (not connected to UPM process).
[Package Manager] Cannot connect to Unity Package Manager local server
Mono: successfully reloaded assembly
- Finished resetting the current domain, in  1.838 seconds
Domain Reload Profiling: 2488ms
	BeginReloadAssembly (183ms)
		ExecutionOrderSort (0ms)
		DisableScriptedObjects (6ms)
		BackupInstance (0ms)
		ReleaseScriptingObjects (0ms)
		CreateAndSetChildDomain (51ms)
	RebuildCommonClasses (34ms)
	RebuildNativeTypeToScriptingClass (12ms)
	initialDomainReloadingComplete (30ms)
	LoadAllAssembliesAndSetupDomain (391ms)
		LoadAssemblies (406ms)
		RebuildTransferFunctionScriptingTraits (0ms)
		AnalyzeDomain (71ms)
			TypeCache.Refresh (11ms)
				TypeCache.ScanAssembly (1ms)
			ScanForSourceGeneratedMonoScriptInfo (47ms)
			ResolveRequiredComponents (11ms)
	FinalizeReload (1838ms)
		ReleaseScriptCaches (0ms)
		RebuildScriptCaches (0ms)
		SetupLoadedEditorAssemblies (974ms)
			LogAssemblyErrors (0ms)
			InitializePlatformSupportModulesInManaged (9ms)
			SetLoadedEditorAssemblies (8ms)
			RefreshPlugins (0ms)
			BeforeProcessingInitializeOnLoad (237ms)
			ProcessInitializeOnLoadAttributes (590ms)
			ProcessInitializeOnLoadMethodAttributes (120ms)
			AfterProcessingInitializeOnLoad (9ms)
			EditorAssembliesLoaded (0ms)
		ExecutionOrderSort2 (0ms)
		AwakeInstancesAfterBackupRestoration (19ms)
OnLevelWasLoaded was found on LevelManager
This message has been deprecated and will be removed in a later version of Unity.
Add a delegate to SceneManager.sceneLoaded instead to get notifications after scene loading has completed
Refreshing native plugins compatible for Editor in 5.95 ms, found 2 plugins.
Preloading 0 native plugins for Editor in 0.00 ms.
Unloading 4153 Unused Serialized files (Serialized files now loaded: 0)
Unloading 52 unused Assets / (1.7 MB). Loaded Objects now: 5110.
Memory consumption went from 343.4 MB to 341.8 MB.
Total: 11.730400 ms (FindLiveObjects: 1.782500 ms CreateObjectMapping: 0.511800 ms MarkObjects: 8.472100 ms  DeleteObjects: 0.962500 ms)

Prepare: number of updated asset objects reloaded= 0
AssetImportParameters requested are different than current active one (requested -> active):
  custom:container-demuxer-ogg: 62fdf1f143b41e24485cea50d1cbac27 -> 
  custom:video-decoder-ogg-theora: a1e56fd34408186e4bbccfd4996cb3dc -> 
  custom:framework-win-MediaFoundation: 216162199b28c13a410421893ffa2e32 -> 
  custom:CustomObjectIndexerAttribute: d54d2f2da18e7612c182cf67624b6b12 -> 
  custom:container-demuxer-webm: 4f35f7cbe854078d1ac9338744f61a02 -> 
  custom:container-muxer-webm: aa71ff27fc2769a1b78a27578f13a17b -> 
  custom:video-decoder-webm-vp8: 9c59270c3fd7afecdb556c50c9e8de78 -> 
  custom:SearchIndexIgnoredProperties: e643bd26f0fe6173181afceb89e7c659 -> 
  custom:AudioImporter_EditorPlatform: d09bf68614088b80899f8185d706f6e7 -> 
  custom:video-encoder-webm-vp8: eb34c28f22e8b96e1ab97ce403110664 -> 
  custom:audio-decoder-ogg-vorbis: bf7c407c2cedff20999df2af8eb42d56 -> 
  custom:scripting/monoscript/fileName/CFXR_UpgradeCheck.cs: ecbc382cf7f886ae36ac82906454b189 -> 
  custom:audio-encoder-webm-vorbis: bf7c407c2cedff20999df2af8eb42d56 -> 
========================================================================
Received Prepare
Assembly with name 'CFXRRuntime' already exists (Assets/JMO Assets/Cartoon FX Remaster/CFXR Assets/Scripts/CFXR Runtime.asmdef)
Assembly with name 'CFXRRuntime' already exists (Assets/Imported Assets/JMO Assets/Cartoon FX Remaster/CFXR Assets/Scripts/CFXR Runtime.asmdef)
Assembly with name 'CFXREditor' already exists (Assets/JMO Assets/Cartoon FX Remaster/CFXR Assets/Editor/CFXR Editor.asmdef)
Assembly with name 'CFXREditor' already exists (Assets/Imported Assets/JMO Assets/Cartoon FX Remaster/CFXR Assets/Editor/CFXR Editor.asmdef)
Assembly with name 'CFXRRuntime' already exists (Assets/JMO Assets/Cartoon FX Remaster/CFXR Assets/Scripts/CFXR Runtime.asmdef)
Assembly with name 'CFXRRuntime' already exists (Assets/Imported Assets/JMO Assets/Cartoon FX Remaster/CFXR Assets/Scripts/CFXR Runtime.asmdef)
Assembly with name 'CFXREditor' already exists (Assets/JMO Assets/Cartoon FX Remaster/CFXR Assets/Editor/CFXR Editor.asmdef)
Assembly with name 'CFXREditor' already exists (Assets/Imported Assets/JMO Assets/Cartoon FX Remaster/CFXR Assets/Editor/CFXR Editor.asmdef)
Begin MonoManager ReloadAssembly
- Loaded All Assemblies, in  0.470 seconds
Refreshing native plugins compatible for Editor in 3.13 ms, found 2 plugins.
Native extension for WindowsStandalone target not found
Assembly with name 'CFXRRuntime' already exists (Assets/JMO Assets/Cartoon FX Remaster/CFXR Assets/Scripts/CFXR Runtime.asmdef)
Assembly with name 'CFXRRuntime' already exists (Assets/Imported Assets/JMO Assets/Cartoon FX Remaster/CFXR Assets/Scripts/CFXR Runtime.asmdef)
Assembly with name 'CFXREditor' already exists (Assets/JMO Assets/Cartoon FX Remaster/CFXR Assets/Editor/CFXR Editor.asmdef)
Assembly with name 'CFXREditor' already exists (Assets/Imported Assets/JMO Assets/Cartoon FX Remaster/CFXR Assets/Editor/CFXR Editor.asmdef)
[Package Manager] Server::EnsureServerProcessIsRunning -- launch failed, reason: Unity was launched with the -noUpm command-line argument
[Package Manager] UpmClient::Send -- Unable to send message (not connected to UPM process).
[Package Manager] Cannot connect to Unity Package Manager local server
Mono: successfully reloaded assembly
- Finished resetting the current domain, in  1.244 seconds
Domain Reload Profiling: 1711ms
	BeginReloadAssembly (148ms)
		ExecutionOrderSort (0ms)
		DisableScriptedObjects (6ms)
		BackupInstance (0ms)
		ReleaseScriptingObjects (0ms)
		CreateAndSetChildDomain (34ms)
	RebuildCommonClasses (31ms)
	RebuildNativeTypeToScriptingClass (16ms)
	initialDomainReloadingComplete (32ms)
	LoadAllAssembliesAndSetupDomain (239ms)
		LoadAssemblies (294ms)
		RebuildTransferFunctionScriptingTraits (0ms)
		AnalyzeDomain (18ms)
			TypeCache.Refresh (5ms)
				TypeCache.ScanAssembly (0ms)
			ScanForSourceGeneratedMonoScriptInfo (0ms)
			ResolveRequiredComponents (11ms)
	FinalizeReload (1245ms)
		ReleaseScriptCaches (0ms)
		RebuildScriptCaches (0ms)
		SetupLoadedEditorAssemblies (648ms)
			LogAssemblyErrors (0ms)
			InitializePlatformSupportModulesInManaged (7ms)
			SetLoadedEditorAssemblies (5ms)
			RefreshPlugins (0ms)
			BeforeProcessingInitializeOnLoad (151ms)
			ProcessInitializeOnLoadAttributes (404ms)
			ProcessInitializeOnLoadMethodAttributes (72ms)
			AfterProcessingInitializeOnLoad (8ms)
			EditorAssembliesLoaded (0ms)
		ExecutionOrderSort2 (0ms)
		AwakeInstancesAfterBackupRestoration (18ms)
OnLevelWasLoaded was found on LevelManager
This message has been deprecated and will be removed in a later version of Unity.
Add a delegate to SceneManager.sceneLoaded instead to get notifications after scene loading has completed
Refreshing native plugins compatible for Editor in 4.90 ms, found 2 plugins.
Preloading 0 native plugins for Editor in 0.00 ms.
Unloading 4153 Unused Serialized files (Serialized files now loaded: 0)
Unloading 52 unused Assets / (1.7 MB). Loaded Objects now: 5126.
Memory consumption went from 345.4 MB to 343.7 MB.
Total: 6.382800 ms (FindLiveObjects: 0.518400 ms CreateObjectMapping: 0.419000 ms MarkObjects: 4.753800 ms  DeleteObjects: 0.690400 ms)

Prepare: number of updated asset objects reloaded= 0
AssetImportParameters requested are different than current active one (requested -> active):
  custom:container-demuxer-ogg: 62fdf1f143b41e24485cea50d1cbac27 -> 
  custom:video-decoder-ogg-theora: a1e56fd34408186e4bbccfd4996cb3dc -> 
  custom:framework-win-MediaFoundation: 216162199b28c13a410421893ffa2e32 -> 
  custom:CustomObjectIndexerAttribute: d54d2f2da18e7612c182cf67624b6b12 -> 
  custom:container-demuxer-webm: 4f35f7cbe854078d1ac9338744f61a02 -> 
  custom:container-muxer-webm: aa71ff27fc2769a1b78a27578f13a17b -> 
  custom:video-decoder-webm-vp8: 9c59270c3fd7afecdb556c50c9e8de78 -> 
  custom:SearchIndexIgnoredProperties: e643bd26f0fe6173181afceb89e7c659 -> 
  custom:AudioImporter_EditorPlatform: d09bf68614088b80899f8185d706f6e7 -> 
  custom:video-encoder-webm-vp8: eb34c28f22e8b96e1ab97ce403110664 -> 
  custom:audio-decoder-ogg-vorbis: bf7c407c2cedff20999df2af8eb42d56 -> 
  custom:scripting/monoscript/fileName/CFXR_UpgradeCheck.cs: ecbc382cf7f886ae36ac82906454b189 -> 
  custom:audio-encoder-webm-vorbis: bf7c407c2cedff20999df2af8eb42d56 -> 
========================================================================
Received Prepare
Assembly with name 'CFXRRuntime' already exists (Assets/JMO Assets/Cartoon FX Remaster/CFXR Assets/Scripts/CFXR Runtime.asmdef)
Assembly with name 'CFXRRuntime' already exists (Assets/Imported Assets/JMO Assets/Cartoon FX Remaster/CFXR Assets/Scripts/CFXR Runtime.asmdef)
Assembly with name 'CFXREditor' already exists (Assets/JMO Assets/Cartoon FX Remaster/CFXR Assets/Editor/CFXR Editor.asmdef)
Assembly with name 'CFXREditor' already exists (Assets/Imported Assets/JMO Assets/Cartoon FX Remaster/CFXR Assets/Editor/CFXR Editor.asmdef)
Assembly with name 'CFXRRuntime' already exists (Assets/JMO Assets/Cartoon FX Remaster/CFXR Assets/Scripts/CFXR Runtime.asmdef)
Assembly with name 'CFXRRuntime' already exists (Assets/Imported Assets/JMO Assets/Cartoon FX Remaster/CFXR Assets/Scripts/CFXR Runtime.asmdef)
Assembly with name 'CFXREditor' already exists (Assets/JMO Assets/Cartoon FX Remaster/CFXR Assets/Editor/CFXR Editor.asmdef)
Assembly with name 'CFXREditor' already exists (Assets/Imported Assets/JMO Assets/Cartoon FX Remaster/CFXR Assets/Editor/CFXR Editor.asmdef)
Begin MonoManager ReloadAssembly
- Loaded All Assemblies, in  0.753 seconds
Refreshing native plugins compatible for Editor in 4.02 ms, found 2 plugins.
Native extension for WindowsStandalone target not found
Assembly with name 'CFXRRuntime' already exists (Assets/JMO Assets/Cartoon FX Remaster/CFXR Assets/Scripts/CFXR Runtime.asmdef)
Assembly with name 'CFXRRuntime' already exists (Assets/Imported Assets/JMO Assets/Cartoon FX Remaster/CFXR Assets/Scripts/CFXR Runtime.asmdef)
Assembly with name 'CFXREditor' already exists (Assets/JMO Assets/Cartoon FX Remaster/CFXR Assets/Editor/CFXR Editor.asmdef)
Assembly with name 'CFXREditor' already exists (Assets/Imported Assets/JMO Assets/Cartoon FX Remaster/CFXR Assets/Editor/CFXR Editor.asmdef)
[Package Manager] Server::EnsureServerProcessIsRunning -- launch failed, reason: Unity was launched with the -noUpm command-line argument
[Package Manager] UpmClient::Send -- Unable to send message (not connected to UPM process).
[Package Manager] Cannot connect to Unity Package Manager local server
Mono: successfully reloaded assembly
- Finished resetting the current domain, in  2.053 seconds
Domain Reload Profiling: 2798ms
	BeginReloadAssembly (228ms)
		ExecutionOrderSort (0ms)
		DisableScriptedObjects (10ms)
		BackupInstance (0ms)
		ReleaseScriptingObjects (0ms)
		CreateAndSetChildDomain (54ms)
	RebuildCommonClasses (63ms)
	RebuildNativeTypeToScriptingClass (16ms)
	initialDomainReloadingComplete (51ms)
	LoadAllAssembliesAndSetupDomain (385ms)
		LoadAssemblies (432ms)
		RebuildTransferFunctionScriptingTraits (0ms)
		AnalyzeDomain (67ms)
			TypeCache.Refresh (12ms)
				TypeCache.ScanAssembly (2ms)
			ScanForSourceGeneratedMonoScriptInfo (38ms)
			ResolveRequiredComponents (15ms)
	FinalizeReload (2054ms)
		ReleaseScriptCaches (0ms)
		RebuildScriptCaches (0ms)
		SetupLoadedEditorAssemblies (1126ms)
			LogAssemblyErrors (0ms)
			InitializePlatformSupportModulesInManaged (12ms)
			SetLoadedEditorAssemblies (9ms)
			RefreshPlugins (0ms)
			BeforeProcessingInitializeOnLoad (269ms)
			ProcessInitializeOnLoadAttributes (722ms)
			ProcessInitializeOnLoadMethodAttributes (101ms)
			AfterProcessingInitializeOnLoad (13ms)
			EditorAssembliesLoaded (0ms)
		ExecutionOrderSort2 (0ms)
		AwakeInstancesAfterBackupRestoration (23ms)
OnLevelWasLoaded was found on LevelManager
This message has been deprecated and will be removed in a later version of Unity.
Add a delegate to SceneManager.sceneLoaded instead to get notifications after scene loading has completed
Refreshing native plugins compatible for Editor in 5.05 ms, found 2 plugins.
Preloading 0 native plugins for Editor in 0.00 ms.
Unloading 4153 Unused Serialized files (Serialized files now loaded: 0)
Unloading 52 unused Assets / (1.7 MB). Loaded Objects now: 5142.
Memory consumption went from 347.3 MB to 345.6 MB.
Total: 5.712500 ms (FindLiveObjects: 0.464200 ms CreateObjectMapping: 0.341500 ms MarkObjects: 4.118100 ms  DeleteObjects: 0.787300 ms)

Prepare: number of updated asset objects reloaded= 0
AssetImportParameters requested are different than current active one (requested -> active):
  custom:container-demuxer-ogg: 62fdf1f143b41e24485cea50d1cbac27 -> 
  custom:video-decoder-ogg-theora: a1e56fd34408186e4bbccfd4996cb3dc -> 
  custom:framework-win-MediaFoundation: 216162199b28c13a410421893ffa2e32 -> 
  custom:CustomObjectIndexerAttribute: d54d2f2da18e7612c182cf67624b6b12 -> 
  custom:container-demuxer-webm: 4f35f7cbe854078d1ac9338744f61a02 -> 
  custom:container-muxer-webm: aa71ff27fc2769a1b78a27578f13a17b -> 
  custom:video-decoder-webm-vp8: 9c59270c3fd7afecdb556c50c9e8de78 -> 
  custom:SearchIndexIgnoredProperties: e643bd26f0fe6173181afceb89e7c659 -> 
  custom:AudioImporter_EditorPlatform: d09bf68614088b80899f8185d706f6e7 -> 
  custom:video-encoder-webm-vp8: eb34c28f22e8b96e1ab97ce403110664 -> 
  custom:audio-decoder-ogg-vorbis: bf7c407c2cedff20999df2af8eb42d56 -> 
  custom:scripting/monoscript/fileName/CFXR_UpgradeCheck.cs: ecbc382cf7f886ae36ac82906454b189 -> 
  custom:audio-encoder-webm-vorbis: bf7c407c2cedff20999df2af8eb42d56 -> 
========================================================================
Received Prepare
Assembly with name 'CFXRRuntime' already exists (Assets/JMO Assets/Cartoon FX Remaster/CFXR Assets/Scripts/CFXR Runtime.asmdef)
Assembly with name 'CFXRRuntime' already exists (Assets/Imported Assets/JMO Assets/Cartoon FX Remaster/CFXR Assets/Scripts/CFXR Runtime.asmdef)
Assembly with name 'CFXREditor' already exists (Assets/JMO Assets/Cartoon FX Remaster/CFXR Assets/Editor/CFXR Editor.asmdef)
Assembly with name 'CFXREditor' already exists (Assets/Imported Assets/JMO Assets/Cartoon FX Remaster/CFXR Assets/Editor/CFXR Editor.asmdef)
Assembly with name 'CFXRRuntime' already exists (Assets/JMO Assets/Cartoon FX Remaster/CFXR Assets/Scripts/CFXR Runtime.asmdef)
Assembly with name 'CFXRRuntime' already exists (Assets/Imported Assets/JMO Assets/Cartoon FX Remaster/CFXR Assets/Scripts/CFXR Runtime.asmdef)
Assembly with name 'CFXREditor' already exists (Assets/JMO Assets/Cartoon FX Remaster/CFXR Assets/Editor/CFXR Editor.asmdef)
Assembly with name 'CFXREditor' already exists (Assets/Imported Assets/JMO Assets/Cartoon FX Remaster/CFXR Assets/Editor/CFXR Editor.asmdef)
Begin MonoManager ReloadAssembly
- Loaded All Assemblies, in  0.590 seconds
Refreshing native plugins compatible for Editor in 3.02 ms, found 2 plugins.
Native extension for WindowsStandalone target not found
Assembly with name 'CFXRRuntime' already exists (Assets/JMO Assets/Cartoon FX Remaster/CFXR Assets/Scripts/CFXR Runtime.asmdef)
Assembly with name 'CFXRRuntime' already exists (Assets/Imported Assets/JMO Assets/Cartoon FX Remaster/CFXR Assets/Scripts/CFXR Runtime.asmdef)
Assembly with name 'CFXREditor' already exists (Assets/JMO Assets/Cartoon FX Remaster/CFXR Assets/Editor/CFXR Editor.asmdef)
Assembly with name 'CFXREditor' already exists (Assets/Imported Assets/JMO Assets/Cartoon FX Remaster/CFXR Assets/Editor/CFXR Editor.asmdef)
[Package Manager] Server::EnsureServerProcessIsRunning -- launch failed, reason: Unity was launched with the -noUpm command-line argument
[Package Manager] UpmClient::Send -- Unable to send message (not connected to UPM process).
[Package Manager] Cannot connect to Unity Package Manager local server
Mono: successfully reloaded assembly
- Finished resetting the current domain, in  1.246 seconds
Domain Reload Profiling: 1833ms
	BeginReloadAssembly (221ms)
		ExecutionOrderSort (0ms)
		DisableScriptedObjects (8ms)
		BackupInstance (0ms)
		ReleaseScriptingObjects (0ms)
		CreateAndSetChildDomain (61ms)
	RebuildCommonClasses (54ms)
	RebuildNativeTypeToScriptingClass (41ms)
	initialDomainReloadingComplete (42ms)
	LoadAllAssembliesAndSetupDomain (228ms)
		LoadAssemblies (302ms)
		RebuildTransferFunctionScriptingTraits (0ms)
		AnalyzeDomain (17ms)
			TypeCache.Refresh (6ms)
				TypeCache.ScanAssembly (0ms)
			ScanForSourceGeneratedMonoScriptInfo (0ms)
			ResolveRequiredComponents (9ms)
	FinalizeReload (1247ms)
		ReleaseScriptCaches (0ms)
		RebuildScriptCaches (0ms)
		SetupLoadedEditorAssemblies (643ms)
			LogAssemblyErrors (0ms)
			InitializePlatformSupportModulesInManaged (5ms)
			SetLoadedEditorAssemblies (7ms)
			RefreshPlugins (0ms)
			BeforeProcessingInitializeOnLoad (154ms)
			ProcessInitializeOnLoadAttributes (397ms)
			ProcessInitializeOnLoadMethodAttributes (74ms)
			AfterProcessingInitializeOnLoad (7ms)
			EditorAssembliesLoaded (0ms)
		ExecutionOrderSort2 (0ms)
		AwakeInstancesAfterBackupRestoration (15ms)
OnLevelWasLoaded was found on LevelManager
This message has been deprecated and will be removed in a later version of Unity.
Add a delegate to SceneManager.sceneLoaded instead to get notifications after scene loading has completed
Refreshing native plugins compatible for Editor in 4.33 ms, found 2 plugins.
Preloading 0 native plugins for Editor in 0.00 ms.
Unloading 4153 Unused Serialized files (Serialized files now loaded: 0)
Unloading 52 unused Assets / (1.7 MB). Loaded Objects now: 5158.
Memory consumption went from 349.2 MB to 347.6 MB.
Total: 17.895600 ms (FindLiveObjects: 2.789300 ms CreateObjectMapping: 0.624600 ms MarkObjects: 13.265300 ms  DeleteObjects: 1.213200 ms)

Prepare: number of updated asset objects reloaded= 0
AssetImportParameters requested are different than current active one (requested -> active):
  custom:container-demuxer-ogg: 62fdf1f143b41e24485cea50d1cbac27 -> 
  custom:video-decoder-ogg-theora: a1e56fd34408186e4bbccfd4996cb3dc -> 
  custom:framework-win-MediaFoundation: 216162199b28c13a410421893ffa2e32 -> 
  custom:CustomObjectIndexerAttribute: d54d2f2da18e7612c182cf67624b6b12 -> 
  custom:container-demuxer-webm: 4f35f7cbe854078d1ac9338744f61a02 -> 
  custom:container-muxer-webm: aa71ff27fc2769a1b78a27578f13a17b -> 
  custom:video-decoder-webm-vp8: 9c59270c3fd7afecdb556c50c9e8de78 -> 
  custom:SearchIndexIgnoredProperties: e643bd26f0fe6173181afceb89e7c659 -> 
  custom:AudioImporter_EditorPlatform: d09bf68614088b80899f8185d706f6e7 -> 
  custom:video-encoder-webm-vp8: eb34c28f22e8b96e1ab97ce403110664 -> 
  custom:audio-decoder-ogg-vorbis: bf7c407c2cedff20999df2af8eb42d56 -> 
  custom:scripting/monoscript/fileName/CFXR_UpgradeCheck.cs: ecbc382cf7f886ae36ac82906454b189 -> 
  custom:audio-encoder-webm-vorbis: bf7c407c2cedff20999df2af8eb42d56 -> 
