Using pre-set license
Built from '2022.3/staging' branch; Version is '2022.3.14f1 (eff2de9070d8) revision 15725278'; Using compiler version '192829333'; Build Type 'Release'
OS: 'Windows 11  (10.0.26100) 64bit Core' Language: 'en' Physical Memory: 16239 MB
BatchMode: 1, IsHumanControllingUs: 0, StartBugReporterOnCrash: 0, Is64bit: 1, IsPro: 1

COMMAND LINE ARGUMENTS:
C:\Program Files\Unity\Hub\Editor\2022.3.14f1\Editor\Unity.exe
-adb2
-batchMode
-noUpm
-name
AssetImportWorker1
-projectPath
C:/Users/gamer/OneDrive/Documents/Github Repos/Project_Labyrinth/ProjectLabyrinth_V001
-logFile
Logs/AssetImportWorker1.log
-srvPort
51912
Successfully changed project path to: C:/Users/gamer/OneDrive/Documents/Github Repos/Project_Labyrinth/ProjectLabyrinth_V001
C:/Users/gamer/OneDrive/Documents/Github Repos/Project_Labyrinth/ProjectLabyrinth_V001
[UnityMemory] Configuration Parameters - Can be set up in boot.config
    "memorysetup-bucket-allocator-granularity=16"
    "memorysetup-bucket-allocator-bucket-count=8"
    "memorysetup-bucket-allocator-block-size=33554432"
    "memorysetup-bucket-allocator-block-count=8"
    "memorysetup-main-allocator-block-size=16777216"
    "memorysetup-thread-allocator-block-size=16777216"
    "memorysetup-gfx-main-allocator-block-size=16777216"
    "memorysetup-gfx-thread-allocator-block-size=16777216"
    "memorysetup-cache-allocator-block-size=4194304"
    "memorysetup-typetree-allocator-block-size=2097152"
    "memorysetup-profiler-bucket-allocator-granularity=16"
    "memorysetup-profiler-bucket-allocator-bucket-count=8"
    "memorysetup-profiler-bucket-allocator-block-size=33554432"
    "memorysetup-profiler-bucket-allocator-block-count=8"
    "memorysetup-profiler-allocator-block-size=16777216"
    "memorysetup-profiler-editor-allocator-block-size=1048576"
    "memorysetup-temp-allocator-size-main=16777216"
    "memorysetup-job-temp-allocator-block-size=2097152"
    "memorysetup-job-temp-allocator-block-size-background=1048576"
    "memorysetup-job-temp-allocator-reduction-small-platforms=262144"
    "memorysetup-allocator-temp-initial-block-size-main=262144"
    "memorysetup-allocator-temp-initial-block-size-worker=262144"
    "memorysetup-temp-allocator-size-background-worker=32768"
    "memorysetup-temp-allocator-size-job-worker=262144"
    "memorysetup-temp-allocator-size-preload-manager=33554432"
    "memorysetup-temp-allocator-size-nav-mesh-worker=65536"
    "memorysetup-temp-allocator-size-audio-worker=65536"
    "memorysetup-temp-allocator-size-cloud-worker=32768"
    "memorysetup-temp-allocator-size-gi-baking-worker=262144"
    "memorysetup-temp-allocator-size-gfx=262144"
Player connection [13976] Host "[IP] 192.168.4.22 [Port] 0 [Flags] 2 [Guid] 3540007702 [EditorId] 3540007702 [Version] 1048832 [Id] WindowsEditor(7,DESKTOP-KLK6U7O) [Debug] 1 [PackageName] WindowsEditor [ProjectName] Editor" joined multi-casting on [225.0.0.222:54997]...

Player connection [13976] Host "[IP] 192.168.4.22 [Port] 0 [Flags] 2 [Guid] 3540007702 [EditorId] 3540007702 [Version] 1048832 [Id] WindowsEditor(7,DESKTOP-KLK6U7O) [Debug] 1 [PackageName] WindowsEditor [ProjectName] Editor" joined alternative multi-casting on [225.0.0.222:34997]...

[Physics::Module] Initialized MultithreadedJobDispatcher with 11 workers.
Refreshing native plugins compatible for Editor in 9.45 ms, found 2 plugins.
Preloading 0 native plugins for Editor in 0.00 ms.
Initialize engine version: 2022.3.14f1 (eff2de9070d8)
[Subsystems] Discovering subsystems at path C:/Program Files/Unity/Hub/Editor/2022.3.14f1/Editor/Data/Resources/UnitySubsystems
[Subsystems] Discovering subsystems at path C:/Users/gamer/OneDrive/Documents/Github Repos/Project_Labyrinth/ProjectLabyrinth_V001/Assets
GfxDevice: creating device client; threaded=0; jobified=0
Direct3D:
    Version:  Direct3D 11.0 [level 11.1]
    Renderer: NVIDIA GeForce RTX 3060 Ti (ID=0x2486)
    Vendor:   NVIDIA
    VRAM:     8024 MB
    Driver:   32.0.15.7270
Initialize mono
Mono path[0] = 'C:/Program Files/Unity/Hub/Editor/2022.3.14f1/Editor/Data/Managed'
Mono path[1] = 'C:/Program Files/Unity/Hub/Editor/2022.3.14f1/Editor/Data/MonoBleedingEdge/lib/mono/unityjit-win32'
Mono config path = 'C:/Program Files/Unity/Hub/Editor/2022.3.14f1/Editor/Data/MonoBleedingEdge/etc'
Using monoOptions --debugger-agent=transport=dt_socket,embedding=1,server=y,suspend=n,address=127.0.0.1:56508
Begin MonoManager ReloadAssembly
Registering precompiled unity dll's ...
Register platform support module: C:/Program Files/Unity/Hub/Editor/2022.3.14f1/Editor/Data/PlaybackEngines/WindowsStandaloneSupport/UnityEditor.WindowsStandalone.Extensions.dll
Registered in 0.006564 seconds.
- Loaded All Assemblies, in  0.382 seconds
Native extension for WindowsStandalone target not found
Mono: successfully reloaded assembly
- Finished resetting the current domain, in  0.280 seconds
Domain Reload Profiling: 661ms
	BeginReloadAssembly (116ms)
		ExecutionOrderSort (0ms)
		DisableScriptedObjects (0ms)
		BackupInstance (0ms)
		ReleaseScriptingObjects (0ms)
		CreateAndSetChildDomain (1ms)
	RebuildCommonClasses (35ms)
	RebuildNativeTypeToScriptingClass (11ms)
	initialDomainReloadingComplete (59ms)
	LoadAllAssembliesAndSetupDomain (159ms)
		LoadAssemblies (112ms)
		RebuildTransferFunctionScriptingTraits (0ms)
		AnalyzeDomain (157ms)
			TypeCache.Refresh (156ms)
				TypeCache.ScanAssembly (143ms)
			ScanForSourceGeneratedMonoScriptInfo (0ms)
			ResolveRequiredComponents (0ms)
	FinalizeReload (280ms)
		ReleaseScriptCaches (0ms)
		RebuildScriptCaches (0ms)
		SetupLoadedEditorAssemblies (222ms)
			LogAssemblyErrors (0ms)
			InitializePlatformSupportModulesInManaged (9ms)
			SetLoadedEditorAssemblies (8ms)
			RefreshPlugins (0ms)
			BeforeProcessingInitializeOnLoad (2ms)
			ProcessInitializeOnLoadAttributes (155ms)
			ProcessInitializeOnLoadMethodAttributes (47ms)
			AfterProcessingInitializeOnLoad (0ms)
			EditorAssembliesLoaded (0ms)
		ExecutionOrderSort2 (0ms)
		AwakeInstancesAfterBackupRestoration (0ms)
========================================================================
Worker process is ready to serve import requests
Begin MonoManager ReloadAssembly
- Loaded All Assemblies, in  0.783 seconds
Refreshing native plugins compatible for Editor in 3.18 ms, found 2 plugins.
OnLevelWasLoaded was found on LevelManager
This message has been deprecated and will be removed in a later version of Unity.
Add a delegate to SceneManager.sceneLoaded instead to get notifications after scene loading has completed
Native extension for WindowsStandalone target not found
Package Manager log level set to [2]
[Package Manager] Server::EnsureServerProcessIsRunning -- launch failed, reason: Unity was launched with the -noUpm command-line argument
[Package Manager] UpmClient::Send -- Unable to send message (not connected to UPM process).
[Package Manager] Cannot connect to Unity Package Manager local server
Mono: successfully reloaded assembly
- Finished resetting the current domain, in  0.802 seconds
Domain Reload Profiling: 1581ms
	BeginReloadAssembly (157ms)
		ExecutionOrderSort (0ms)
		DisableScriptedObjects (6ms)
		BackupInstance (0ms)
		ReleaseScriptingObjects (0ms)
		CreateAndSetChildDomain (21ms)
	RebuildCommonClasses (37ms)
	RebuildNativeTypeToScriptingClass (13ms)
	initialDomainReloadingComplete (42ms)
	LoadAllAssembliesAndSetupDomain (529ms)
		LoadAssemblies (427ms)
		RebuildTransferFunctionScriptingTraits (0ms)
		AnalyzeDomain (195ms)
			TypeCache.Refresh (159ms)
				TypeCache.ScanAssembly (143ms)
			ScanForSourceGeneratedMonoScriptInfo (24ms)
			ResolveRequiredComponents (10ms)
	FinalizeReload (803ms)
		ReleaseScriptCaches (0ms)
		RebuildScriptCaches (0ms)
		SetupLoadedEditorAssemblies (628ms)
			LogAssemblyErrors (0ms)
			InitializePlatformSupportModulesInManaged (7ms)
			SetLoadedEditorAssemblies (6ms)
			RefreshPlugins (0ms)
			BeforeProcessingInitializeOnLoad (124ms)
			ProcessInitializeOnLoadAttributes (404ms)
			ProcessInitializeOnLoadMethodAttributes (80ms)
			AfterProcessingInitializeOnLoad (7ms)
			EditorAssembliesLoaded (0ms)
		ExecutionOrderSort2 (0ms)
		AwakeInstancesAfterBackupRestoration (7ms)
Launched and connected shader compiler UnityShaderCompiler.exe after 0.04 seconds
Refreshing native plugins compatible for Editor in 4.66 ms, found 2 plugins.
Preloading 0 native plugins for Editor in 0.00 ms.
Unloading 4292 Unused Serialized files (Serialized files now loaded: 0)
Unloading 95 unused Assets / (2.0 MB). Loaded Objects now: 4811.
Memory consumption went from 353.7 MB to 351.7 MB.
Total: 6.687900 ms (FindLiveObjects: 0.422500 ms CreateObjectMapping: 0.286700 ms MarkObjects: 5.086700 ms  DeleteObjects: 0.890500 ms)

AssetImportParameters requested are different than current active one (requested -> active):
  custom:container-demuxer-ogg: 62fdf1f143b41e24485cea50d1cbac27 -> 
  custom:video-decoder-ogg-theora: a1e56fd34408186e4bbccfd4996cb3dc -> 
  custom:framework-win-MediaFoundation: 216162199b28c13a410421893ffa2e32 -> 
  custom:CustomObjectIndexerAttribute: d54d2f2da18e7612c182cf67624b6b12 -> 
  custom:container-demuxer-webm: 4f35f7cbe854078d1ac9338744f61a02 -> 
  custom:container-muxer-webm: aa71ff27fc2769a1b78a27578f13a17b -> 
  custom:video-decoder-webm-vp8: 9c59270c3fd7afecdb556c50c9e8de78 -> 
  custom:SearchIndexIgnoredProperties: e643bd26f0fe6173181afceb89e7c659 -> 
  custom:AudioImporter_EditorPlatform: d09bf68614088b80899f8185d706f6e7 -> 
  custom:video-encoder-webm-vp8: eb34c28f22e8b96e1ab97ce403110664 -> 
  custom:audio-decoder-ogg-vorbis: bf7c407c2cedff20999df2af8eb42d56 -> 
  custom:audio-encoder-webm-vorbis: bf7c407c2cedff20999df2af8eb42d56 -> 
========================================================================
Received Import Request.
  Time since last request: 93347.368758 seconds.
  path: Assets/Scenes/NewCombatTest.unity
  artifactKey: Guid(71e660fb26c9c6d429de2fe33562c61d) Importer(815301076,1909f56bfc062723c751e8b465ee728b)
Start importing Assets/Scenes/NewCombatTest.unity using Guid(71e660fb26c9c6d429de2fe33562c61d) Importer(815301076,1909f56bfc062723c751e8b465ee728b)  -> (artifact id: 'a2097977e7af5e34c1af679a9b010209') in 0.003666 seconds
Number of updated asset objects reloaded before import = 0
Number of asset objects unloaded after import = 0
========================================================================
Received Import Request.
  Time since last request: 0.000043 seconds.
  path: Assets/Scenes/ItemAndInventoryTest.unity
  artifactKey: Guid(ea70263e4558f0a4882a7fd685aa89b2) Importer(815301076,1909f56bfc062723c751e8b465ee728b)
Start importing Assets/Scenes/ItemAndInventoryTest.unity using Guid(ea70263e4558f0a4882a7fd685aa89b2) Importer(815301076,1909f56bfc062723c751e8b465ee728b)  -> (artifact id: 'd78ef0935660d0746ef948175d5124e8') in 0.001287 seconds
Number of updated asset objects reloaded before import = 0
Number of asset objects unloaded after import = 0
========================================================================
Received Import Request.
  Time since last request: 0.000071 seconds.
  path: Assets/Scenes
  artifactKey: Guid(44b419310b1f9e844872dec361bf4af7) Importer(815301076,1909f56bfc062723c751e8b465ee728b)
Start importing Assets/Scenes using Guid(44b419310b1f9e844872dec361bf4af7) Importer(815301076,1909f56bfc062723c751e8b465ee728b)  -> (artifact id: '57f9c66342596b77e30e73dfbff4a4d9') in 0.001075 seconds
Number of updated asset objects reloaded before import = 0
Number of asset objects unloaded after import = 0
========================================================================
Received Import Request.
  Time since last request: 25.671769 seconds.
  path: Assets/Scenes/ItemAndInventoryTest.unity
  artifactKey: Guid(ea70263e4558f0a4882a7fd685aa89b2) Importer(2089858483,0ecaa5967403d082aa24f35e1b516d23)
Start importing Assets/Scenes/ItemAndInventoryTest.unity using Guid(ea70263e4558f0a4882a7fd685aa89b2) Importer(2089858483,0ecaa5967403d082aa24f35e1b516d23) Generated GUIDs only implemented for interfaces!
 -> (artifact id: 'f771f5eac0a588f0c7b645f9c0824c09') in 0.172700 seconds
Number of updated asset objects reloaded before import = 0
Number of asset objects unloaded after import = 1
========================================================================
Received Import Request.
  Time since last request: 0.000023 seconds.
  path: Assets/Resources/Materials/Floor.mat
  artifactKey: Guid(efb739e94648ca34fabaecf5911aac99) Importer(2089858483,0ecaa5967403d082aa24f35e1b516d23)
Start importing Assets/Resources/Materials/Floor.mat using Guid(efb739e94648ca34fabaecf5911aac99) Importer(2089858483,0ecaa5967403d082aa24f35e1b516d23) Generated GUIDs only implemented for interfaces!
 -> (artifact id: 'b3f6debb5b4057d961d939e015ccc70c') in 0.048435 seconds
Number of updated asset objects reloaded before import = 0
Number of asset objects unloaded after import = 1
========================================================================
Received Import Request.
  Time since last request: 0.000031 seconds.
  path: Assets/Scripts/BattleScripts/BattleController.cs
  artifactKey: Guid(b48171b83d6144869ae7cb8e24d4bd5c) Importer(2089858483,0ecaa5967403d082aa24f35e1b516d23)
Start importing Assets/Scripts/BattleScripts/BattleController.cs using Guid(b48171b83d6144869ae7cb8e24d4bd5c) Importer(2089858483,0ecaa5967403d082aa24f35e1b516d23) Generated GUIDs only implemented for interfaces!
 -> (artifact id: '25bf8dd155ef3abdf038a23c0b97e0fe') in 0.019725 seconds
Number of updated asset objects reloaded before import = 0
Number of asset objects unloaded after import = 1
========================================================================
Received Import Request.
  Time since last request: 0.000042 seconds.
  path: Assets/Terrain/NewLayer.terrainlayer
  artifactKey: Guid(80f85a48a0e1cd3409aa4aa2611a4cf9) Importer(2089858483,0ecaa5967403d082aa24f35e1b516d23)
Start importing Assets/Terrain/NewLayer.terrainlayer using Guid(80f85a48a0e1cd3409aa4aa2611a4cf9) Importer(2089858483,0ecaa5967403d082aa24f35e1b516d23) Generated GUIDs only implemented for interfaces!
 -> (artifact id: '3266c92dc851f441a7dc7e6d33a46fcb') in 0.029184 seconds
Number of updated asset objects reloaded before import = 0
Number of asset objects unloaded after import = 2
========================================================================
Received Import Request.
  Time since last request: 0.000017 seconds.
  path: Assets/Scripts/LevelManager/SkillCrystal.cs
  artifactKey: Guid(ca4e760c598eabf4e883a14de5979644) Importer(2089858483,0ecaa5967403d082aa24f35e1b516d23)
Start importing Assets/Scripts/LevelManager/SkillCrystal.cs using Guid(ca4e760c598eabf4e883a14de5979644) Importer(2089858483,0ecaa5967403d082aa24f35e1b516d23) Generated GUIDs only implemented for interfaces!
 -> (artifact id: '4dcee54f316cd47998d03977e1f8d584') in 0.017437 seconds
Number of updated asset objects reloaded before import = 0
Number of asset objects unloaded after import = 1
========================================================================
Received Import Request.
  Time since last request: 0.000030 seconds.
  path: Assets/Scripts/Character/Enemy_AI_V4.cs
  artifactKey: Guid(18cd5d9c5940f9345b4091a4d616763d) Importer(2089858483,0ecaa5967403d082aa24f35e1b516d23)
Start importing Assets/Scripts/Character/Enemy_AI_V4.cs using Guid(18cd5d9c5940f9345b4091a4d616763d) Importer(2089858483,0ecaa5967403d082aa24f35e1b516d23) Generated GUIDs only implemented for interfaces!
 -> (artifact id: '1c569ffca8f8e14d186371ce6f75fd6e') in 0.016272 seconds
Number of updated asset objects reloaded before import = 0
Number of asset objects unloaded after import = 1
========================================================================
Received Import Request.
  Time since last request: 0.000019 seconds.
  path: Assets/Scripts/Character/Enemy_AI_V5.cs
  artifactKey: Guid(c5a7d813257cbb743813bcc3572ed924) Importer(2089858483,0ecaa5967403d082aa24f35e1b516d23)
Start importing Assets/Scripts/Character/Enemy_AI_V5.cs using Guid(c5a7d813257cbb743813bcc3572ed924) Importer(2089858483,0ecaa5967403d082aa24f35e1b516d23) Generated GUIDs only implemented for interfaces!
 -> (artifact id: '2b464d9ec28fe6ebd85aaf042795ca9f') in 0.019605 seconds
Number of updated asset objects reloaded before import = 0
Number of asset objects unloaded after import = 1
========================================================================
Received Import Request.
  Time since last request: 0.000098 seconds.
  path: Assets/Imported Assets/FantasyMonster/Skeleton.controller
  artifactKey: Guid(6f3b9b84fd0451c4d807e3f65bc9099e) Importer(2089858483,0ecaa5967403d082aa24f35e1b516d23)
Start importing Assets/Imported Assets/FantasyMonster/Skeleton.controller using Guid(6f3b9b84fd0451c4d807e3f65bc9099e) Importer(2089858483,0ecaa5967403d082aa24f35e1b516d23) Generated GUIDs only implemented for interfaces!
 -> (artifact id: 'a2ba6d579b876f52524ff8a23296f0ac') in 0.019425 seconds
Number of updated asset objects reloaded before import = 0
Number of asset objects unloaded after import = 22
========================================================================
Received Import Request.
  Time since last request: 0.000017 seconds.
  path: Assets/Scripts/LevelManager/FloorManager.cs
  artifactKey: Guid(4bbb284626c895d4da0d8d31937af3b3) Importer(2089858483,0ecaa5967403d082aa24f35e1b516d23)
Start importing Assets/Scripts/LevelManager/FloorManager.cs using Guid(4bbb284626c895d4da0d8d31937af3b3) Importer(2089858483,0ecaa5967403d082aa24f35e1b516d23) Generated GUIDs only implemented for interfaces!
 -> (artifact id: 'dd9eca1852f24e23f3629712f9b986ba') in 0.016563 seconds
Number of updated asset objects reloaded before import = 0
Number of asset objects unloaded after import = 1
========================================================================
Received Import Request.
  Time since last request: 0.000017 seconds.
  path: Assets/Scripts/Character/AI_BehaviourV2.cs
  artifactKey: Guid(411bee0518ea38c4fbbb7b4074ff3a53) Importer(2089858483,0ecaa5967403d082aa24f35e1b516d23)
Start importing Assets/Scripts/Character/AI_BehaviourV2.cs using Guid(411bee0518ea38c4fbbb7b4074ff3a53) Importer(2089858483,0ecaa5967403d082aa24f35e1b516d23) Generated GUIDs only implemented for interfaces!
 -> (artifact id: '6f10274c8f875c74eea58eb0869b5500') in 0.020257 seconds
Number of updated asset objects reloaded before import = 0
Number of asset objects unloaded after import = 1
========================================================================
Received Import Request.
  Time since last request: 0.000025 seconds.
  path: Assets/Scripts/BattleScripts/EnemyCombatAI.cs
  artifactKey: Guid(33cdad5334146204497f75c498c8b95d) Importer(2089858483,0ecaa5967403d082aa24f35e1b516d23)
Start importing Assets/Scripts/BattleScripts/EnemyCombatAI.cs using Guid(33cdad5334146204497f75c498c8b95d) Importer(2089858483,0ecaa5967403d082aa24f35e1b516d23) Generated GUIDs only implemented for interfaces!
 -> (artifact id: '31634da82f8e94206de5339a12e05846') in 0.015612 seconds
Number of updated asset objects reloaded before import = 0
Number of asset objects unloaded after import = 1
========================================================================
Received Import Request.
  Time since last request: 0.000026 seconds.
  path: Assets/Scripts/GameStateManager.cs
  artifactKey: Guid(629f7c68d3140a8478d2885b04eaf7c6) Importer(2089858483,0ecaa5967403d082aa24f35e1b516d23)
Start importing Assets/Scripts/GameStateManager.cs using Guid(629f7c68d3140a8478d2885b04eaf7c6) Importer(2089858483,0ecaa5967403d082aa24f35e1b516d23) Generated GUIDs only implemented for interfaces!
 -> (artifact id: '89f32ecc493a66dbba53b93b5478b2eb') in 0.012822 seconds
Number of updated asset objects reloaded before import = 0
Number of asset objects unloaded after import = 1
========================================================================
Received Import Request.
  Time since last request: 0.000018 seconds.
  path: Assets/Imported Assets/A_piece_of_nature/Scene2Settings.lighting
  artifactKey: Guid(1ed8b6bc0c7892f4ea9b43061bad86ea) Importer(2089858483,0ecaa5967403d082aa24f35e1b516d23)
Start importing Assets/Imported Assets/A_piece_of_nature/Scene2Settings.lighting using Guid(1ed8b6bc0c7892f4ea9b43061bad86ea) Importer(2089858483,0ecaa5967403d082aa24f35e1b516d23) LightingSettings: switching bake backend from 1 to 0.
Generated GUIDs only implemented for interfaces!
 -> (artifact id: '8d05053ac7990833adf974829ba08d35') in 0.033359 seconds
Number of updated asset objects reloaded before import = 0
Number of asset objects unloaded after import = 1
========================================================================
Received Import Request.
  Time since last request: 0.000017 seconds.
  path: Assets/Scripts/HUD/TutorialPopUp.cs
  artifactKey: Guid(aafb09457fc9de546bce3890800a23d1) Importer(2089858483,0ecaa5967403d082aa24f35e1b516d23)
Start importing Assets/Scripts/HUD/TutorialPopUp.cs using Guid(aafb09457fc9de546bce3890800a23d1) Importer(2089858483,0ecaa5967403d082aa24f35e1b516d23) Generated GUIDs only implemented for interfaces!
 -> (artifact id: '5e9489a3e04ec65ba2c49dd77c91db96') in 0.014157 seconds
Number of updated asset objects reloaded before import = 0
Number of asset objects unloaded after import = 1
========================================================================
Received Import Request.
  Time since last request: 0.000018 seconds.
  path: Assets/Imported Assets/_TerrainAutoUpgrade/layer_Ground03_Dcd2d2d038030d602.terrainlayer
  artifactKey: Guid(dc81ba3a68b7ac44c9f78a40e75510e8) Importer(2089858483,0ecaa5967403d082aa24f35e1b516d23)
Start importing Assets/Imported Assets/_TerrainAutoUpgrade/layer_Ground03_Dcd2d2d038030d602.terrainlayer using Guid(dc81ba3a68b7ac44c9f78a40e75510e8) Importer(2089858483,0ecaa5967403d082aa24f35e1b516d23) Generated GUIDs only implemented for interfaces!
 -> (artifact id: '7bd50c91642a2a09efebf0b626294113') in 0.017563 seconds
Number of updated asset objects reloaded before import = 0
Number of asset objects unloaded after import = 2
========================================================================
Received Import Request.
  Time since last request: 0.000017 seconds.
  path: Assets/Scripts/LevelManager/DialogueTrigger.cs
  artifactKey: Guid(e86172de794e10d47814ee099c8450f4) Importer(2089858483,0ecaa5967403d082aa24f35e1b516d23)
Start importing Assets/Scripts/LevelManager/DialogueTrigger.cs using Guid(e86172de794e10d47814ee099c8450f4) Importer(2089858483,0ecaa5967403d082aa24f35e1b516d23) Generated GUIDs only implemented for interfaces!
 -> (artifact id: 'b7aa5d5f5ea63186e662e764dd5a6321') in 0.018048 seconds
Number of updated asset objects reloaded before import = 0
Number of asset objects unloaded after import = 1
========================================================================
Received Import Request.
  Time since last request: 0.000026 seconds.
  path: Assets/Scripts/BattleScripts/CombatStats.cs
  artifactKey: Guid(bb0ebaed37a46d4439e67b078879d3b8) Importer(2089858483,0ecaa5967403d082aa24f35e1b516d23)
Start importing Assets/Scripts/BattleScripts/CombatStats.cs using Guid(bb0ebaed37a46d4439e67b078879d3b8) Importer(2089858483,0ecaa5967403d082aa24f35e1b516d23) Generated GUIDs only implemented for interfaces!
 -> (artifact id: 'fda3dc3840a51a8fc7dfe2576bb999c9') in 0.013276 seconds
Number of updated asset objects reloaded before import = 0
Number of asset objects unloaded after import = 1
========================================================================
Received Import Request.
  Time since last request: 0.000023 seconds.
  path: Assets/Scripts/Character/AI_Behaviour_V6.cs
  artifactKey: Guid(41593ae9337a1f34f97224ac85ae0e81) Importer(2089858483,0ecaa5967403d082aa24f35e1b516d23)
Start importing Assets/Scripts/Character/AI_Behaviour_V6.cs using Guid(41593ae9337a1f34f97224ac85ae0e81) Importer(2089858483,0ecaa5967403d082aa24f35e1b516d23) Generated GUIDs only implemented for interfaces!
 -> (artifact id: 'de6fd4180c2c9ef6d931b36a866297d4') in 0.014687 seconds
Number of updated asset objects reloaded before import = 0
Number of asset objects unloaded after import = 1
========================================================================
Received Import Request.
  Time since last request: 0.000023 seconds.
  path: Assets/Imported Assets/Cinemachine/CinemachineFixedSignal.asset
  artifactKey: Guid(beef338c9b057aa40937a878cfc93fec) Importer(2089858483,0ecaa5967403d082aa24f35e1b516d23)
Start importing Assets/Imported Assets/Cinemachine/CinemachineFixedSignal.asset using Guid(beef338c9b057aa40937a878cfc93fec) Importer(2089858483,0ecaa5967403d082aa24f35e1b516d23) Generated GUIDs only implemented for interfaces!
 -> (artifact id: '7b6fc782aa510c5dd7ab9e0aa2bbf7db') in 0.017166 seconds
Number of updated asset objects reloaded before import = 0
Number of asset objects unloaded after import = 1
========================================================================
Received Import Request.
  Time since last request: 0.000018 seconds.
  path: Assets/Scripts/HUD/Tutorials.cs
  artifactKey: Guid(a3cd9b07612058c4b8d0c14036a6d113) Importer(2089858483,0ecaa5967403d082aa24f35e1b516d23)
Start importing Assets/Scripts/HUD/Tutorials.cs using Guid(a3cd9b07612058c4b8d0c14036a6d113) Importer(2089858483,0ecaa5967403d082aa24f35e1b516d23) Generated GUIDs only implemented for interfaces!
 -> (artifact id: 'cd9f87a83933171510e78de7e7ccea61') in 0.017749 seconds
Number of updated asset objects reloaded before import = 0
Number of asset objects unloaded after import = 1
========================================================================
Received Import Request.
  Time since last request: 0.000054 seconds.
  path: Assets/Imported Assets/NavMeshes/NavMesh-NavMesh.asset
  artifactKey: Guid(7d3e221f0e640db4c94f3eb053829461) Importer(2089858483,0ecaa5967403d082aa24f35e1b516d23)
Start importing Assets/Imported Assets/NavMeshes/NavMesh-NavMesh.asset using Guid(7d3e221f0e640db4c94f3eb053829461) Importer(2089858483,0ecaa5967403d082aa24f35e1b516d23) Generated GUIDs only implemented for interfaces!
 -> (artifact id: 'b617476312ce551256390ae1964bca70') in 0.018805 seconds
Number of updated asset objects reloaded before import = 0
Number of asset objects unloaded after import = 1
========================================================================
Received Import Request.
  Time since last request: 0.000022 seconds.
  path: Assets/Imported Assets/A_piece_of_nature/Scene1.unity
  artifactKey: Guid(32bbc494e65af324492e1ec9e4c99cba) Importer(2089858483,0ecaa5967403d082aa24f35e1b516d23)
Start importing Assets/Imported Assets/A_piece_of_nature/Scene1.unity using Guid(32bbc494e65af324492e1ec9e4c99cba) Importer(2089858483,0ecaa5967403d082aa24f35e1b516d23) Generated GUIDs only implemented for interfaces!
 -> (artifact id: '8fb6a729d6275c24a0e4b727fa55c784') in 0.014370 seconds
Number of updated asset objects reloaded before import = 0
Number of asset objects unloaded after import = 1
========================================================================
Received Import Request.
  Time since last request: 0.000018 seconds.
  path: Assets/Scripts/Camera/CameraTarget.cs
  artifactKey: Guid(8ac8c76a54e7b374697c036082cf5f35) Importer(2089858483,0ecaa5967403d082aa24f35e1b516d23)
Start importing Assets/Scripts/Camera/CameraTarget.cs using Guid(8ac8c76a54e7b374697c036082cf5f35) Importer(2089858483,0ecaa5967403d082aa24f35e1b516d23) Generated GUIDs only implemented for interfaces!
 -> (artifact id: '27f924185bfb29d244a2ef9bc93df0b3') in 0.016243 seconds
Number of updated asset objects reloaded before import = 0
Number of asset objects unloaded after import = 1
========================================================================
Received Import Request.
  Time since last request: 0.000024 seconds.
  path: Assets/Scripts/Camera/CameraFollow.cs
  artifactKey: Guid(9039d8f8b0a49e54d9c4c37113211910) Importer(2089858483,0ecaa5967403d082aa24f35e1b516d23)
Start importing Assets/Scripts/Camera/CameraFollow.cs using Guid(9039d8f8b0a49e54d9c4c37113211910) Importer(2089858483,0ecaa5967403d082aa24f35e1b516d23) Generated GUIDs only implemented for interfaces!
 -> (artifact id: '7042673094d7e95e0588659c76d0e804') in 0.013756 seconds
Number of updated asset objects reloaded before import = 0
Number of asset objects unloaded after import = 1
========================================================================
Received Import Request.
  Time since last request: 0.000020 seconds.
  path: Assets/Scripts/Character/Player_Behaviour.cs
  artifactKey: Guid(b64406cb107656a44ba987a0f6291e1c) Importer(2089858483,0ecaa5967403d082aa24f35e1b516d23)
Start importing Assets/Scripts/Character/Player_Behaviour.cs using Guid(b64406cb107656a44ba987a0f6291e1c) Importer(2089858483,0ecaa5967403d082aa24f35e1b516d23) Generated GUIDs only implemented for interfaces!
 -> (artifact id: 'ab23b0e7fbddb504a0fb31bcd8b5e211') in 0.015793 seconds
Number of updated asset objects reloaded before import = 0
Number of asset objects unloaded after import = 1
========================================================================
Received Import Request.
  Time since last request: 0.000026 seconds.
  path: Assets/Scripts/LevelManager/LevelManager.cs
  artifactKey: Guid(18d33b3a118c36d4ebc0f9136268a3f3) Importer(2089858483,0ecaa5967403d082aa24f35e1b516d23)
Start importing Assets/Scripts/LevelManager/LevelManager.cs using Guid(18d33b3a118c36d4ebc0f9136268a3f3) Importer(2089858483,0ecaa5967403d082aa24f35e1b516d23) Generated GUIDs only implemented for interfaces!
 -> (artifact id: '4999e1f8e76998cfc74acda6402a7c41') in 0.015367 seconds
Number of updated asset objects reloaded before import = 0
Number of asset objects unloaded after import = 1
========================================================================
Received Import Request.
  Time since last request: 0.000018 seconds.
  path: Assets/Resources/Materials/Electric.mat
  artifactKey: Guid(47953815bbb62404c9725a63fa86f87f) Importer(2089858483,0ecaa5967403d082aa24f35e1b516d23)
Start importing Assets/Resources/Materials/Electric.mat using Guid(47953815bbb62404c9725a63fa86f87f) Importer(2089858483,0ecaa5967403d082aa24f35e1b516d23) Generated GUIDs only implemented for interfaces!
 -> (artifact id: 'eea264a6a4a5da7d8947baa9eefc0b46') in 0.017776 seconds
Number of updated asset objects reloaded before import = 0
Number of asset objects unloaded after import = 1
========================================================================
Received Import Request.
  Time since last request: 0.000028 seconds.
  path: Assets/Scripts/UnderConstruction.cs
  artifactKey: Guid(4aeb06e30ccee174f92f43a277eb99a0) Importer(2089858483,0ecaa5967403d082aa24f35e1b516d23)
Start importing Assets/Scripts/UnderConstruction.cs using Guid(4aeb06e30ccee174f92f43a277eb99a0) Importer(2089858483,0ecaa5967403d082aa24f35e1b516d23) Generated GUIDs only implemented for interfaces!
 -> (artifact id: 'd64aec525cb7be0d8a64896a916e89a3') in 0.015122 seconds
Number of updated asset objects reloaded before import = 0
Number of asset objects unloaded after import = 1
========================================================================
Received Import Request.
  Time since last request: 0.000018 seconds.
  path: Assets/Resources/2D_Art/SolaceBackground.png
  artifactKey: Guid(e6ee2d30a40b4ad4d9ac17ef69c2439b) Importer(2089858483,0ecaa5967403d082aa24f35e1b516d23)
Start importing Assets/Resources/2D_Art/SolaceBackground.png using Guid(e6ee2d30a40b4ad4d9ac17ef69c2439b) Importer(2089858483,0ecaa5967403d082aa24f35e1b516d23) Generated GUIDs only implemented for interfaces!
 -> (artifact id: 'a1fc776f79cf74cb45fee365b05cc21f') in 0.084682 seconds
Number of updated asset objects reloaded before import = 0
Number of asset objects unloaded after import = 3
========================================================================
Received Import Request.
  Time since last request: 0.000031 seconds.
  path: Assets/Resources/Base_ScriptableObjects/Whirlwind.asset
  artifactKey: Guid(8114bc712e1726e468cbf2c08acd781f) Importer(2089858483,0ecaa5967403d082aa24f35e1b516d23)
Start importing Assets/Resources/Base_ScriptableObjects/Whirlwind.asset using Guid(8114bc712e1726e468cbf2c08acd781f) Importer(2089858483,0ecaa5967403d082aa24f35e1b516d23) Generated GUIDs only implemented for interfaces!
 -> (artifact id: '7a032f1bae5bf182d5bfe55af905f5fb') in 0.062693 seconds
Number of updated asset objects reloaded before import = 0
Number of asset objects unloaded after import = 28
========================================================================
Received Import Request.
  Time since last request: 0.000033 seconds.
  path: Assets/Resources/Materials/Player.mat
  artifactKey: Guid(2d524e45023adc54e8ea62ffd75c704a) Importer(2089858483,0ecaa5967403d082aa24f35e1b516d23)
Start importing Assets/Resources/Materials/Player.mat using Guid(2d524e45023adc54e8ea62ffd75c704a) Importer(2089858483,0ecaa5967403d082aa24f35e1b516d23) Generated GUIDs only implemented for interfaces!
 -> (artifact id: 'fa72fa114f7ff1d5614cc4be8cfb9800') in 0.020380 seconds
Number of updated asset objects reloaded before import = 0
Number of asset objects unloaded after import = 1
========================================================================
Received Import Request.
  Time since last request: 0.000020 seconds.
  path: Assets/Resources/Base_ScriptableObjects/LightningBolt.asset
  artifactKey: Guid(4623cae70537532418264e96b8f9f097) Importer(2089858483,0ecaa5967403d082aa24f35e1b516d23)
Start importing Assets/Resources/Base_ScriptableObjects/LightningBolt.asset using Guid(4623cae70537532418264e96b8f9f097) Importer(2089858483,0ecaa5967403d082aa24f35e1b516d23) Generated GUIDs only implemented for interfaces!
 -> (artifact id: '611a25d40f9b45f372ae330ac3c9a545') in 0.038600 seconds
Number of updated asset objects reloaded before import = 0
Number of asset objects unloaded after import = 28
========================================================================
Received Import Request.
  Time since last request: 0.000022 seconds.
  path: Assets/Scripts/Character/AI_BehaviourV3.cs
  artifactKey: Guid(e0e73307fde74ec458dc02ba42f3fc5c) Importer(2089858483,0ecaa5967403d082aa24f35e1b516d23)
Start importing Assets/Scripts/Character/AI_BehaviourV3.cs using Guid(e0e73307fde74ec458dc02ba42f3fc5c) Importer(2089858483,0ecaa5967403d082aa24f35e1b516d23) Generated GUIDs only implemented for interfaces!
 -> (artifact id: '1f562ddff056a96aeafecd1a36b06a64') in 0.016752 seconds
Number of updated asset objects reloaded before import = 0
Number of asset objects unloaded after import = 1
========================================================================
Received Import Request.
  Time since last request: 0.000021 seconds.
  path: Assets/Imported Assets/Thaleah_PixelFont/ThaleahFat.fontsettings
  artifactKey: Guid(652f7165b7c30ab46af6c4aad90a639b) Importer(2089858483,0ecaa5967403d082aa24f35e1b516d23)
Start importing Assets/Imported Assets/Thaleah_PixelFont/ThaleahFat.fontsettings using Guid(652f7165b7c30ab46af6c4aad90a639b) Importer(2089858483,0ecaa5967403d082aa24f35e1b516d23) Generated GUIDs only implemented for interfaces!
 -> (artifact id: '365bc06dd65eb54acc19db560ab392ca') in 0.018907 seconds
Number of updated asset objects reloaded before import = 0
Number of asset objects unloaded after import = 2
========================================================================
Received Import Request.
  Time since last request: 0.000015 seconds.
  path: Assets/Scripts/BattleScripts/HealthManager.cs
  artifactKey: Guid(b2f98f0b0e5dbf849bb3215f7d8a6d65) Importer(2089858483,0ecaa5967403d082aa24f35e1b516d23)
Start importing Assets/Scripts/BattleScripts/HealthManager.cs using Guid(b2f98f0b0e5dbf849bb3215f7d8a6d65) Importer(2089858483,0ecaa5967403d082aa24f35e1b516d23) Generated GUIDs only implemented for interfaces!
 -> (artifact id: 'b1bab21f24343d1d60c92f28e59ab905') in 0.016464 seconds
Number of updated asset objects reloaded before import = 0
Number of asset objects unloaded after import = 1
========================================================================
Received Import Request.
  Time since last request: 0.000019 seconds.
  path: Assets/Scripts/BattleScripts/BattleData.cs
  artifactKey: Guid(a1083c3e35916034fa7e29d48b7c08ff) Importer(2089858483,0ecaa5967403d082aa24f35e1b516d23)
Start importing Assets/Scripts/BattleScripts/BattleData.cs using Guid(a1083c3e35916034fa7e29d48b7c08ff) Importer(2089858483,0ecaa5967403d082aa24f35e1b516d23) Generated GUIDs only implemented for interfaces!
 -> (artifact id: '01c0d91c4f49837c82eab2c75e512802') in 0.017498 seconds
Number of updated asset objects reloaded before import = 0
Number of asset objects unloaded after import = 1
========================================================================
Received Import Request.
  Time since last request: 0.000050 seconds.
  path: Assets/Scenes/UIScenes/QuickMenu.unity
  artifactKey: Guid(22f605038aac1e44d801c2b64c169adc) Importer(2089858483,0ecaa5967403d082aa24f35e1b516d23)
Start importing Assets/Scenes/UIScenes/QuickMenu.unity using Guid(22f605038aac1e44d801c2b64c169adc) Importer(2089858483,0ecaa5967403d082aa24f35e1b516d23) Generated GUIDs only implemented for interfaces!
 -> (artifact id: '94bae0ded1360c5601a2db8e49bec100') in 0.013257 seconds
Number of updated asset objects reloaded before import = 0
Number of asset objects unloaded after import = 1
========================================================================
Received Import Request.
  Time since last request: 0.000048 seconds.
  path: Assets/Resources/Materials/BlueGlow.mat
  artifactKey: Guid(dda984094deccc84e9da0cd2652e754a) Importer(2089858483,0ecaa5967403d082aa24f35e1b516d23)
Start importing Assets/Resources/Materials/BlueGlow.mat using Guid(dda984094deccc84e9da0cd2652e754a) Importer(2089858483,0ecaa5967403d082aa24f35e1b516d23) Generated GUIDs only implemented for interfaces!
 -> (artifact id: 'ea20d711fa98b343674bde543b897bac') in 0.015130 seconds
Number of updated asset objects reloaded before import = 0
Number of asset objects unloaded after import = 1
========================================================================
Received Import Request.
  Time since last request: 0.000031 seconds.
  path: Assets/Scenes/NewCombatTest.unity
  artifactKey: Guid(71e660fb26c9c6d429de2fe33562c61d) Importer(2089858483,0ecaa5967403d082aa24f35e1b516d23)
Start importing Assets/Scenes/NewCombatTest.unity using Guid(71e660fb26c9c6d429de2fe33562c61d) Importer(2089858483,0ecaa5967403d082aa24f35e1b516d23) Generated GUIDs only implemented for interfaces!
 -> (artifact id: 'a97ef3b424725151a48037642de141f7') in 0.014314 seconds
Number of updated asset objects reloaded before import = 0
Number of asset objects unloaded after import = 1
========================================================================
Received Import Request.
  Time since last request: 0.000023 seconds.
  path: Assets/Imported Assets/Cinemachine/NoiseSettings.asset
  artifactKey: Guid(b6495ef9c3b69954989502dbe4a264b3) Importer(2089858483,0ecaa5967403d082aa24f35e1b516d23)
Start importing Assets/Imported Assets/Cinemachine/NoiseSettings.asset using Guid(b6495ef9c3b69954989502dbe4a264b3) Importer(2089858483,0ecaa5967403d082aa24f35e1b516d23) Generated GUIDs only implemented for interfaces!
 -> (artifact id: 'b2d0f5c769d2051f2ed3a8a3f1a32f57') in 0.015139 seconds
Number of updated asset objects reloaded before import = 0
Number of asset objects unloaded after import = 1
========================================================================
Received Import Request.
  Time since last request: 0.000018 seconds.
  path: Assets/Scripts/BattleScripts/SkillAttack.cs
  artifactKey: Guid(fd5017143cd23aa4a893620d74f87ac9) Importer(2089858483,0ecaa5967403d082aa24f35e1b516d23)
Start importing Assets/Scripts/BattleScripts/SkillAttack.cs using Guid(fd5017143cd23aa4a893620d74f87ac9) Importer(2089858483,0ecaa5967403d082aa24f35e1b516d23) Generated GUIDs only implemented for interfaces!
 -> (artifact id: '7b31ecb5c78c04d07542357f1e399bb2') in 0.016562 seconds
Number of updated asset objects reloaded before import = 0
Number of asset objects unloaded after import = 1
========================================================================
Received Import Request.
  Time since last request: 0.000017 seconds.
  path: Assets/Scripts/HUD/DisplayInventory.cs
  artifactKey: Guid(f49811801c76012449b3595ea9092b3b) Importer(2089858483,0ecaa5967403d082aa24f35e1b516d23)
Start importing Assets/Scripts/HUD/DisplayInventory.cs using Guid(f49811801c76012449b3595ea9092b3b) Importer(2089858483,0ecaa5967403d082aa24f35e1b516d23) Generated GUIDs only implemented for interfaces!
 -> (artifact id: '82667ceb6a1c50933d7c15158c4702bb') in 0.013412 seconds
Number of updated asset objects reloaded before import = 0
Number of asset objects unloaded after import = 1
========================================================================
Received Import Request.
  Time since last request: 0.000021 seconds.
  path: Assets/Resources/2D_Art/IMG_0384.png
  artifactKey: Guid(e3ba086824c52a246b4fcfdb5b77148d) Importer(2089858483,0ecaa5967403d082aa24f35e1b516d23)
Start importing Assets/Resources/2D_Art/IMG_0384.png using Guid(e3ba086824c52a246b4fcfdb5b77148d) Importer(2089858483,0ecaa5967403d082aa24f35e1b516d23) Generated GUIDs only implemented for interfaces!
 -> (artifact id: '37afe53245bb44ccef427443324b9a31') in 0.035647 seconds
Number of updated asset objects reloaded before import = 0
Number of asset objects unloaded after import = 3
========================================================================
Received Import Request.
  Time since last request: 0.000021 seconds.
  path: Assets/Resources/Materials/DungeonWalls.mat
  artifactKey: Guid(2c8c581612af88e439d8c1d314bec890) Importer(2089858483,0ecaa5967403d082aa24f35e1b516d23)
Start importing Assets/Resources/Materials/DungeonWalls.mat using Guid(2c8c581612af88e439d8c1d314bec890) Importer(2089858483,0ecaa5967403d082aa24f35e1b516d23) Generated GUIDs only implemented for interfaces!
 -> (artifact id: 'e1d21b3677518a2e6dff7b15dfd85eb6') in 0.030588 seconds
Number of updated asset objects reloaded before import = 0
Number of asset objects unloaded after import = 2
========================================================================
Received Import Request.
  Time since last request: 0.000023 seconds.
  path: Assets/Resources/Materials/Enemy.mat
  artifactKey: Guid(3a8e441dc3b97a041999074cb42a5983) Importer(2089858483,0ecaa5967403d082aa24f35e1b516d23)
Start importing Assets/Resources/Materials/Enemy.mat using Guid(3a8e441dc3b97a041999074cb42a5983) Importer(2089858483,0ecaa5967403d082aa24f35e1b516d23) Generated GUIDs only implemented for interfaces!
 -> (artifact id: 'b61296d98863a4be6a46f50347142c6a') in 0.016034 seconds
Number of updated asset objects reloaded before import = 0
Number of asset objects unloaded after import = 1
========================================================================
Received Import Request.
  Time since last request: 0.000017 seconds.
  path: Assets/Scripts/HUD/InventorySO.cs
  artifactKey: Guid(b722532934367bd4db4739dc9ea61afe) Importer(2089858483,0ecaa5967403d082aa24f35e1b516d23)
Start importing Assets/Scripts/HUD/InventorySO.cs using Guid(b722532934367bd4db4739dc9ea61afe) Importer(2089858483,0ecaa5967403d082aa24f35e1b516d23) Generated GUIDs only implemented for interfaces!
 -> (artifact id: 'cc54167dbff95cf5aebe2c8ea93b98a7') in 0.012542 seconds
Number of updated asset objects reloaded before import = 0
Number of asset objects unloaded after import = 1
========================================================================
Received Import Request.
  Time since last request: 0.000016 seconds.
  path: Assets/Terrain/New Terrain.asset
  artifactKey: Guid(dae4b8b83a7308a49b22ebc52fe445bb) Importer(2089858483,0ecaa5967403d082aa24f35e1b516d23)
Start importing Assets/Terrain/New Terrain.asset using Guid(dae4b8b83a7308a49b22ebc52fe445bb) Importer(2089858483,0ecaa5967403d082aa24f35e1b516d23) The tree PT_Fruit_Tree_01_green_cut must use the Nature/Soft Occlusion shader. Otherwise billboarding/lighting will not work correctly.
UnityEngine.StackTraceUtility:ExtractStackTrace ()
UnityEditor.Search.AssetIndexer:IndexProperties (int&,string&,bool&)
UnityEditor.Search.AssetIndexer:IndexDocument (string,bool)
UnityEditor.Search.SearchIndexEntryImporter:OnImportAsset (UnityEditor.AssetImporters.AssetImportContext)
UnityEditor.AssetImporters.ScriptedImporter:GenerateAssetData (UnityEditor.AssetImporters.AssetImportContext)

[C:\build\output\unity\unity\Modules\Terrain\Public\TreeDatabase.cpp line 337]

Generated GUIDs only implemented for interfaces!
 -> (artifact id: '58fa9372fe28da24af7b6e3c2cd10d97') in 0.052345 seconds
Number of updated asset objects reloaded before import = 0
Number of asset objects unloaded after import = 52
========================================================================
Received Import Request.
  Time since last request: 0.000030 seconds.
  path: Assets/Scripts/HUD/PauseMenu.cs
  artifactKey: Guid(8990737b3acd63f4bba2065453c0246a) Importer(2089858483,0ecaa5967403d082aa24f35e1b516d23)
Start importing Assets/Scripts/HUD/PauseMenu.cs using Guid(8990737b3acd63f4bba2065453c0246a) Importer(2089858483,0ecaa5967403d082aa24f35e1b516d23) Generated GUIDs only implemented for interfaces!
 -> (artifact id: '607d1d9c51ae5592c1b31fdbb91cbb86') in 0.016692 seconds
Number of updated asset objects reloaded before import = 0
Number of asset objects unloaded after import = 1
========================================================================
Received Import Request.
  Time since last request: 0.000025 seconds.
  path: Assets/Imported Assets/AllSkyFree/Cold Sunset/Cold Sunset__Cam_1_Back-Z.png
  artifactKey: Guid(0c96697ef1fc74d8d90d3e2f7345366d) Importer(2089858483,0ecaa5967403d082aa24f35e1b516d23)
Start importing Assets/Imported Assets/AllSkyFree/Cold Sunset/Cold Sunset__Cam_1_Back-Z.png using Guid(0c96697ef1fc74d8d90d3e2f7345366d) Importer(2089858483,0ecaa5967403d082aa24f35e1b516d23) Generated GUIDs only implemented for interfaces!
 -> (artifact id: '08045691581ea960f51613034c91fc84') in 0.040215 seconds
Number of updated asset objects reloaded before import = 0
Number of asset objects unloaded after import = 1
========================================================================
Received Import Request.
  Time since last request: 0.000020 seconds.
  path: Assets/Scripts/Rob_Scripts/Menu.cs
  artifactKey: Guid(a121b35f7a45c437699928012b578149) Importer(2089858483,0ecaa5967403d082aa24f35e1b516d23)
Start importing Assets/Scripts/Rob_Scripts/Menu.cs using Guid(a121b35f7a45c437699928012b578149) Importer(2089858483,0ecaa5967403d082aa24f35e1b516d23) Generated GUIDs only implemented for interfaces!
 -> (artifact id: '77ecb8f166c6da792b816a98bb1dc442') in 0.013475 seconds
Number of updated asset objects reloaded before import = 0
Number of asset objects unloaded after import = 1
========================================================================
Received Import Request.
  Time since last request: 0.000017 seconds.
  path: Assets/Imported Assets/AllSkyFree/Epic_BlueSunset/Epic_BlueSunset_Cam_1_Back-Z.png
  artifactKey: Guid(cbdb0c81375e549b1bae3506c1863a68) Importer(2089858483,0ecaa5967403d082aa24f35e1b516d23)
Start importing Assets/Imported Assets/AllSkyFree/Epic_BlueSunset/Epic_BlueSunset_Cam_1_Back-Z.png using Guid(cbdb0c81375e549b1bae3506c1863a68) Importer(2089858483,0ecaa5967403d082aa24f35e1b516d23) Generated GUIDs only implemented for interfaces!
 -> (artifact id: '9060c8d958d9fbecb1e5885732fe4c1e') in 0.039902 seconds
Number of updated asset objects reloaded before import = 0
Number of asset objects unloaded after import = 1
========================================================================
Received Import Request.
  Time since last request: 0.000028 seconds.
  path: Assets/Imported Assets/AllSkyFree/Cartoon Base BlueSky/Sky_Day_BlueSky_Nothing_Cam_0_Front+Z.png
  artifactKey: Guid(d731d71c2b8e94c18b5ef8be277e6773) Importer(2089858483,0ecaa5967403d082aa24f35e1b516d23)
Start importing Assets/Imported Assets/AllSkyFree/Cartoon Base BlueSky/Sky_Day_BlueSky_Nothing_Cam_0_Front+Z.png using Guid(d731d71c2b8e94c18b5ef8be277e6773) Importer(2089858483,0ecaa5967403d082aa24f35e1b516d23) Generated GUIDs only implemented for interfaces!
 -> (artifact id: '363aa49af664b2945e2a9581bf4ae64e') in 0.037457 seconds
Number of updated asset objects reloaded before import = 0
Number of asset objects unloaded after import = 1
========================================================================
Received Import Request.
  Time since last request: 0.000019 seconds.
  path: Assets/Imported Assets/AllSkyFree/Cartoon Base NightSky/Cartoon Base NightSky_Cam_4_Up+Y.png
  artifactKey: Guid(d8144633fec3342d9b7d9388377fb2a6) Importer(2089858483,0ecaa5967403d082aa24f35e1b516d23)
Start importing Assets/Imported Assets/AllSkyFree/Cartoon Base NightSky/Cartoon Base NightSky_Cam_4_Up+Y.png using Guid(d8144633fec3342d9b7d9388377fb2a6) Importer(2089858483,0ecaa5967403d082aa24f35e1b516d23) Generated GUIDs only implemented for interfaces!
 -> (artifact id: '882cb0e6ac45e57da037f11a9880d494') in 0.039698 seconds
Number of updated asset objects reloaded before import = 0
Number of asset objects unloaded after import = 1
========================================================================
Received Import Request.
  Time since last request: 0.000028 seconds.
  path: Assets/Imported Assets/AllSkyFree/Cold Sunset/Cold SunsetSettings.lighting
  artifactKey: Guid(7c679bddf80f0f345b1301691f2fad97) Importer(2089858483,0ecaa5967403d082aa24f35e1b516d23)
Start importing Assets/Imported Assets/AllSkyFree/Cold Sunset/Cold SunsetSettings.lighting using Guid(7c679bddf80f0f345b1301691f2fad97) Importer(2089858483,0ecaa5967403d082aa24f35e1b516d23) LightingSettings: switching bake backend from 1 to 0.
Generated GUIDs only implemented for interfaces!
 -> (artifact id: '01f517225b81c7ec814c832beef55d89') in 0.021911 seconds
Number of updated asset objects reloaded before import = 0
Number of asset objects unloaded after import = 1
========================================================================
Received Import Request.
  Time since last request: 0.000019 seconds.
  path: Assets/Scripts/Rob_Scripts/EnemyStateMachine.cs
  artifactKey: Guid(350e8a58b097141849258c68c4bccdc9) Importer(2089858483,0ecaa5967403d082aa24f35e1b516d23)
Start importing Assets/Scripts/Rob_Scripts/EnemyStateMachine.cs using Guid(350e8a58b097141849258c68c4bccdc9) Importer(2089858483,0ecaa5967403d082aa24f35e1b516d23) Generated GUIDs only implemented for interfaces!
 -> (artifact id: '1fecf2683a17997c86b3bb7f7055648f') in 0.013650 seconds
Number of updated asset objects reloaded before import = 0
Number of asset objects unloaded after import = 1
========================================================================
Received Import Request.
  Time since last request: 0.000236 seconds.
  path: Assets/Imported Assets/AllSkyFree/Epic_BlueSunset/Epic_BlueSunset.mat
  artifactKey: Guid(7416536dbe0334cfd888dd1beb75a9fb) Importer(2089858483,0ecaa5967403d082aa24f35e1b516d23)
Start importing Assets/Imported Assets/AllSkyFree/Epic_BlueSunset/Epic_BlueSunset.mat using Guid(7416536dbe0334cfd888dd1beb75a9fb) Importer(2089858483,0ecaa5967403d082aa24f35e1b516d23) Generated GUIDs only implemented for interfaces!
 -> (artifact id: 'c1a567cc4cd4da8d240259ac4153d14f') in 0.051469 seconds
Number of updated asset objects reloaded before import = 0
Number of asset objects unloaded after import = 7
========================================================================
Received Import Request.
  Time since last request: 0.000021 seconds.
  path: Assets/Scripts/NewCombat/ActionCombatUI.cs
  artifactKey: Guid(4cd4e99426a44c44ca95651e9f64fdfa) Importer(2089858483,0ecaa5967403d082aa24f35e1b516d23)
Start importing Assets/Scripts/NewCombat/ActionCombatUI.cs using Guid(4cd4e99426a44c44ca95651e9f64fdfa) Importer(2089858483,0ecaa5967403d082aa24f35e1b516d23) Generated GUIDs only implemented for interfaces!
 -> (artifact id: '955b99c65bec8f6cc126328875635d7a') in 0.021654 seconds
Number of updated asset objects reloaded before import = 0
Number of asset objects unloaded after import = 1
========================================================================
Received Import Request.
  Time since last request: 0.000022 seconds.
  path: Assets/Imported Assets/AllSkyFree/Cartoon Base NightSky/Cartoon Base NightSky.unity
  artifactKey: Guid(c4ac93a9f488344c29ac272cddb55dda) Importer(2089858483,0ecaa5967403d082aa24f35e1b516d23)
Start importing Assets/Imported Assets/AllSkyFree/Cartoon Base NightSky/Cartoon Base NightSky.unity using Guid(c4ac93a9f488344c29ac272cddb55dda) Importer(2089858483,0ecaa5967403d082aa24f35e1b516d23) Generated GUIDs only implemented for interfaces!
 -> (artifact id: '0ee4c81e4ed57eafdd4e3e9242e10d23') in 0.012686 seconds
Number of updated asset objects reloaded before import = 0
Number of asset objects unloaded after import = 1
========================================================================
Received Import Request.
  Time since last request: 0.000023 seconds.
  path: Assets/Imported Assets/AllSkyFree/Cold Night/Cold Night__Cam_5_Down-Y.png
  artifactKey: Guid(8cab6aa3331da40e68754e2214ce08fa) Importer(2089858483,0ecaa5967403d082aa24f35e1b516d23)
Start importing Assets/Imported Assets/AllSkyFree/Cold Night/Cold Night__Cam_5_Down-Y.png using Guid(8cab6aa3331da40e68754e2214ce08fa) Importer(2089858483,0ecaa5967403d082aa24f35e1b516d23) Generated GUIDs only implemented for interfaces!
 -> (artifact id: 'f1426d7539a9d5756a0a63bd092b8b31') in 0.038980 seconds
Number of updated asset objects reloaded before import = 0
Number of asset objects unloaded after import = 1
========================================================================
Received Import Request.
  Time since last request: 0.000018 seconds.
  path: Assets/Imported Assets/AllSkyFree/Epic_BlueSunset/Epic_BlueSunset.unity
  artifactKey: Guid(28673ec8420b8493e9588ddb0b4ed7b5) Importer(2089858483,0ecaa5967403d082aa24f35e1b516d23)
Start importing Assets/Imported Assets/AllSkyFree/Epic_BlueSunset/Epic_BlueSunset.unity using Guid(28673ec8420b8493e9588ddb0b4ed7b5) Importer(2089858483,0ecaa5967403d082aa24f35e1b516d23) Generated GUIDs only implemented for interfaces!
 -> (artifact id: 'fe28647218c6d0df31fd166bf824d33f') in 0.014081 seconds
Number of updated asset objects reloaded before import = 0
Number of asset objects unloaded after import = 1
========================================================================
Received Import Request.
  Time since last request: 0.000030 seconds.
  path: Assets/Imported Assets/AllSkyFree/Deep Dusk/Deep Dusk__Cam_5_Down-Y.png
  artifactKey: Guid(2e38ed7c39e8e4314930da8a86ae7a88) Importer(2089858483,0ecaa5967403d082aa24f35e1b516d23)
Start importing Assets/Imported Assets/AllSkyFree/Deep Dusk/Deep Dusk__Cam_5_Down-Y.png using Guid(2e38ed7c39e8e4314930da8a86ae7a88) Importer(2089858483,0ecaa5967403d082aa24f35e1b516d23) Generated GUIDs only implemented for interfaces!
 -> (artifact id: '0b050848b456882ee06bc2c5677b5979') in 0.034432 seconds
Number of updated asset objects reloaded before import = 0
Number of asset objects unloaded after import = 1
========================================================================
Received Import Request.
  Time since last request: 0.000025 seconds.
  path: Assets/Imported Assets/AllSkyFree/Cartoon Base BlueSky/Sky_Day_BlueSky_Nothing_Cam_5_Down-Y.png
  artifactKey: Guid(4c119b81b42684c39873d7738564bcdd) Importer(2089858483,0ecaa5967403d082aa24f35e1b516d23)
Start importing Assets/Imported Assets/AllSkyFree/Cartoon Base BlueSky/Sky_Day_BlueSky_Nothing_Cam_5_Down-Y.png using Guid(4c119b81b42684c39873d7738564bcdd) Importer(2089858483,0ecaa5967403d082aa24f35e1b516d23) Generated GUIDs only implemented for interfaces!
 -> (artifact id: 'ccd740e8a411ce7156d015424e0c2cf3') in 0.032811 seconds
Number of updated asset objects reloaded before import = 0
Number of asset objects unloaded after import = 1
========================================================================
Received Import Request.
  Time since last request: 0.000032 seconds.
  path: Assets/Imported Assets/AllSkyFree/Deep Dusk/Deep Dusk__Cam_0_Front+Z.png
  artifactKey: Guid(5fdaaa9d974104e6d8f9e575170a0c70) Importer(2089858483,0ecaa5967403d082aa24f35e1b516d23)
Start importing Assets/Imported Assets/AllSkyFree/Deep Dusk/Deep Dusk__Cam_0_Front+Z.png using Guid(5fdaaa9d974104e6d8f9e575170a0c70) Importer(2089858483,0ecaa5967403d082aa24f35e1b516d23) Generated GUIDs only implemented for interfaces!
 -> (artifact id: '14be988f4e4dd0ab5108b5662872c717') in 0.040145 seconds
Number of updated asset objects reloaded before import = 0
Number of asset objects unloaded after import = 1
========================================================================
Received Import Request.
  Time since last request: 0.000017 seconds.
  path: Assets/Scripts/Rob_Scripts/AttackManager.cs
  artifactKey: Guid(744f19e50e52546cc8bec7377974400a) Importer(2089858483,0ecaa5967403d082aa24f35e1b516d23)
Start importing Assets/Scripts/Rob_Scripts/AttackManager.cs using Guid(744f19e50e52546cc8bec7377974400a) Importer(2089858483,0ecaa5967403d082aa24f35e1b516d23) Generated GUIDs only implemented for interfaces!
 -> (artifact id: 'dbec158c4fb808c367bec059a81db333') in 0.015569 seconds
Number of updated asset objects reloaded before import = 0
Number of asset objects unloaded after import = 1
========================================================================
Received Import Request.
  Time since last request: 0.000034 seconds.
  path: Assets/Imported Assets/AllSkyFree/Cold Sunset/Cold Sunset__Cam_0_Front+Z.png
  artifactKey: Guid(6774108631deb4532b5f7df6e4f779a7) Importer(2089858483,0ecaa5967403d082aa24f35e1b516d23)
Start importing Assets/Imported Assets/AllSkyFree/Cold Sunset/Cold Sunset__Cam_0_Front+Z.png using Guid(6774108631deb4532b5f7df6e4f779a7) Importer(2089858483,0ecaa5967403d082aa24f35e1b516d23) Generated GUIDs only implemented for interfaces!
 -> (artifact id: '6a80734ff28a91a284999b3e2f1f5364') in 0.041327 seconds
Number of updated asset objects reloaded before import = 0
Number of asset objects unloaded after import = 1
========================================================================
Received Import Request.
  Time since last request: 0.000026 seconds.
  path: Assets/Imported Assets/AllSkyFree/Cartoon Base BlueSky/Day_BlueSky_Nothing Equirect.mat
  artifactKey: Guid(73324b55f67f54c7bbf43204788b8bbe) Importer(2089858483,0ecaa5967403d082aa24f35e1b516d23)
Start importing Assets/Imported Assets/AllSkyFree/Cartoon Base BlueSky/Day_BlueSky_Nothing Equirect.mat using Guid(73324b55f67f54c7bbf43204788b8bbe) Importer(2089858483,0ecaa5967403d082aa24f35e1b516d23) Generated GUIDs only implemented for interfaces!
 -> (artifact id: 'c1e183e3586a9afa575c680f35895747') in 0.060889 seconds
Number of updated asset objects reloaded before import = 0
Number of asset objects unloaded after import = 2
========================================================================
Received Import Request.
  Time since last request: 0.000027 seconds.
  path: Assets/Imported Assets/AllSkyFree/Cold Sunset/Cold Sunset__Cam_3_Right-X.png
  artifactKey: Guid(1f225a337fa434ec1b937d9c8b70a667) Importer(2089858483,0ecaa5967403d082aa24f35e1b516d23)
Start importing Assets/Imported Assets/AllSkyFree/Cold Sunset/Cold Sunset__Cam_3_Right-X.png using Guid(1f225a337fa434ec1b937d9c8b70a667) Importer(2089858483,0ecaa5967403d082aa24f35e1b516d23) Generated GUIDs only implemented for interfaces!
 -> (artifact id: 'e3bbbf799f6a349ffec61c25f6e7a39d') in 0.041809 seconds
Number of updated asset objects reloaded before import = 0
Number of asset objects unloaded after import = 1
========================================================================
Received Import Request.
  Time since last request: 0.000023 seconds.
  path: Assets/Scripts/NewCombat/ACEnemyAI.cs
  artifactKey: Guid(94a639a4d3a4afb418d031f684737874) Importer(2089858483,0ecaa5967403d082aa24f35e1b516d23)
Start importing Assets/Scripts/NewCombat/ACEnemyAI.cs using Guid(94a639a4d3a4afb418d031f684737874) Importer(2089858483,0ecaa5967403d082aa24f35e1b516d23) Generated GUIDs only implemented for interfaces!
 -> (artifact id: '1e0abf340c3954a5195d226ef1e6f063') in 0.015977 seconds
Number of updated asset objects reloaded before import = 0
Number of asset objects unloaded after import = 1
========================================================================
Received Import Request.
  Time since last request: 0.000033 seconds.
  path: Assets/Imported Assets/AllSkyFree/Deep Dusk/Deep Dusk.unity
  artifactKey: Guid(c8a48d1a6bbea47e981602e288f19742) Importer(2089858483,0ecaa5967403d082aa24f35e1b516d23)
Start importing Assets/Imported Assets/AllSkyFree/Deep Dusk/Deep Dusk.unity using Guid(c8a48d1a6bbea47e981602e288f19742) Importer(2089858483,0ecaa5967403d082aa24f35e1b516d23) Generated GUIDs only implemented for interfaces!
 -> (artifact id: 'f989296f851b1616575d9eef1c1e401a') in 0.012564 seconds
Number of updated asset objects reloaded before import = 0
Number of asset objects unloaded after import = 1
========================================================================
Received Import Request.
  Time since last request: 0.000016 seconds.
  path: Assets/Imported Assets/AllSkyFree/Cold Night/Cold Night__Cam_1_Back-Z.png
  artifactKey: Guid(7a03001a6d7c746a2a2467b3b3f51660) Importer(2089858483,0ecaa5967403d082aa24f35e1b516d23)
Start importing Assets/Imported Assets/AllSkyFree/Cold Night/Cold Night__Cam_1_Back-Z.png using Guid(7a03001a6d7c746a2a2467b3b3f51660) Importer(2089858483,0ecaa5967403d082aa24f35e1b516d23) Generated GUIDs only implemented for interfaces!
 -> (artifact id: '6cf1e1608234ac8c36185ec322dcd63b') in 0.038563 seconds
Number of updated asset objects reloaded before import = 0
Number of asset objects unloaded after import = 1
========================================================================
Received Import Request.
  Time since last request: 0.000016 seconds.
  path: Assets/Scripts/Object/Rotator.cs
  artifactKey: Guid(2b82741336f8817408efb8ed7b3b13c4) Importer(2089858483,0ecaa5967403d082aa24f35e1b516d23)
Start importing Assets/Scripts/Object/Rotator.cs using Guid(2b82741336f8817408efb8ed7b3b13c4) Importer(2089858483,0ecaa5967403d082aa24f35e1b516d23) Generated GUIDs only implemented for interfaces!
 -> (artifact id: 'c5731f0e5907a2414dc1ec9392bc56ae') in 0.011990 seconds
Number of updated asset objects reloaded before import = 0
Number of asset objects unloaded after import = 1
========================================================================
Received Import Request.
  Time since last request: 0.000028 seconds.
  path: Assets/Imported Assets/AllSkyFree/Deep Dusk/Deep DuskSettings.lighting
  artifactKey: Guid(6e6e971e14968444badd4052832e3ef5) Importer(2089858483,0ecaa5967403d082aa24f35e1b516d23)
Start importing Assets/Imported Assets/AllSkyFree/Deep Dusk/Deep DuskSettings.lighting using Guid(6e6e971e14968444badd4052832e3ef5) Importer(2089858483,0ecaa5967403d082aa24f35e1b516d23) LightingSettings: switching bake backend from 1 to 0.
Generated GUIDs only implemented for interfaces!
 -> (artifact id: '4a829a4803124222f4bff79d75982394') in 0.019050 seconds
Number of updated asset objects reloaded before import = 0
Number of asset objects unloaded after import = 1
========================================================================
Received Import Request.
  Time since last request: 0.000020 seconds.
  path: Assets/Scripts/Rob_Scripts/Rufio.cs
  artifactKey: Guid(84eb4c2d697a54620bc9353e6531f39d) Importer(2089858483,0ecaa5967403d082aa24f35e1b516d23)
Start importing Assets/Scripts/Rob_Scripts/Rufio.cs using Guid(84eb4c2d697a54620bc9353e6531f39d) Importer(2089858483,0ecaa5967403d082aa24f35e1b516d23) Generated GUIDs only implemented for interfaces!
 -> (artifact id: '89d6bd1d93a87f0f3e43401d8f2343ce') in 0.015458 seconds
Number of updated asset objects reloaded before import = 0
Number of asset objects unloaded after import = 1
========================================================================
Received Import Request.
  Time since last request: 0.000023 seconds.
  path: Assets/Imported Assets/AllSkyFree/Cartoon Base BlueSky/Day_BlueSky_Nothing.mat
  artifactKey: Guid(c56e28e54cac24b04ae3dd957d214534) Importer(2089858483,0ecaa5967403d082aa24f35e1b516d23)
Start importing Assets/Imported Assets/AllSkyFree/Cartoon Base BlueSky/Day_BlueSky_Nothing.mat using Guid(c56e28e54cac24b04ae3dd957d214534) Importer(2089858483,0ecaa5967403d082aa24f35e1b516d23) Generated GUIDs only implemented for interfaces!
 -> (artifact id: '4fac6aadccc41221c7fb237d281ff9dd') in 0.025000 seconds
Number of updated asset objects reloaded before import = 0
Number of asset objects unloaded after import = 7
========================================================================
Received Import Request.
  Time since last request: 0.000017 seconds.
  path: Assets/Imported Assets/AllSkyFree/Cold Sunset/Cold Sunset.unity
  artifactKey: Guid(f87b863005c8d4abcb743cad9f6566a7) Importer(2089858483,0ecaa5967403d082aa24f35e1b516d23)
Start importing Assets/Imported Assets/AllSkyFree/Cold Sunset/Cold Sunset.unity using Guid(f87b863005c8d4abcb743cad9f6566a7) Importer(2089858483,0ecaa5967403d082aa24f35e1b516d23) Generated GUIDs only implemented for interfaces!
 -> (artifact id: '3d916b8bbef5267120a82ac606d078db') in 0.013496 seconds
Number of updated asset objects reloaded before import = 0
Number of asset objects unloaded after import = 1
========================================================================
Received Import Request.
  Time since last request: 0.000022 seconds.
  path: Assets/Imported Assets/AllSkyFree/Cartoon Base NightSky/Cartoon Base NightSky_Cam_2_Left+X.png
  artifactKey: Guid(30795c4c7d28549fc98ea24071c47626) Importer(2089858483,0ecaa5967403d082aa24f35e1b516d23)
Start importing Assets/Imported Assets/AllSkyFree/Cartoon Base NightSky/Cartoon Base NightSky_Cam_2_Left+X.png using Guid(30795c4c7d28549fc98ea24071c47626) Importer(2089858483,0ecaa5967403d082aa24f35e1b516d23) Generated GUIDs only implemented for interfaces!
 -> (artifact id: '15180c595348dc2a11ac5456f441a08a') in 0.034251 seconds
Number of updated asset objects reloaded before import = 0
Number of asset objects unloaded after import = 1
========================================================================
Received Import Request.
  Time since last request: 0.000019 seconds.
  path: Assets/Imported Assets/AllSkyFree/Cartoon Base BlueSky/Sky_Day_BlueSky_Equirect.png
  artifactKey: Guid(d4c8dc343ae5d4673b7720ffdb1ddf00) Importer(2089858483,0ecaa5967403d082aa24f35e1b516d23)
Start importing Assets/Imported Assets/AllSkyFree/Cartoon Base BlueSky/Sky_Day_BlueSky_Equirect.png using Guid(d4c8dc343ae5d4673b7720ffdb1ddf00) Importer(2089858483,0ecaa5967403d082aa24f35e1b516d23) Generated GUIDs only implemented for interfaces!
 -> (artifact id: '835fd2614428f4e713098d0a17ffa8d8') in 0.060955 seconds
Number of updated asset objects reloaded before import = 0
Number of asset objects unloaded after import = 1
========================================================================
Received Import Request.
  Time since last request: 0.000027 seconds.
  path: Assets/Imported Assets/AllSkyFree/Cartoon Base NightSky/Cartoon Base NightSkySettings.lighting
  artifactKey: Guid(4408d0677e665074b8b081eb90b794fa) Importer(2089858483,0ecaa5967403d082aa24f35e1b516d23)
Start importing Assets/Imported Assets/AllSkyFree/Cartoon Base NightSky/Cartoon Base NightSkySettings.lighting using Guid(4408d0677e665074b8b081eb90b794fa) Importer(2089858483,0ecaa5967403d082aa24f35e1b516d23) LightingSettings: switching bake backend from 1 to 0.
Generated GUIDs only implemented for interfaces!
 -> (artifact id: 'e0e33d9341ae78abcd34b29a17f85f65') in 0.018276 seconds
Number of updated asset objects reloaded before import = 0
Number of asset objects unloaded after import = 1
========================================================================
Received Import Request.
  Time since last request: 0.000020 seconds.
  path: Assets/Imported Assets/AllSkyFree/Cartoon Base NightSky/Cartoon Base NightSky Equirect.png
  artifactKey: Guid(7659947706e294d97a22faa1d4011724) Importer(2089858483,0ecaa5967403d082aa24f35e1b516d23)
Start importing Assets/Imported Assets/AllSkyFree/Cartoon Base NightSky/Cartoon Base NightSky Equirect.png using Guid(7659947706e294d97a22faa1d4011724) Importer(2089858483,0ecaa5967403d082aa24f35e1b516d23) Generated GUIDs only implemented for interfaces!
 -> (artifact id: '3f793564b512686e5f612f7954c19500') in 0.059751 seconds
Number of updated asset objects reloaded before import = 0
Number of asset objects unloaded after import = 1
========================================================================
Received Import Request.
  Time since last request: 0.000017 seconds.
  path: Assets/Imported Assets/AllSkyFree/Cold Sunset/Cold Sunset.mat
  artifactKey: Guid(2d796ced94d61438fbab81b194038162) Importer(2089858483,0ecaa5967403d082aa24f35e1b516d23)
Start importing Assets/Imported Assets/AllSkyFree/Cold Sunset/Cold Sunset.mat using Guid(2d796ced94d61438fbab81b194038162) Importer(2089858483,0ecaa5967403d082aa24f35e1b516d23) Generated GUIDs only implemented for interfaces!
 -> (artifact id: '37053c9f61b0a6956b8d2802efd8cb16') in 0.029402 seconds
Number of updated asset objects reloaded before import = 0
Number of asset objects unloaded after import = 7
========================================================================
Received Import Request.
  Time since last request: 0.000016 seconds.
  path: Assets/Imported Assets/AllSkyFree/Cartoon Base NightSky/Cartoon Base NightSky.mat
  artifactKey: Guid(aa78c8d403a8547fe86d1f74239e6b03) Importer(2089858483,0ecaa5967403d082aa24f35e1b516d23)
Start importing Assets/Imported Assets/AllSkyFree/Cartoon Base NightSky/Cartoon Base NightSky.mat using Guid(aa78c8d403a8547fe86d1f74239e6b03) Importer(2089858483,0ecaa5967403d082aa24f35e1b516d23) Generated GUIDs only implemented for interfaces!
 -> (artifact id: 'f962c1f82d6a5f252b3f12c0769a2746') in 0.027886 seconds
Number of updated asset objects reloaded before import = 0
Number of asset objects unloaded after import = 7
========================================================================
Received Import Request.
  Time since last request: 0.000016 seconds.
  path: Assets/Imported Assets/AllSkyFree/Cartoon Base NightSky/Cartoon Base NightSky_Cam_5_Down-Y.png
  artifactKey: Guid(e23c4e30896d34af5beb066fcf2790c7) Importer(2089858483,0ecaa5967403d082aa24f35e1b516d23)
Start importing Assets/Imported Assets/AllSkyFree/Cartoon Base NightSky/Cartoon Base NightSky_Cam_5_Down-Y.png using Guid(e23c4e30896d34af5beb066fcf2790c7) Importer(2089858483,0ecaa5967403d082aa24f35e1b516d23) Generated GUIDs only implemented for interfaces!
 -> (artifact id: 'c451e72d8d708e40a9edce4633f703bf') in 0.028722 seconds
Number of updated asset objects reloaded before import = 0
Number of asset objects unloaded after import = 1
========================================================================
Received Import Request.
  Time since last request: 0.000017 seconds.
  path: Assets/Imported Assets/AllSkyFree/Cold Sunset/Cold Sunset__Cam_2_Left+X.png
  artifactKey: Guid(ce026dfecbc694085a1d87a22f3bb49d) Importer(2089858483,0ecaa5967403d082aa24f35e1b516d23)
Start importing Assets/Imported Assets/AllSkyFree/Cold Sunset/Cold Sunset__Cam_2_Left+X.png using Guid(ce026dfecbc694085a1d87a22f3bb49d) Importer(2089858483,0ecaa5967403d082aa24f35e1b516d23) Generated GUIDs only implemented for interfaces!
 -> (artifact id: 'a7aba8d913f0ef6936a647ddf66e7158') in 0.031103 seconds
Number of updated asset objects reloaded before import = 0
Number of asset objects unloaded after import = 1
========================================================================
Received Import Request.
  Time since last request: 0.000021 seconds.
  path: Assets/Scripts/LevelManager/ActivateTPEvent.cs
  artifactKey: Guid(f3001b06f56a1e14a888eeb51c053691) Importer(2089858483,0ecaa5967403d082aa24f35e1b516d23)
Start importing Assets/Scripts/LevelManager/ActivateTPEvent.cs using Guid(f3001b06f56a1e14a888eeb51c053691) Importer(2089858483,0ecaa5967403d082aa24f35e1b516d23) Generated GUIDs only implemented for interfaces!
 -> (artifact id: '284fbabc3b34b861f435a6fbd18b53b9') in 0.012541 seconds
Number of updated asset objects reloaded before import = 0
Number of asset objects unloaded after import = 1
========================================================================
Received Import Request.
  Time since last request: 0.000029 seconds.
  path: Assets/Imported Assets/AllSkyFree/Cartoon Base BlueSky/Sky_Day_BlueSky_Nothing_Cam_2_Left+X.png
  artifactKey: Guid(6b8f010ba933d4f01bdedec2c1a8a025) Importer(2089858483,0ecaa5967403d082aa24f35e1b516d23)
Start importing Assets/Imported Assets/AllSkyFree/Cartoon Base BlueSky/Sky_Day_BlueSky_Nothing_Cam_2_Left+X.png using Guid(6b8f010ba933d4f01bdedec2c1a8a025) Importer(2089858483,0ecaa5967403d082aa24f35e1b516d23) Generated GUIDs only implemented for interfaces!
 -> (artifact id: '9405a4a66ca365be64953f2d06356461') in 0.037300 seconds
Number of updated asset objects reloaded before import = 0
Number of asset objects unloaded after import = 1
========================================================================
Received Import Request.
  Time since last request: 0.000029 seconds.
  path: Assets/Scripts/GameEvents.cs
  artifactKey: Guid(415d864f70ed9f24287a7532ad907e9a) Importer(2089858483,0ecaa5967403d082aa24f35e1b516d23)
Start importing Assets/Scripts/GameEvents.cs using Guid(415d864f70ed9f24287a7532ad907e9a) Importer(2089858483,0ecaa5967403d082aa24f35e1b516d23) Generated GUIDs only implemented for interfaces!
 -> (artifact id: '7ad82ee1883c7de14e85050af349febb') in 0.018426 seconds
Number of updated asset objects reloaded before import = 0
Number of asset objects unloaded after import = 1
========================================================================
Received Import Request.
  Time since last request: 0.000021 seconds.
  path: Assets/Resources/2D_Art/rufio_head.PNG.png
  artifactKey: Guid(484498d33d4366c448e61c16477fddd8) Importer(2089858483,0ecaa5967403d082aa24f35e1b516d23)
Start importing Assets/Resources/2D_Art/rufio_head.PNG.png using Guid(484498d33d4366c448e61c16477fddd8) Importer(2089858483,0ecaa5967403d082aa24f35e1b516d23) Generated GUIDs only implemented for interfaces!
 -> (artifact id: 'a7973ce4d6388069f87150c2ca030e2b') in 0.037527 seconds
Number of updated asset objects reloaded before import = 0
Number of asset objects unloaded after import = 3
========================================================================
Received Import Request.
  Time since last request: 0.000210 seconds.
  path: Assets/Imported Assets/A_piece_of_nature/Materials/Rocks_3_4_texture.mat
  artifactKey: Guid(918a126775388ca4db981ca815cc618c) Importer(2089858483,0ecaa5967403d082aa24f35e1b516d23)
Start importing Assets/Imported Assets/A_piece_of_nature/Materials/Rocks_3_4_texture.mat using Guid(918a126775388ca4db981ca815cc618c) Importer(2089858483,0ecaa5967403d082aa24f35e1b516d23) Generated GUIDs only implemented for interfaces!
 -> (artifact id: 'ec71e9162fefca8dfe3b18ccc3ec36ca') in 0.017601 seconds
Number of updated asset objects reloaded before import = 0
Number of asset objects unloaded after import = 2
========================================================================
Received Import Request.
  Time since last request: 0.000018 seconds.
  path: Assets/Imported Assets/A_piece_of_nature/Materials/Grass_texture_1.mat
  artifactKey: Guid(1e26faa008672604b980f2df55aa6ed2) Importer(2089858483,0ecaa5967403d082aa24f35e1b516d23)
Start importing Assets/Imported Assets/A_piece_of_nature/Materials/Grass_texture_1.mat using Guid(1e26faa008672604b980f2df55aa6ed2) Importer(2089858483,0ecaa5967403d082aa24f35e1b516d23) Generated GUIDs only implemented for interfaces!
 -> (artifact id: 'e975cabd2985268d146c4056ff1adeab') in 0.017774 seconds
Number of updated asset objects reloaded before import = 0
Number of asset objects unloaded after import = 2
========================================================================
Received Import Request.
  Time since last request: 0.000018 seconds.
  path: Assets/Imported Assets/AllSkyFree/Epic_BlueSunset/Epic_BlueSunset_Cam_4_Up+Y.png
  artifactKey: Guid(912bf47cb4f5f4c6ea43b7a8bd2eb0e5) Importer(2089858483,0ecaa5967403d082aa24f35e1b516d23)
Start importing Assets/Imported Assets/AllSkyFree/Epic_BlueSunset/Epic_BlueSunset_Cam_4_Up+Y.png using Guid(912bf47cb4f5f4c6ea43b7a8bd2eb0e5) Importer(2089858483,0ecaa5967403d082aa24f35e1b516d23) Generated GUIDs only implemented for interfaces!
 -> (artifact id: '34ee92fcc13f0fc3c00aabda319dc360') in 0.038949 seconds
Number of updated asset objects reloaded before import = 0
Number of asset objects unloaded after import = 1
========================================================================
Received Import Request.
  Time since last request: 0.000018 seconds.
  path: Assets/Imported Assets/AllSkyFree/Space_AnotherPlanet/AllSky_Space_AnotherPlanet Equirect.png
  artifactKey: Guid(393dd4c82e2a04ec08ef9f57528230c6) Importer(2089858483,0ecaa5967403d082aa24f35e1b516d23)
Start importing Assets/Imported Assets/AllSkyFree/Space_AnotherPlanet/AllSky_Space_AnotherPlanet Equirect.png using Guid(393dd4c82e2a04ec08ef9f57528230c6) Importer(2089858483,0ecaa5967403d082aa24f35e1b516d23) Generated GUIDs only implemented for interfaces!
 -> (artifact id: '5793010aeda29c6161fbb82c96a0dda0') in 0.055789 seconds
Number of updated asset objects reloaded before import = 0
Number of asset objects unloaded after import = 1
========================================================================
Received Import Request.
  Time since last request: 0.000028 seconds.
  path: Assets/Imported Assets/AllSkyFree/Space_AnotherPlanet/AllSky_Space_AnotherPlanet_Cam_5_Down-Y.png
  artifactKey: Guid(3a639720a92414f45b72b16d6db788ce) Importer(2089858483,0ecaa5967403d082aa24f35e1b516d23)
Start importing Assets/Imported Assets/AllSkyFree/Space_AnotherPlanet/AllSky_Space_AnotherPlanet_Cam_5_Down-Y.png using Guid(3a639720a92414f45b72b16d6db788ce) Importer(2089858483,0ecaa5967403d082aa24f35e1b516d23) Generated GUIDs only implemented for interfaces!
 -> (artifact id: '88c9b39eb20b75303dc60384eaca6a49') in 0.039866 seconds
Number of updated asset objects reloaded before import = 0
Number of asset objects unloaded after import = 1
========================================================================
Received Import Request.
  Time since last request: 0.000015 seconds.
  path: Assets/Imported Assets/AurynSky/Gems Ultimate Pack/READ ME.txt
  artifactKey: Guid(840b49afa8ebe0045a4d90b723c1a786) Importer(2089858483,0ecaa5967403d082aa24f35e1b516d23)
Start importing Assets/Imported Assets/AurynSky/Gems Ultimate Pack/READ ME.txt using Guid(840b49afa8ebe0045a4d90b723c1a786) Importer(2089858483,0ecaa5967403d082aa24f35e1b516d23) Generated GUIDs only implemented for interfaces!
 -> (artifact id: 'fbe9077b7c6c6bac7c350bcccc7b25a7') in 0.013370 seconds
Number of updated asset objects reloaded before import = 0
Number of asset objects unloaded after import = 1
========================================================================
Received Import Request.
  Time since last request: 0.000022 seconds.
  path: Assets/Imported Assets/A_piece_of_nature/Models/Ground.FBX
  artifactKey: Guid(273aafbd147aec044a0f20c7242a83ca) Importer(2089858483,0ecaa5967403d082aa24f35e1b516d23)
Start importing Assets/Imported Assets/A_piece_of_nature/Models/Ground.FBX using Guid(273aafbd147aec044a0f20c7242a83ca) Importer(2089858483,0ecaa5967403d082aa24f35e1b516d23) Generated GUIDs only implemented for interfaces!
 -> (artifact id: '4bfd662fe51b477995e3dfda303dd001') in 0.057939 seconds
Number of updated asset objects reloaded before import = 0
Number of asset objects unloaded after import = 7
========================================================================
Received Import Request.
  Time since last request: 0.000016 seconds.
  path: Assets/Imported Assets/AllSkyFree/Night MoonBurst/Night Moon Burst_Cam_4_Up+Y.png
  artifactKey: Guid(544d3cf87e24a464fa433d08257479d1) Importer(2089858483,0ecaa5967403d082aa24f35e1b516d23)
Start importing Assets/Imported Assets/AllSkyFree/Night MoonBurst/Night Moon Burst_Cam_4_Up+Y.png using Guid(544d3cf87e24a464fa433d08257479d1) Importer(2089858483,0ecaa5967403d082aa24f35e1b516d23) Generated GUIDs only implemented for interfaces!
 -> (artifact id: 'abfc2737aeea256c78b7f44c47bab29b') in 0.036394 seconds
Number of updated asset objects reloaded before import = 0
Number of asset objects unloaded after import = 1
========================================================================
Received Import Request.
  Time since last request: 0.000018 seconds.
  path: Assets/Imported Assets/A_piece_of_nature/Materials/Rocks_3_4_normal.mat
  artifactKey: Guid(ff85a9ff944be684dbe6dfdf6d44d722) Importer(2089858483,0ecaa5967403d082aa24f35e1b516d23)
Start importing Assets/Imported Assets/A_piece_of_nature/Materials/Rocks_3_4_normal.mat using Guid(ff85a9ff944be684dbe6dfdf6d44d722) Importer(2089858483,0ecaa5967403d082aa24f35e1b516d23) Generated GUIDs only implemented for interfaces!
 -> (artifact id: '769ad2ab4de8d5f7967c943e38734fc4') in 0.022187 seconds
Number of updated asset objects reloaded before import = 0
Number of asset objects unloaded after import = 2
========================================================================
Received Import Request.
  Time since last request: 0.000017 seconds.
  path: Assets/Imported Assets/AllSkyFree/Epic_GloriousPink/Epic_GloriousPinkSettings.lighting
  artifactKey: Guid(5c3abb1f76e77814081aa61be1a4d8c7) Importer(2089858483,0ecaa5967403d082aa24f35e1b516d23)
Start importing Assets/Imported Assets/AllSkyFree/Epic_GloriousPink/Epic_GloriousPinkSettings.lighting using Guid(5c3abb1f76e77814081aa61be1a4d8c7) Importer(2089858483,0ecaa5967403d082aa24f35e1b516d23) LightingSettings: switching bake backend from 1 to 0.
Generated GUIDs only implemented for interfaces!
 -> (artifact id: '0a6186a704e71a2964ba44363a349e4b') in 0.021050 seconds
Number of updated asset objects reloaded before import = 0
Number of asset objects unloaded after import = 1
========================================================================
Received Import Request.
  Time since last request: 0.000023 seconds.
  path: Assets/Imported Assets/AllSkyFree/_AllSkyFreeDemoEnvironment/SunGlare.psd
  artifactKey: Guid(85a4e5125000348519b7a18a518e6a69) Importer(2089858483,0ecaa5967403d082aa24f35e1b516d23)
Start importing Assets/Imported Assets/AllSkyFree/_AllSkyFreeDemoEnvironment/SunGlare.psd using Guid(85a4e5125000348519b7a18a518e6a69) Importer(2089858483,0ecaa5967403d082aa24f35e1b516d23) Generated GUIDs only implemented for interfaces!
 -> (artifact id: '00a61ae2e31b75b3d0838a4271c75fb3') in 0.041299 seconds
Number of updated asset objects reloaded before import = 0
Number of asset objects unloaded after import = 1
========================================================================
Received Import Request.
  Time since last request: 0.000032 seconds.
  path: Assets/Imported Assets/AllSkyFree/Epic_GloriousPink/Epic_GloriousPink.mat
  artifactKey: Guid(8b7dd0809c7c6498789fa32a61eaa6cb) Importer(2089858483,0ecaa5967403d082aa24f35e1b516d23)
Start importing Assets/Imported Assets/AllSkyFree/Epic_GloriousPink/Epic_GloriousPink.mat using Guid(8b7dd0809c7c6498789fa32a61eaa6cb) Importer(2089858483,0ecaa5967403d082aa24f35e1b516d23) Generated GUIDs only implemented for interfaces!
 -> (artifact id: '4dd30670497b807b7b88c99c1300a9b8') in 0.044945 seconds
Number of updated asset objects reloaded before import = 0
Number of asset objects unloaded after import = 7
========================================================================
Received Import Request.
  Time since last request: 0.000025 seconds.
  path: Assets/Imported Assets/A_piece_of_nature/Materials/Rocks_3_4_specular.mat
  artifactKey: Guid(18042ae8c9bc0ec489bdde3296e22ea7) Importer(2089858483,0ecaa5967403d082aa24f35e1b516d23)
Start importing Assets/Imported Assets/A_piece_of_nature/Materials/Rocks_3_4_specular.mat using Guid(18042ae8c9bc0ec489bdde3296e22ea7) Importer(2089858483,0ecaa5967403d082aa24f35e1b516d23) Generated GUIDs only implemented for interfaces!
 -> (artifact id: '439a84d4292eae186d263b28629e466c') in 0.024625 seconds
Number of updated asset objects reloaded before import = 0
Number of asset objects unloaded after import = 2
========================================================================
Received Import Request.
  Time since last request: 0.000017 seconds.
  path: Assets/Imported Assets/AllSkyFree/Space_AnotherPlanet/AllSky_Space_AnotherPlanet_Cam_3_Right-X.png
  artifactKey: Guid(ca9af6b5ce9284592aabb781392ff61e) Importer(2089858483,0ecaa5967403d082aa24f35e1b516d23)
Start importing Assets/Imported Assets/AllSkyFree/Space_AnotherPlanet/AllSky_Space_AnotherPlanet_Cam_3_Right-X.png using Guid(ca9af6b5ce9284592aabb781392ff61e) Importer(2089858483,0ecaa5967403d082aa24f35e1b516d23) Generated GUIDs only implemented for interfaces!
 -> (artifact id: '8265173e4f0b10c0823e7373908ced25') in 0.037939 seconds
Number of updated asset objects reloaded before import = 0
Number of asset objects unloaded after import = 1
========================================================================
Received Import Request.
  Time since last request: 0.000023 seconds.
  path: Assets/Imported Assets/AllSkyFree/Overcast Low/Sky_AllSky_Overcast4_Low_Cam_5_Down-Y.png
  artifactKey: Guid(4164b771c2b784c2da3cbe10847a182e) Importer(2089858483,0ecaa5967403d082aa24f35e1b516d23)
Start importing Assets/Imported Assets/AllSkyFree/Overcast Low/Sky_AllSky_Overcast4_Low_Cam_5_Down-Y.png using Guid(4164b771c2b784c2da3cbe10847a182e) Importer(2089858483,0ecaa5967403d082aa24f35e1b516d23) Generated GUIDs only implemented for interfaces!
 -> (artifact id: 'eb7905f4e3084d94ac7ba4065fd66c93') in 0.040108 seconds
Number of updated asset objects reloaded before import = 0
Number of asset objects unloaded after import = 1
========================================================================
Received Import Request.
  Time since last request: 0.000015 seconds.
  path: Assets/Imported Assets/AllSkyFree/Overcast Low/Sky_AllSky_Overcast4_Low_Cam_4_Up+Y.png
  artifactKey: Guid(93ce6277acd7243f685c04cc3c1d0cc4) Importer(2089858483,0ecaa5967403d082aa24f35e1b516d23)
Start importing Assets/Imported Assets/AllSkyFree/Overcast Low/Sky_AllSky_Overcast4_Low_Cam_4_Up+Y.png using Guid(93ce6277acd7243f685c04cc3c1d0cc4) Importer(2089858483,0ecaa5967403d082aa24f35e1b516d23) Generated GUIDs only implemented for interfaces!
 -> (artifact id: 'e5c32cb765a9db27e1b133639ae03334') in 0.039416 seconds
Number of updated asset objects reloaded before import = 0
Number of asset objects unloaded after import = 1
========================================================================
Received Import Request.
  Time since last request: 0.000021 seconds.
  path: Assets/Imported Assets/AllSkyFree/Epic_BlueSunset/Epic_BlueSunset_EquiRect_flat.png
  artifactKey: Guid(e71fc492f440446b99875b8e1df890ba) Importer(2089858483,0ecaa5967403d082aa24f35e1b516d23)
Start importing Assets/Imported Assets/AllSkyFree/Epic_BlueSunset/Epic_BlueSunset_EquiRect_flat.png using Guid(e71fc492f440446b99875b8e1df890ba) Importer(2089858483,0ecaa5967403d082aa24f35e1b516d23) Generated GUIDs only implemented for interfaces!
 -> (artifact id: '11b2cd62c7f44f36d670624cd91a61df') in 0.053089 seconds
Number of updated asset objects reloaded before import = 0
Number of asset objects unloaded after import = 1
========================================================================
Received Import Request.
  Time since last request: 0.000026 seconds.
  path: Assets/Imported Assets/AllSkyFree/Overcast Low/AllSky_Overcast4_Low Equirect.mat
  artifactKey: Guid(54fe2f000ad8f424fb63cc3ea0ae2bb2) Importer(2089858483,0ecaa5967403d082aa24f35e1b516d23)
Start importing Assets/Imported Assets/AllSkyFree/Overcast Low/AllSky_Overcast4_Low Equirect.mat using Guid(54fe2f000ad8f424fb63cc3ea0ae2bb2) Importer(2089858483,0ecaa5967403d082aa24f35e1b516d23) Generated GUIDs only implemented for interfaces!
 -> (artifact id: 'bb4f93793e0e1e284071e53f6ea619d6') in 0.050355 seconds
Number of updated asset objects reloaded before import = 0
Number of asset objects unloaded after import = 2
========================================================================
Received Import Request.
  Time since last request: 0.000025 seconds.
  path: Assets/Imported Assets/AllSkyFree/Epic_BlueSunset/Epic_BlueSunset_Cam_3_Right-X.png
  artifactKey: Guid(04869052f46ba428caebe862513e3b5d) Importer(2089858483,0ecaa5967403d082aa24f35e1b516d23)
Start importing Assets/Imported Assets/AllSkyFree/Epic_BlueSunset/Epic_BlueSunset_Cam_3_Right-X.png using Guid(04869052f46ba428caebe862513e3b5d) Importer(2089858483,0ecaa5967403d082aa24f35e1b516d23) Generated GUIDs only implemented for interfaces!
 -> (artifact id: 'dfbb62fc3a32902378ae27ee3fd44b96') in 0.034690 seconds
Number of updated asset objects reloaded before import = 0
Number of asset objects unloaded after import = 1
========================================================================
Received Import Request.
  Time since last request: 0.000019 seconds.
  path: Assets/Imported Assets/AllSkyFree/Epic_GloriousPink/Epic_GloriousPink_Cam_1_Back-Z.png
  artifactKey: Guid(8e7251cff63ea413db367d2893f57bf6) Importer(2089858483,0ecaa5967403d082aa24f35e1b516d23)
Start importing Assets/Imported Assets/AllSkyFree/Epic_GloriousPink/Epic_GloriousPink_Cam_1_Back-Z.png using Guid(8e7251cff63ea413db367d2893f57bf6) Importer(2089858483,0ecaa5967403d082aa24f35e1b516d23) Generated GUIDs only implemented for interfaces!
 -> (artifact id: 'ea7b8ad9a8bc433afb6ed44b7734eee1') in 0.035858 seconds
Number of updated asset objects reloaded before import = 0
Number of asset objects unloaded after import = 1
========================================================================
Received Import Request.
  Time since last request: 0.000056 seconds.
  path: Assets/Imported Assets/AllSkyFree/Night MoonBurst/Night Moon Burst.mat
  artifactKey: Guid(c494c335823f54b52b2e87e1b7a63a23) Importer(2089858483,0ecaa5967403d082aa24f35e1b516d23)
Start importing Assets/Imported Assets/AllSkyFree/Night MoonBurst/Night Moon Burst.mat using Guid(c494c335823f54b52b2e87e1b7a63a23) Importer(2089858483,0ecaa5967403d082aa24f35e1b516d23) Generated GUIDs only implemented for interfaces!
 -> (artifact id: 'd722c62a2ae5b2da9c3227ab31a67fc6') in 0.028822 seconds
Number of updated asset objects reloaded before import = 0
Number of asset objects unloaded after import = 7
========================================================================
Received Import Request.
  Time since last request: 0.000020 seconds.
  path: Assets/Imported Assets/A_piece_of_nature/Materials/Grass.mat
  artifactKey: Guid(ea94bc05f4e812349a43dff1264c21ec) Importer(2089858483,0ecaa5967403d082aa24f35e1b516d23)
Start importing Assets/Imported Assets/A_piece_of_nature/Materials/Grass.mat using Guid(ea94bc05f4e812349a43dff1264c21ec) Importer(2089858483,0ecaa5967403d082aa24f35e1b516d23) Generated GUIDs only implemented for interfaces!
 -> (artifact id: '6f9ad52bc37f39501dab7abbcff67cc1') in 0.026770 seconds
Number of updated asset objects reloaded before import = 0
Number of asset objects unloaded after import = 2
========================================================================
Received Import Request.
  Time since last request: 0.000016 seconds.
  path: Assets/Imported Assets/AllSkyFree/Overcast Low/Sky_AllSky_Overcast4_Low_Cam_2_Left+X.png
  artifactKey: Guid(4b922104744dc4f5ab309b556a7677da) Importer(2089858483,0ecaa5967403d082aa24f35e1b516d23)
Start importing Assets/Imported Assets/AllSkyFree/Overcast Low/Sky_AllSky_Overcast4_Low_Cam_2_Left+X.png using Guid(4b922104744dc4f5ab309b556a7677da) Importer(2089858483,0ecaa5967403d082aa24f35e1b516d23) Generated GUIDs only implemented for interfaces!
 -> (artifact id: '9a0ef6487d58757757e2cdc4dc3c3782') in 0.039957 seconds
Number of updated asset objects reloaded before import = 0
Number of asset objects unloaded after import = 1
========================================================================
Received Import Request.
  Time since last request: 0.000029 seconds.
  path: Assets/Imported Assets/AllSkyFree/_AllSkyFreeDemoEnvironment/AdditiveSprite.mat
  artifactKey: Guid(55c04ce684cb542debc357409498bc4e) Importer(2089858483,0ecaa5967403d082aa24f35e1b516d23)
Start importing Assets/Imported Assets/AllSkyFree/_AllSkyFreeDemoEnvironment/AdditiveSprite.mat using Guid(55c04ce684cb542debc357409498bc4e) Importer(2089858483,0ecaa5967403d082aa24f35e1b516d23) Generated GUIDs only implemented for interfaces!
 -> (artifact id: 'f28b465f360132e07267bbd998514d0b') in 0.016204 seconds
Number of updated asset objects reloaded before import = 0
Number of asset objects unloaded after import = 1
========================================================================
Received Import Request.
  Time since last request: 0.000021 seconds.
  path: Assets/Imported Assets/AllSkyFree/Overcast Low/AllSky_Overcast4_Low.mat
  artifactKey: Guid(f2b5f3f20933f434e850db1b710542fd) Importer(2089858483,0ecaa5967403d082aa24f35e1b516d23)
Start importing Assets/Imported Assets/AllSkyFree/Overcast Low/AllSky_Overcast4_Low.mat using Guid(f2b5f3f20933f434e850db1b710542fd) Importer(2089858483,0ecaa5967403d082aa24f35e1b516d23) Generated GUIDs only implemented for interfaces!
 -> (artifact id: 'ca068a85d474481ba2230a93c69ef079') in 0.030327 seconds
Number of updated asset objects reloaded before import = 0
Number of asset objects unloaded after import = 7
========================================================================
Received Import Request.
  Time since last request: 0.000024 seconds.
  path: Assets/Imported Assets/AllSkyFree/Epic_GloriousPink/Epic_GloriousPink.unity
  artifactKey: Guid(a6ac75420f93c4fa99b35113a21e4eff) Importer(2089858483,0ecaa5967403d082aa24f35e1b516d23)
Start importing Assets/Imported Assets/AllSkyFree/Epic_GloriousPink/Epic_GloriousPink.unity using Guid(a6ac75420f93c4fa99b35113a21e4eff) Importer(2089858483,0ecaa5967403d082aa24f35e1b516d23) Generated GUIDs only implemented for interfaces!
 -> (artifact id: '324af6b87cdf4cbe3f1e755e0688eafa') in 0.014324 seconds
Number of updated asset objects reloaded before import = 0
Number of asset objects unloaded after import = 1
========================================================================
Received Import Request.
  Time since last request: 0.000017 seconds.
  path: Assets/Imported Assets/AllSkyFree/Night MoonBurst/AllSky_Night_MoonBurst Equirect.png
  artifactKey: Guid(34a763168147f4182a21b9fd004d67de) Importer(2089858483,0ecaa5967403d082aa24f35e1b516d23)
Start importing Assets/Imported Assets/AllSkyFree/Night MoonBurst/AllSky_Night_MoonBurst Equirect.png using Guid(34a763168147f4182a21b9fd004d67de) Importer(2089858483,0ecaa5967403d082aa24f35e1b516d23) Generated GUIDs only implemented for interfaces!
 -> (artifact id: 'f2ec6d0569de40c029b441ef9cf5b85c') in 0.064307 seconds
Number of updated asset objects reloaded before import = 0
Number of asset objects unloaded after import = 1
========================================================================
Received Import Request.
  Time since last request: 0.000031 seconds.
  path: Assets/Imported Assets/AllSkyFree/_AllSkyFreeDemoEnvironment/AllSky_DemoEnvironment.fbx
  artifactKey: Guid(3ca2c2ce56b9e44f598f5de419ce4e8a) Importer(2089858483,0ecaa5967403d082aa24f35e1b516d23)
Start importing Assets/Imported Assets/AllSkyFree/_AllSkyFreeDemoEnvironment/AllSky_DemoEnvironment.fbx using Guid(3ca2c2ce56b9e44f598f5de419ce4e8a) Importer(2089858483,0ecaa5967403d082aa24f35e1b516d23) Generated GUIDs only implemented for interfaces!
 -> (artifact id: '8ac08bb57c5e516a27c01df0d861eb52') in 0.047259 seconds
Number of updated asset objects reloaded before import = 0
Number of asset objects unloaded after import = 7
========================================================================
Received Import Request.
  Time since last request: 0.000023 seconds.
  path: Assets/Imported Assets/AllSkyFree/Epic_GloriousPink/Epic_GloriousPink Equirect.mat
  artifactKey: Guid(fe4e130f9947345a2b213cb5038851a2) Importer(2089858483,0ecaa5967403d082aa24f35e1b516d23)
Start importing Assets/Imported Assets/AllSkyFree/Epic_GloriousPink/Epic_GloriousPink Equirect.mat using Guid(fe4e130f9947345a2b213cb5038851a2) Importer(2089858483,0ecaa5967403d082aa24f35e1b516d23) Generated GUIDs only implemented for interfaces!
 -> (artifact id: '673bbb7563352b73ea5fa9c26b441b99') in 0.032480 seconds
Number of updated asset objects reloaded before import = 0
Number of asset objects unloaded after import = 2
========================================================================
Received Import Request.
  Time since last request: 0.000029 seconds.
  path: Assets/Imported Assets/AllSkyFree/Epic_GloriousPink/Epic_GloriousPink_Cam_5_Down-Y.png
  artifactKey: Guid(213ae241f43b44b3f961dd8739080120) Importer(2089858483,0ecaa5967403d082aa24f35e1b516d23)
Start importing Assets/Imported Assets/AllSkyFree/Epic_GloriousPink/Epic_GloriousPink_Cam_5_Down-Y.png using Guid(213ae241f43b44b3f961dd8739080120) Importer(2089858483,0ecaa5967403d082aa24f35e1b516d23) Generated GUIDs only implemented for interfaces!
 -> (artifact id: '83208eda62188d95e4429255fe166048') in 0.035154 seconds
Number of updated asset objects reloaded before import = 0
Number of asset objects unloaded after import = 1
========================================================================
Received Import Request.
  Time since last request: 0.000017 seconds.
  path: Assets/Imported Assets/AllSkyFree/Night MoonBurst/AllSky_Night_MoonBurst Equirect.mat
  artifactKey: Guid(51b74d7bad397457d883c5940f7664d8) Importer(2089858483,0ecaa5967403d082aa24f35e1b516d23)
Start importing Assets/Imported Assets/AllSkyFree/Night MoonBurst/AllSky_Night_MoonBurst Equirect.mat using Guid(51b74d7bad397457d883c5940f7664d8) Importer(2089858483,0ecaa5967403d082aa24f35e1b516d23) Generated GUIDs only implemented for interfaces!
 -> (artifact id: '5c398d9f1c5fa06f39a482eea98fb36e') in 0.033803 seconds
Number of updated asset objects reloaded before import = 0
Number of asset objects unloaded after import = 2
========================================================================
Received Import Request.
  Time since last request: 0.000021 seconds.
  path: Assets/Imported Assets/AllSkyFree/Night MoonBurst/Night Moon Burst_Cam_3_Right-X.png
  artifactKey: Guid(8e462a9bf0b1941148e4318e741d7b09) Importer(2089858483,0ecaa5967403d082aa24f35e1b516d23)
Start importing Assets/Imported Assets/AllSkyFree/Night MoonBurst/Night Moon Burst_Cam_3_Right-X.png using Guid(8e462a9bf0b1941148e4318e741d7b09) Importer(2089858483,0ecaa5967403d082aa24f35e1b516d23) Generated GUIDs only implemented for interfaces!
 -> (artifact id: 'eb98fc883a616b477e5e0bf3d3a03fce') in 0.037682 seconds
Number of updated asset objects reloaded before import = 0
Number of asset objects unloaded after import = 1
========================================================================
Received Import Request.
  Time since last request: 0.000020 seconds.
  path: Assets/Imported Assets/A_piece_of_nature/Textures/Chest_texture.tif
  artifactKey: Guid(3a50b6fb1e579574dbc8b2deb0598e90) Importer(2089858483,0ecaa5967403d082aa24f35e1b516d23)
Start importing Assets/Imported Assets/A_piece_of_nature/Textures/Chest_texture.tif using Guid(3a50b6fb1e579574dbc8b2deb0598e90) Importer(2089858483,0ecaa5967403d082aa24f35e1b516d23) Generated GUIDs only implemented for interfaces!
 -> (artifact id: 'b8c8a0e6810b081a14500c32e444a851') in 0.033546 seconds
Number of updated asset objects reloaded before import = 0
Number of asset objects unloaded after import = 1
========================================================================
Received Import Request.
  Time since last request: 0.000020 seconds.
  path: Assets/Imported Assets/A_piece_of_nature/Models/Pine_tree.FBX
  artifactKey: Guid(a0bd7523e1445f147886c60f88830141) Importer(2089858483,0ecaa5967403d082aa24f35e1b516d23)
Start importing Assets/Imported Assets/A_piece_of_nature/Models/Pine_tree.FBX using Guid(a0bd7523e1445f147886c60f88830141) Importer(2089858483,0ecaa5967403d082aa24f35e1b516d23) Generated GUIDs only implemented for interfaces!
 -> (artifact id: '942fbc235901b9105ce4c8114240bbd3') in 0.030559 seconds
Number of updated asset objects reloaded before import = 0
Number of asset objects unloaded after import = 7
========================================================================
Received Import Request.
  Time since last request: 0.000021 seconds.
  path: Assets/Imported Assets/EffectTexturesAndPrefabs/Prefabs/Cube.prefab
  artifactKey: Guid(3db9e95faad829f4b953f712b1811fc5) Importer(2089858483,0ecaa5967403d082aa24f35e1b516d23)
Start importing Assets/Imported Assets/EffectTexturesAndPrefabs/Prefabs/Cube.prefab using Guid(3db9e95faad829f4b953f712b1811fc5) Importer(2089858483,0ecaa5967403d082aa24f35e1b516d23) Generated GUIDs only implemented for interfaces!
 -> (artifact id: '25a69aaffe6a045e6c52b4bb024fe724') in 0.027407 seconds
Number of updated asset objects reloaded before import = 0
Number of asset objects unloaded after import = 8
========================================================================
Received Import Request.
  Time since last request: 0.000041 seconds.
  path: Assets/Imported Assets/EffectTexturesAndPrefabs/Prefabs/Star_B.prefab
  artifactKey: Guid(2547a66872ebe45408ace228820a79e1) Importer(2089858483,0ecaa5967403d082aa24f35e1b516d23)
Start importing Assets/Imported Assets/EffectTexturesAndPrefabs/Prefabs/Star_B.prefab using Guid(2547a66872ebe45408ace228820a79e1) Importer(2089858483,0ecaa5967403d082aa24f35e1b516d23) Generated GUIDs only implemented for interfaces!
 -> (artifact id: '916db76d57d2ef33b9d1d17179d670ff') in 0.021723 seconds
Number of updated asset objects reloaded before import = 0
Number of asset objects unloaded after import = 12
========================================================================
Received Import Request.
  Time since last request: 0.000017 seconds.
  path: Assets/Imported Assets/EffectTexturesAndPrefabs/Textures/heart.png
  artifactKey: Guid(d55c061dc27d0ce4a9ec883994eb8bf3) Importer(2089858483,0ecaa5967403d082aa24f35e1b516d23)
Start importing Assets/Imported Assets/EffectTexturesAndPrefabs/Textures/heart.png using Guid(d55c061dc27d0ce4a9ec883994eb8bf3) Importer(2089858483,0ecaa5967403d082aa24f35e1b516d23) Generated GUIDs only implemented for interfaces!
 -> (artifact id: '5175f37d5c879a07e75435dafecefa6e') in 0.039137 seconds
Number of updated asset objects reloaded before import = 0
Number of asset objects unloaded after import = 1
========================================================================
Received Import Request.
  Time since last request: 0.000017 seconds.
  path: Assets/Imported Assets/EffectTexturesAndPrefabs/Materials/SparkParticle.mat
  artifactKey: Guid(188bbd7714ed53b4ab47e30ee1f8c00c) Importer(2089858483,0ecaa5967403d082aa24f35e1b516d23)
Start importing Assets/Imported Assets/EffectTexturesAndPrefabs/Materials/SparkParticle.mat using Guid(188bbd7714ed53b4ab47e30ee1f8c00c) Importer(2089858483,0ecaa5967403d082aa24f35e1b516d23) Generated GUIDs only implemented for interfaces!
 -> (artifact id: '3c143902cc6c68164579fc9ca03b754a') in 0.019293 seconds
Number of updated asset objects reloaded before import = 0
Number of asset objects unloaded after import = 2
========================================================================
Received Import Request.
  Time since last request: 0.000016 seconds.
  path: Assets/Imported Assets/EffectTexturesAndPrefabs/Materials/Light.mat
  artifactKey: Guid(05fa321eed70c8a4abaaa1eb517bb3b7) Importer(2089858483,0ecaa5967403d082aa24f35e1b516d23)
Start importing Assets/Imported Assets/EffectTexturesAndPrefabs/Materials/Light.mat using Guid(05fa321eed70c8a4abaaa1eb517bb3b7) Importer(2089858483,0ecaa5967403d082aa24f35e1b516d23) Generated GUIDs only implemented for interfaces!
 -> (artifact id: '3dd357a0aefa522cb0d70f5679a6d49e') in 0.047974 seconds
Number of updated asset objects reloaded before import = 0
Number of asset objects unloaded after import = 2
========================================================================
Received Import Request.
  Time since last request: 0.000016 seconds.
  path: Assets/Imported Assets/EffectTexturesAndPrefabs/Materials/Fire_A.mat
  artifactKey: Guid(b465c451c01c117458142e3e46fe035b) Importer(2089858483,0ecaa5967403d082aa24f35e1b516d23)
Start importing Assets/Imported Assets/EffectTexturesAndPrefabs/Materials/Fire_A.mat using Guid(b465c451c01c117458142e3e46fe035b) Importer(2089858483,0ecaa5967403d082aa24f35e1b516d23) Generated GUIDs only implemented for interfaces!
 -> (artifact id: '7958a7a79e7a780327a397c2c8716c00') in 0.016556 seconds
Number of updated asset objects reloaded before import = 0
Number of asset objects unloaded after import = 2
========================================================================
Received Import Request.
  Time since last request: 0.000017 seconds.
  path: Assets/Imported Assets/A_piece_of_nature/Textures/Chest_normal.tif
  artifactKey: Guid(0703bdf9f8e54ae4f9cd6551d2e05a24) Importer(2089858483,0ecaa5967403d082aa24f35e1b516d23)
Start importing Assets/Imported Assets/A_piece_of_nature/Textures/Chest_normal.tif using Guid(0703bdf9f8e54ae4f9cd6551d2e05a24) Importer(2089858483,0ecaa5967403d082aa24f35e1b516d23) Generated GUIDs only implemented for interfaces!
 -> (artifact id: '0588eb796ba99a65fca065c958e63765') in 0.036477 seconds
Number of updated asset objects reloaded before import = 0
Number of asset objects unloaded after import = 1
========================================================================
Received Import Request.
  Time since last request: 0.000017 seconds.
  path: Assets/Imported Assets/EffectTexturesAndPrefabs/Materials/Blue.mat
  artifactKey: Guid(056b8378eaa9abc4099799b460ca1f78) Importer(2089858483,0ecaa5967403d082aa24f35e1b516d23)
Start importing Assets/Imported Assets/EffectTexturesAndPrefabs/Materials/Blue.mat using Guid(056b8378eaa9abc4099799b460ca1f78) Importer(2089858483,0ecaa5967403d082aa24f35e1b516d23) Generated GUIDs only implemented for interfaces!
 -> (artifact id: '0bdb96cdfe99ee602e4cf39d84e43acb') in 0.016279 seconds
Number of updated asset objects reloaded before import = 0
Number of asset objects unloaded after import = 1
========================================================================
Received Import Request.
  Time since last request: 0.000054 seconds.
  path: Assets/Imported Assets/EffectTexturesAndPrefabs/Materials/Smoke_explosion.mat
  artifactKey: Guid(8350849aae5998e4ca0f12fcd3e9c157) Importer(2089858483,0ecaa5967403d082aa24f35e1b516d23)
Start importing Assets/Imported Assets/EffectTexturesAndPrefabs/Materials/Smoke_explosion.mat using Guid(8350849aae5998e4ca0f12fcd3e9c157) Importer(2089858483,0ecaa5967403d082aa24f35e1b516d23) Generated GUIDs only implemented for interfaces!
 -> (artifact id: 'f48a383a479e4cb0c47ba3b8b9798777') in 0.057034 seconds
Number of updated asset objects reloaded before import = 0
Number of asset objects unloaded after import = 3
========================================================================
Received Import Request.
  Time since last request: 0.000016 seconds.
  path: Assets/Imported Assets/EffectTexturesAndPrefabs/Materials/Heart.mat
  artifactKey: Guid(39fbad40cddaec94196b2768dba204a5) Importer(2089858483,0ecaa5967403d082aa24f35e1b516d23)
Start importing Assets/Imported Assets/EffectTexturesAndPrefabs/Materials/Heart.mat using Guid(39fbad40cddaec94196b2768dba204a5) Importer(2089858483,0ecaa5967403d082aa24f35e1b516d23) Generated GUIDs only implemented for interfaces!
 -> (artifact id: 'af3c1eab7ab698fcbfccd159eebe0b62') in 0.014337 seconds
Number of updated asset objects reloaded before import = 0
Number of asset objects unloaded after import = 2
========================================================================
Received Import Request.
  Time since last request: 0.000016 seconds.
  path: Assets/Imported Assets/A_piece_of_nature/Models/Rock_3.FBX
  artifactKey: Guid(7d6ba04ff2b713248b1fa30cda241ecc) Importer(2089858483,0ecaa5967403d082aa24f35e1b516d23)
Start importing Assets/Imported Assets/A_piece_of_nature/Models/Rock_3.FBX using Guid(7d6ba04ff2b713248b1fa30cda241ecc) Importer(2089858483,0ecaa5967403d082aa24f35e1b516d23) Generated GUIDs only implemented for interfaces!
 -> (artifact id: '5e17ea4d9e6693921a88e002e82d29ad') in 0.026744 seconds
Number of updated asset objects reloaded before import = 0
Number of asset objects unloaded after import = 7
========================================================================
Received Import Request.
  Time since last request: 0.000016 seconds.
  path: Assets/Imported Assets/EffectTexturesAndPrefabs/Prefabs/Spark.prefab
  artifactKey: Guid(18c0a8b63ea8b4448a595b0c24c1384a) Importer(2089858483,0ecaa5967403d082aa24f35e1b516d23)
Start importing Assets/Imported Assets/EffectTexturesAndPrefabs/Prefabs/Spark.prefab using Guid(18c0a8b63ea8b4448a595b0c24c1384a) Importer(2089858483,0ecaa5967403d082aa24f35e1b516d23) Generated GUIDs only implemented for interfaces!
 -> (artifact id: '1726634fd820fd4aa47d34ac35d2e28a') in 0.017308 seconds
Number of updated asset objects reloaded before import = 0
Number of asset objects unloaded after import = 12
========================================================================
Received Import Request.
  Time since last request: 0.000018 seconds.
  path: Assets/Imported Assets/EffectTexturesAndPrefabs/Textures/smoke_thin.png
  artifactKey: Guid(90dbf173ff255434d8191e5cbbe24576) Importer(2089858483,0ecaa5967403d082aa24f35e1b516d23)
Start importing Assets/Imported Assets/EffectTexturesAndPrefabs/Textures/smoke_thin.png using Guid(90dbf173ff255434d8191e5cbbe24576) Importer(2089858483,0ecaa5967403d082aa24f35e1b516d23) Generated GUIDs only implemented for interfaces!
 -> (artifact id: '1064a5c1120d690709665fbb22597411') in 0.030966 seconds
Number of updated asset objects reloaded before import = 0
Number of asset objects unloaded after import = 1
========================================================================
Received Import Request.
  Time since last request: 0.000017 seconds.
  path: Assets/Imported Assets/EffectTexturesAndPrefabs/FBX/ShockWave_mesh.fbx
  artifactKey: Guid(611050965a7b66143b84e5b62ae17405) Importer(2089858483,0ecaa5967403d082aa24f35e1b516d23)
Start importing Assets/Imported Assets/EffectTexturesAndPrefabs/FBX/ShockWave_mesh.fbx using Guid(611050965a7b66143b84e5b62ae17405) Importer(2089858483,0ecaa5967403d082aa24f35e1b516d23) Generated GUIDs only implemented for interfaces!
 -> (artifact id: '90bdaaf5b131f0654cea7485e52886d1') in 0.028834 seconds
Number of updated asset objects reloaded before import = 0
Number of asset objects unloaded after import = 7
========================================================================
Received Import Request.
  Time since last request: 0.000031 seconds.
  path: Assets/Imported Assets/EffectTexturesAndPrefabs/Prefabs/Heart.prefab
  artifactKey: Guid(f87e7926fd589094b8a269e14b8bea5e) Importer(2089858483,0ecaa5967403d082aa24f35e1b516d23)
Start importing Assets/Imported Assets/EffectTexturesAndPrefabs/Prefabs/Heart.prefab using Guid(f87e7926fd589094b8a269e14b8bea5e) Importer(2089858483,0ecaa5967403d082aa24f35e1b516d23) Generated GUIDs only implemented for interfaces!
 -> (artifact id: 'eab674c8dfa6da168a4536e378135404') in 0.013645 seconds
Number of updated asset objects reloaded before import = 0
Number of asset objects unloaded after import = 12
========================================================================
Received Import Request.
  Time since last request: 0.000026 seconds.
  path: Assets/Imported Assets/EffectTexturesAndPrefabs/FBX/MuzzleFlash_mesh.fbx
  artifactKey: Guid(26eef2a9a8d48394d9dbd486ba197adc) Importer(2089858483,0ecaa5967403d082aa24f35e1b516d23)
Start importing Assets/Imported Assets/EffectTexturesAndPrefabs/FBX/MuzzleFlash_mesh.fbx using Guid(26eef2a9a8d48394d9dbd486ba197adc) Importer(2089858483,0ecaa5967403d082aa24f35e1b516d23) Generated GUIDs only implemented for interfaces!
 -> (artifact id: '9ce27c45c79fab2827a0356a664e4e91') in 0.031487 seconds
Number of updated asset objects reloaded before import = 0
Number of asset objects unloaded after import = 9
========================================================================
Received Import Request.
  Time since last request: 0.000017 seconds.
  path: Assets/Imported Assets/EffectTexturesAndPrefabs/Materials/FireParticle_A.mat
  artifactKey: Guid(abc49fa8b01f5314c880641bc7c5986d) Importer(2089858483,0ecaa5967403d082aa24f35e1b516d23)
Start importing Assets/Imported Assets/EffectTexturesAndPrefabs/Materials/FireParticle_A.mat using Guid(abc49fa8b01f5314c880641bc7c5986d) Importer(2089858483,0ecaa5967403d082aa24f35e1b516d23) Generated GUIDs only implemented for interfaces!
 -> (artifact id: '0db925e293ad58b0267c1c98a8ebb684') in 0.017926 seconds
Number of updated asset objects reloaded before import = 0
Number of asset objects unloaded after import = 2
========================================================================
Received Import Request.
  Time since last request: 0.000023 seconds.
  path: Assets/Imported Assets/EffectTexturesAndPrefabs/Materials/Slash.mat
  artifactKey: Guid(7ab6922abe596f14bbeacc00ae8c81be) Importer(2089858483,0ecaa5967403d082aa24f35e1b516d23)
Start importing Assets/Imported Assets/EffectTexturesAndPrefabs/Materials/Slash.mat using Guid(7ab6922abe596f14bbeacc00ae8c81be) Importer(2089858483,0ecaa5967403d082aa24f35e1b516d23) Generated GUIDs only implemented for interfaces!
 -> (artifact id: '2a9b0194b122619da1aab956a12321dd') in 0.020401 seconds
Number of updated asset objects reloaded before import = 0
Number of asset objects unloaded after import = 2
========================================================================
Received Import Request.
  Time since last request: 0.000022 seconds.
  path: Assets/Imported Assets/A_piece_of_nature/Textures/Grass_texture_1.tif
  artifactKey: Guid(f94c2f03437ca264c92799cbe69f6517) Importer(2089858483,0ecaa5967403d082aa24f35e1b516d23)
Start importing Assets/Imported Assets/A_piece_of_nature/Textures/Grass_texture_1.tif using Guid(f94c2f03437ca264c92799cbe69f6517) Importer(2089858483,0ecaa5967403d082aa24f35e1b516d23) Generated GUIDs only implemented for interfaces!
 -> (artifact id: 'f51598976c95f4ce0093f6ad23d9b739') in 0.061271 seconds
Number of updated asset objects reloaded before import = 0
Number of asset objects unloaded after import = 1
========================================================================
Received Import Request.
  Time since last request: 0.000022 seconds.
  path: Assets/Imported Assets/A_piece_of_nature/Textures/Pine_tree_texture.tif
  artifactKey: Guid(0f929383fe9e343468d15874eed91d02) Importer(2089858483,0ecaa5967403d082aa24f35e1b516d23)
Start importing Assets/Imported Assets/A_piece_of_nature/Textures/Pine_tree_texture.tif using Guid(0f929383fe9e343468d15874eed91d02) Importer(2089858483,0ecaa5967403d082aa24f35e1b516d23) Generated GUIDs only implemented for interfaces!
 -> (artifact id: '5c670f3f409909a8c26b7e134e3e204a') in 0.053999 seconds
Number of updated asset objects reloaded before import = 0
Number of asset objects unloaded after import = 1
========================================================================
Received Import Request.
  Time since last request: 0.000047 seconds.
  path: Assets/Imported Assets/EffectTexturesAndPrefabs/Prefabs/Fire_B.prefab
  artifactKey: Guid(83f5e574addfb424ebd95bbb8ff8b080) Importer(2089858483,0ecaa5967403d082aa24f35e1b516d23)
Start importing Assets/Imported Assets/EffectTexturesAndPrefabs/Prefabs/Fire_B.prefab using Guid(83f5e574addfb424ebd95bbb8ff8b080) Importer(2089858483,0ecaa5967403d082aa24f35e1b516d23) Generated GUIDs only implemented for interfaces!
 -> (artifact id: 'ff2d583062f93db44dcae51d89622b33') in 0.019431 seconds
Number of updated asset objects reloaded before import = 0
Number of asset objects unloaded after import = 16
========================================================================
Received Import Request.
  Time since last request: 0.000021 seconds.
  path: Assets/Imported Assets/EffectTexturesAndPrefabs/Textures/fire_A.png
  artifactKey: Guid(e4627330551d3014bb2d466848a06dff) Importer(2089858483,0ecaa5967403d082aa24f35e1b516d23)
Start importing Assets/Imported Assets/EffectTexturesAndPrefabs/Textures/fire_A.png using Guid(e4627330551d3014bb2d466848a06dff) Importer(2089858483,0ecaa5967403d082aa24f35e1b516d23) Generated GUIDs only implemented for interfaces!
 -> (artifact id: 'c692ce993644f4e663db1d92b6dbc756') in 0.047721 seconds
Number of updated asset objects reloaded before import = 0
Number of asset objects unloaded after import = 1
========================================================================
Received Import Request.
  Time since last request: 0.000019 seconds.
  path: Assets/Imported Assets/A_piece_of_nature/Textures/Rocks_3_4_normal.tif
  artifactKey: Guid(6ca617350c210c5459d408750698a3be) Importer(2089858483,0ecaa5967403d082aa24f35e1b516d23)
Start importing Assets/Imported Assets/A_piece_of_nature/Textures/Rocks_3_4_normal.tif using Guid(6ca617350c210c5459d408750698a3be) Importer(2089858483,0ecaa5967403d082aa24f35e1b516d23) Generated GUIDs only implemented for interfaces!
 -> (artifact id: 'd3d63750109dc55c25b483743c5e3831') in 0.055129 seconds
Number of updated asset objects reloaded before import = 0
Number of asset objects unloaded after import = 1
========================================================================
Received Import Request.
  Time since last request: 0.000023 seconds.
  path: Assets/Imported Assets/EffectTexturesAndPrefabs/Textures/ShockWave.png
  artifactKey: Guid(068fda816d1984c4d9d66984ad9d3a03) Importer(2089858483,0ecaa5967403d082aa24f35e1b516d23)
Start importing Assets/Imported Assets/EffectTexturesAndPrefabs/Textures/ShockWave.png using Guid(068fda816d1984c4d9d66984ad9d3a03) Importer(2089858483,0ecaa5967403d082aa24f35e1b516d23) Generated GUIDs only implemented for interfaces!
 -> (artifact id: '263db2571cc2ac6a61df3577d26d046c') in 0.047332 seconds
Number of updated asset objects reloaded before import = 0
Number of asset objects unloaded after import = 1
========================================================================
Received Import Request.
  Time since last request: 0.000065 seconds.
  path: Assets/Imported Assets/A_piece_of_nature/Textures/Pine_tree_normal.tif
  artifactKey: Guid(ea4f43aa50d38f74ba3f8bfadcf6bf99) Importer(2089858483,0ecaa5967403d082aa24f35e1b516d23)
Start importing Assets/Imported Assets/A_piece_of_nature/Textures/Pine_tree_normal.tif using Guid(ea4f43aa50d38f74ba3f8bfadcf6bf99) Importer(2089858483,0ecaa5967403d082aa24f35e1b516d23) Generated GUIDs only implemented for interfaces!
 -> (artifact id: 'a85e8138372aa71a3e8e273f67321cbb') in 0.050308 seconds
Number of updated asset objects reloaded before import = 0
Number of asset objects unloaded after import = 1
========================================================================
Received Import Request.
  Time since last request: 0.000023 seconds.
  path: Assets/Imported Assets/EffectTexturesAndPrefabs/Prefabs/smoke_thick.prefab
  artifactKey: Guid(d26aaf76e6e2409448242b9a2d66f31f) Importer(2089858483,0ecaa5967403d082aa24f35e1b516d23)
Start importing Assets/Imported Assets/EffectTexturesAndPrefabs/Prefabs/smoke_thick.prefab using Guid(d26aaf76e6e2409448242b9a2d66f31f) Importer(2089858483,0ecaa5967403d082aa24f35e1b516d23) Generated GUIDs only implemented for interfaces!
 -> (artifact id: 'f9428dff292726b0fcb156d5fa41ec66') in 0.023549 seconds
Number of updated asset objects reloaded before import = 0
Number of asset objects unloaded after import = 8
========================================================================
Received Import Request.
  Time since last request: 0.000024 seconds.
  path: Assets/Imported Assets/EffectTexturesAndPrefabs/Animations/MuzzleFlash_mesh.controller
  artifactKey: Guid(fdd3d6adc813bcf46ace9c323d95f644) Importer(2089858483,0ecaa5967403d082aa24f35e1b516d23)
Start importing Assets/Imported Assets/EffectTexturesAndPrefabs/Animations/MuzzleFlash_mesh.controller using Guid(fdd3d6adc813bcf46ace9c323d95f644) Importer(2089858483,0ecaa5967403d082aa24f35e1b516d23) Generated GUIDs only implemented for interfaces!
 -> (artifact id: '89d7f5deffad0eeff083f6f1c00f58e6') in 0.021257 seconds
Number of updated asset objects reloaded before import = 0
Number of asset objects unloaded after import = 4
========================================================================
Received Import Request.
  Time since last request: 0.000022 seconds.
  path: Assets/Imported Assets/EffectTexturesAndPrefabs/Textures/particle_A.png
  artifactKey: Guid(7a034c8d003ebef4d89457c73317547b) Importer(2089858483,0ecaa5967403d082aa24f35e1b516d23)
Start importing Assets/Imported Assets/EffectTexturesAndPrefabs/Textures/particle_A.png using Guid(7a034c8d003ebef4d89457c73317547b) Importer(2089858483,0ecaa5967403d082aa24f35e1b516d23) Generated GUIDs only implemented for interfaces!
 -> (artifact id: 'd165a62ad7828ec78c4655ed61ab49e3') in 0.056340 seconds
Number of updated asset objects reloaded before import = 0
Number of asset objects unloaded after import = 1
========================================================================
Received Import Request.
  Time since last request: 0.000378 seconds.
  path: Assets/Imported Assets/EffectTexturesAndPrefabs/Prefabs/Explosion_A.prefab
  artifactKey: Guid(779aa8c25fbd0e1488637639c9fff976) Importer(2089858483,0ecaa5967403d082aa24f35e1b516d23)
Start importing Assets/Imported Assets/EffectTexturesAndPrefabs/Prefabs/Explosion_A.prefab using Guid(779aa8c25fbd0e1488637639c9fff976) Importer(2089858483,0ecaa5967403d082aa24f35e1b516d23) Generated GUIDs only implemented for interfaces!
 -> (artifact id: 'e18dd4ce6c49f2298d13b7052e35d103') in 0.020660 seconds
Number of updated asset objects reloaded before import = 0
Number of asset objects unloaded after import = 16
========================================================================
Received Import Request.
  Time since last request: 0.000030 seconds.
  path: Assets/Imported Assets/AllSkyFree/Overcast Low/Sky_AllSky_Overcast4_Low_Cam_1_Back-Z.png
  artifactKey: Guid(4efb8fd75703d43cab6f01b240a7c945) Importer(2089858483,0ecaa5967403d082aa24f35e1b516d23)
Start importing Assets/Imported Assets/AllSkyFree/Overcast Low/Sky_AllSky_Overcast4_Low_Cam_1_Back-Z.png using Guid(4efb8fd75703d43cab6f01b240a7c945) Importer(2089858483,0ecaa5967403d082aa24f35e1b516d23) Generated GUIDs only implemented for interfaces!
 -> (artifact id: 'bb04110d69f13c0c5e89b35d18f008e7') in 0.048931 seconds
Number of updated asset objects reloaded before import = 0
Number of asset objects unloaded after import = 1
========================================================================
Received Import Request.
  Time since last request: 0.000037 seconds.
  path: Assets/Imported Assets/low poly pack/low poly/Untitled.fbx
  artifactKey: Guid(cb3d15a9f97c5014a822e9d235f96631) Importer(2089858483,0ecaa5967403d082aa24f35e1b516d23)
Start importing Assets/Imported Assets/low poly pack/low poly/Untitled.fbx using Guid(cb3d15a9f97c5014a822e9d235f96631) Importer(2089858483,0ecaa5967403d082aa24f35e1b516d23) Generated GUIDs only implemented for interfaces!
 -> (artifact id: 'cbc0297a24c55d6efef6c09dc989af36') in 0.057805 seconds
Number of updated asset objects reloaded before import = 0
Number of asset objects unloaded after import = 108
========================================================================
Received Import Request.
  Time since last request: 0.000028 seconds.
  path: Assets/Imported Assets/low poly pack/Materials/Mat.mat
  artifactKey: Guid(35ed71596f5afcd41b1a01e69ce8f9ea) Importer(2089858483,0ecaa5967403d082aa24f35e1b516d23)
Start importing Assets/Imported Assets/low poly pack/Materials/Mat.mat using Guid(35ed71596f5afcd41b1a01e69ce8f9ea) Importer(2089858483,0ecaa5967403d082aa24f35e1b516d23) Generated GUIDs only implemented for interfaces!
 -> (artifact id: '8d22b00fe124b282f183add05860005a') in 0.023817 seconds
Number of updated asset objects reloaded before import = 0
Number of asset objects unloaded after import = 1
========================================================================
Received Import Request.
  Time since last request: 0.000018 seconds.
  path: Assets/Imported Assets/low poly pack/Materials/m.mat
  artifactKey: Guid(a16fb1d9f4a687d4da7b31ddc4a7e616) Importer(2089858483,0ecaa5967403d082aa24f35e1b516d23)
Start importing Assets/Imported Assets/low poly pack/Materials/m.mat using Guid(a16fb1d9f4a687d4da7b31ddc4a7e616) Importer(2089858483,0ecaa5967403d082aa24f35e1b516d23) Generated GUIDs only implemented for interfaces!
 -> (artifact id: 'ab9d57b76ffed1e3c2929d54b55759f1') in 0.023281 seconds
Number of updated asset objects reloaded before import = 0
Number of asset objects unloaded after import = 1
========================================================================
Received Import Request.
  Time since last request: 0.000024 seconds.
  path: Assets/Imported Assets/low poly pack/Light and Reflection/ReflectionProbe-1.exr
  artifactKey: Guid(18de2bdef7775bd4e8a49eac19ee6e11) Importer(2089858483,0ecaa5967403d082aa24f35e1b516d23)
Start importing Assets/Imported Assets/low poly pack/Light and Reflection/ReflectionProbe-1.exr using Guid(18de2bdef7775bd4e8a49eac19ee6e11) Importer(2089858483,0ecaa5967403d082aa24f35e1b516d23) Generated GUIDs only implemented for interfaces!
 -> (artifact id: 'a04cb9149f9c4bc0cd90d52092c45a20') in 0.047909 seconds
Number of updated asset objects reloaded before import = 0
Number of asset objects unloaded after import = 1
========================================================================
Received Import Request.
  Time since last request: 0.000055 seconds.
  path: Assets/Imported Assets/low poly pack/Odject/Collapsible house.prefab
  artifactKey: Guid(e7bf7a1e5aeb9c24c85f488b9bc63df0) Importer(2089858483,0ecaa5967403d082aa24f35e1b516d23)
Start importing Assets/Imported Assets/low poly pack/Odject/Collapsible house.prefab using Guid(e7bf7a1e5aeb9c24c85f488b9bc63df0) Importer(2089858483,0ecaa5967403d082aa24f35e1b516d23) Generated GUIDs only implemented for interfaces!
 -> (artifact id: 'bf2880648ea73ba659afa640cf79888d') in 0.024237 seconds
Number of updated asset objects reloaded before import = 0
Number of asset objects unloaded after import = 219
========================================================================
Received Import Request.
  Time since last request: 0.000018 seconds.
  path: Assets/Imported Assets/low poly pack/Materials/Color_G06.mat
  artifactKey: Guid(4f1bb753ce0e49443892c791f4bcbf53) Importer(2089858483,0ecaa5967403d082aa24f35e1b516d23)
Start importing Assets/Imported Assets/low poly pack/Materials/Color_G06.mat using Guid(4f1bb753ce0e49443892c791f4bcbf53) Importer(2089858483,0ecaa5967403d082aa24f35e1b516d23) Generated GUIDs only implemented for interfaces!
 -> (artifact id: '989b5a4e8eddefff5da30e669991a19e') in 0.016689 seconds
Number of updated asset objects reloaded before import = 0
Number of asset objects unloaded after import = 1
========================================================================
Received Import Request.
  Time since last request: 0.000023 seconds.
  path: Assets/Imported Assets/low poly pack/Odject/Construction.prefab
  artifactKey: Guid(a3b2c2825e024e14c8709a1226383665) Importer(2089858483,0ecaa5967403d082aa24f35e1b516d23)
Start importing Assets/Imported Assets/low poly pack/Odject/Construction.prefab using Guid(a3b2c2825e024e14c8709a1226383665) Importer(2089858483,0ecaa5967403d082aa24f35e1b516d23) Generated GUIDs only implemented for interfaces!
 -> (artifact id: 'b59567b63a5fe3a356f040c72139b241') in 0.018139 seconds
Number of updated asset objects reloaded before import = 0
Number of asset objects unloaded after import = 46
========================================================================
Received Import Request.
  Time since last request: 0.000022 seconds.
  path: Assets/Imported Assets/low poly pack/Materials/Color_L02.mat
  artifactKey: Guid(90a894e86bba7dc479799db7ca253ac1) Importer(2089858483,0ecaa5967403d082aa24f35e1b516d23)
Start importing Assets/Imported Assets/low poly pack/Materials/Color_L02.mat using Guid(90a894e86bba7dc479799db7ca253ac1) Importer(2089858483,0ecaa5967403d082aa24f35e1b516d23) Generated GUIDs only implemented for interfaces!
 -> (artifact id: '313a868d45f19d357bf6e6b27b12e4f1') in 0.015865 seconds
Number of updated asset objects reloaded before import = 0
Number of asset objects unloaded after import = 1
========================================================================
Received Import Request.
  Time since last request: 0.000015 seconds.
  path: Assets/Imported Assets/low poly pack/Materials/Color_G07.mat
  artifactKey: Guid(643671f317f2cce4db634ce50602b4de) Importer(2089858483,0ecaa5967403d082aa24f35e1b516d23)
Start importing Assets/Imported Assets/low poly pack/Materials/Color_G07.mat using Guid(643671f317f2cce4db634ce50602b4de) Importer(2089858483,0ecaa5967403d082aa24f35e1b516d23) Generated GUIDs only implemented for interfaces!
 -> (artifact id: '7676f592b30784a3da0b8f286d5eb620') in 0.022094 seconds
Number of updated asset objects reloaded before import = 0
Number of asset objects unloaded after import = 1
========================================================================
Received Import Request.
  Time since last request: 0.000015 seconds.
  path: Assets/Imported Assets/low poly pack/Materials/Color_C06.mat
  artifactKey: Guid(95c3beb8b248b204894146096a21ae28) Importer(2089858483,0ecaa5967403d082aa24f35e1b516d23)
Start importing Assets/Imported Assets/low poly pack/Materials/Color_C06.mat using Guid(95c3beb8b248b204894146096a21ae28) Importer(2089858483,0ecaa5967403d082aa24f35e1b516d23) Generated GUIDs only implemented for interfaces!
 -> (artifact id: 'fb88e619dfd05792f97f242d1460cb6d') in 0.017440 seconds
Number of updated asset objects reloaded before import = 0
Number of asset objects unloaded after import = 1
========================================================================
Received Import Request.
  Time since last request: 0.000017 seconds.
  path: Assets/Imported Assets/low poly pack/Materials/Color_D06.mat
  artifactKey: Guid(99357ad4c09e168489c0e1b2e0b7feb8) Importer(2089858483,0ecaa5967403d082aa24f35e1b516d23)
Start importing Assets/Imported Assets/low poly pack/Materials/Color_D06.mat using Guid(99357ad4c09e168489c0e1b2e0b7feb8) Importer(2089858483,0ecaa5967403d082aa24f35e1b516d23) Generated GUIDs only implemented for interfaces!
 -> (artifact id: '2c08a685be66de8ffc0bc81c93f80f5f') in 0.015535 seconds
Number of updated asset objects reloaded before import = 0
Number of asset objects unloaded after import = 1
========================================================================
Received Import Request.
  Time since last request: 0.000016 seconds.
  path: Assets/Imported Assets/A_piece_of_nature/Textures/Grass.tif
  artifactKey: Guid(54001c9f98ef1114dbb8942d53dc36c6) Importer(2089858483,0ecaa5967403d082aa24f35e1b516d23)
Start importing Assets/Imported Assets/A_piece_of_nature/Textures/Grass.tif using Guid(54001c9f98ef1114dbb8942d53dc36c6) Importer(2089858483,0ecaa5967403d082aa24f35e1b516d23) Generated GUIDs only implemented for interfaces!
 -> (artifact id: '31680cbd881c66c0204d69c1412eb3fe') in 0.036345 seconds
Number of updated asset objects reloaded before import = 0
Number of asset objects unloaded after import = 1
========================================================================
Received Import Request.
  Time since last request: 0.000017 seconds.
  path: Assets/Imported Assets/AllSkyFree/_AllSkyFreeDemoEnvironment/AllSky_DemoEnvironment_Center.fbx
  artifactKey: Guid(258cb4865d37b4292be3195af50aaa8c) Importer(2089858483,0ecaa5967403d082aa24f35e1b516d23)
Start importing Assets/Imported Assets/AllSkyFree/_AllSkyFreeDemoEnvironment/AllSky_DemoEnvironment_Center.fbx using Guid(258cb4865d37b4292be3195af50aaa8c) Importer(2089858483,0ecaa5967403d082aa24f35e1b516d23) Generated GUIDs only implemented for interfaces!
 -> (artifact id: '1c7c13fc43433978a6a7dade653aa5a8') in 0.041244 seconds
Number of updated asset objects reloaded before import = 0
Number of asset objects unloaded after import = 7
========================================================================
Received Import Request.
  Time since last request: 0.000028 seconds.
  path: Assets/Imported Assets/A_piece_of_nature/Textures/Pine_tree_specular.tif
  artifactKey: Guid(53d342d54f861b44abe2ea87d3a4db09) Importer(2089858483,0ecaa5967403d082aa24f35e1b516d23)
Start importing Assets/Imported Assets/A_piece_of_nature/Textures/Pine_tree_specular.tif using Guid(53d342d54f861b44abe2ea87d3a4db09) Importer(2089858483,0ecaa5967403d082aa24f35e1b516d23) Generated GUIDs only implemented for interfaces!
 -> (artifact id: '9aeef2127bc0207905aeb333edb3fabc') in 0.034004 seconds
Number of updated asset objects reloaded before import = 0
Number of asset objects unloaded after import = 1
========================================================================
Received Import Request.
  Time since last request: 0.000025 seconds.
  path: Assets/Imported Assets/EffectTexturesAndPrefabs/Prefabs/HitEffect_A.prefab
  artifactKey: Guid(643639841fb531e4ba8097fed4eb9ac7) Importer(2089858483,0ecaa5967403d082aa24f35e1b516d23)
Start importing Assets/Imported Assets/EffectTexturesAndPrefabs/Prefabs/HitEffect_A.prefab using Guid(643639841fb531e4ba8097fed4eb9ac7) Importer(2089858483,0ecaa5967403d082aa24f35e1b516d23) Generated GUIDs only implemented for interfaces!
 -> (artifact id: '2c3520c71fdb7847c7145224269ff27e') in 0.015065 seconds
Number of updated asset objects reloaded before import = 0
Number of asset objects unloaded after import = 12
========================================================================
Received Import Request.
  Time since last request: 0.000017 seconds.
  path: Assets/Imported Assets/A_piece_of_nature/Materials/Pine_tree.mat
  artifactKey: Guid(cd07d8a28e2acb9468ecb30a6f45820b) Importer(2089858483,0ecaa5967403d082aa24f35e1b516d23)
Start importing Assets/Imported Assets/A_piece_of_nature/Materials/Pine_tree.mat using Guid(cd07d8a28e2acb9468ecb30a6f45820b) Importer(2089858483,0ecaa5967403d082aa24f35e1b516d23) Generated GUIDs only implemented for interfaces!
 -> (artifact id: '75124554e2830d3450ac2daf941e03eb') in 0.056319 seconds
Number of updated asset objects reloaded before import = 0
Number of asset objects unloaded after import = 4
========================================================================
Received Import Request.
  Time since last request: 0.000015 seconds.
  path: Assets/Imported Assets/AllSkyFree/Cartoon Base BlueSky/Sky_Day_BlueSky_Nothing_Cam_4_Up+Y.png
  artifactKey: Guid(5cf2d5ca2357a4d4fb98ebc5b6034e72) Importer(2089858483,0ecaa5967403d082aa24f35e1b516d23)
Start importing Assets/Imported Assets/AllSkyFree/Cartoon Base BlueSky/Sky_Day_BlueSky_Nothing_Cam_4_Up+Y.png using Guid(5cf2d5ca2357a4d4fb98ebc5b6034e72) Importer(2089858483,0ecaa5967403d082aa24f35e1b516d23) Generated GUIDs only implemented for interfaces!
 -> (artifact id: 'cbfd157dea14c40db83e6a08e7e7e288') in 0.039854 seconds
Number of updated asset objects reloaded before import = 0
Number of asset objects unloaded after import = 1
========================================================================
Received Import Request.
  Time since last request: 0.000020 seconds.
  path: Assets/Imported Assets/A_piece_of_nature/Readme.txt
  artifactKey: Guid(f7ddf5b2d74156045b7ef4eb5e55faef) Importer(2089858483,0ecaa5967403d082aa24f35e1b516d23)
Start importing Assets/Imported Assets/A_piece_of_nature/Readme.txt using Guid(f7ddf5b2d74156045b7ef4eb5e55faef) Importer(2089858483,0ecaa5967403d082aa24f35e1b516d23) Generated GUIDs only implemented for interfaces!
 -> (artifact id: '91b5ebbfe9645c5582adc9b5b3c3e163') in 0.012391 seconds
Number of updated asset objects reloaded before import = 0
Number of asset objects unloaded after import = 1
========================================================================
Received Import Request.
  Time since last request: 0.000020 seconds.
  path: Assets/Imported Assets/low poly pack/Odject/Construction1.prefab
  artifactKey: Guid(d832a3f9ac51c37479027671c73b69fe) Importer(2089858483,0ecaa5967403d082aa24f35e1b516d23)
Start importing Assets/Imported Assets/low poly pack/Odject/Construction1.prefab using Guid(d832a3f9ac51c37479027671c73b69fe) Importer(2089858483,0ecaa5967403d082aa24f35e1b516d23) Generated GUIDs only implemented for interfaces!
 -> (artifact id: '1216da0747e86fe114cc35610b5e7434') in 0.016598 seconds
Number of updated asset objects reloaded before import = 0
Number of asset objects unloaded after import = 53
========================================================================
Received Import Request.
  Time since last request: 0.000015 seconds.
  path: Assets/Imported Assets/low poly pack/Materials/Color_B05.mat
  artifactKey: Guid(e9399dcffa4b6d9458aad222de5126e8) Importer(2089858483,0ecaa5967403d082aa24f35e1b516d23)
Start importing Assets/Imported Assets/low poly pack/Materials/Color_B05.mat using Guid(e9399dcffa4b6d9458aad222de5126e8) Importer(2089858483,0ecaa5967403d082aa24f35e1b516d23) Generated GUIDs only implemented for interfaces!
 -> (artifact id: 'e29783f4ec8f8da016bdb863c99f13db') in 0.014274 seconds
Number of updated asset objects reloaded before import = 0
Number of asset objects unloaded after import = 1
========================================================================
Received Import Request.
  Time since last request: 0.000018 seconds.
  path: Assets/Imported Assets/low poly pack/Materials/Color_B06.mat
  artifactKey: Guid(76ae488fd0349d942a1cc80800d98e25) Importer(2089858483,0ecaa5967403d082aa24f35e1b516d23)
Start importing Assets/Imported Assets/low poly pack/Materials/Color_B06.mat using Guid(76ae488fd0349d942a1cc80800d98e25) Importer(2089858483,0ecaa5967403d082aa24f35e1b516d23) Generated GUIDs only implemented for interfaces!
 -> (artifact id: '3758c7ea1273ea8f8fa47ede8ca68843') in 0.018086 seconds
Number of updated asset objects reloaded before import = 0
Number of asset objects unloaded after import = 1
========================================================================
Received Import Request.
  Time since last request: 0.000018 seconds.
  path: Assets/Imported Assets/low poly pack/land/Land4.prefab
  artifactKey: Guid(6e1b0156461b84e4793afa1e3d832ed0) Importer(2089858483,0ecaa5967403d082aa24f35e1b516d23)
Start importing Assets/Imported Assets/low poly pack/land/Land4.prefab using Guid(6e1b0156461b84e4793afa1e3d832ed0) Importer(2089858483,0ecaa5967403d082aa24f35e1b516d23) Generated GUIDs only implemented for interfaces!
 -> (artifact id: '71b6ebf5ae096f4e215a516d96851fba') in 0.015843 seconds
Number of updated asset objects reloaded before import = 0
Number of asset objects unloaded after import = 9
========================================================================
Received Import Request.
  Time since last request: 0.000024 seconds.
  path: Assets/Imported Assets/EffectTexturesAndPrefabs/Textures/star_A.png
  artifactKey: Guid(2a333df97c48b2b4e9610c526a3c3e5e) Importer(2089858483,0ecaa5967403d082aa24f35e1b516d23)
Start importing Assets/Imported Assets/EffectTexturesAndPrefabs/Textures/star_A.png using Guid(2a333df97c48b2b4e9610c526a3c3e5e) Importer(2089858483,0ecaa5967403d082aa24f35e1b516d23) Generated GUIDs only implemented for interfaces!
 -> (artifact id: '43af9bf2be669f0c699fd784621d91a0') in 0.036418 seconds
Number of updated asset objects reloaded before import = 0
Number of asset objects unloaded after import = 1
========================================================================
Received Import Request.
  Time since last request: 0.000042 seconds.
  path: Assets/Imported Assets/low poly pack/land/Land1.prefab
  artifactKey: Guid(1699844328b271b4a82793168a3d421e) Importer(2089858483,0ecaa5967403d082aa24f35e1b516d23)
Start importing Assets/Imported Assets/low poly pack/land/Land1.prefab using Guid(1699844328b271b4a82793168a3d421e) Importer(2089858483,0ecaa5967403d082aa24f35e1b516d23) Generated GUIDs only implemented for interfaces!
 -> (artifact id: '2a5f9d87487dbb6b2a99e85e68160af0') in 0.016456 seconds
Number of updated asset objects reloaded before import = 0
Number of asset objects unloaded after import = 9
========================================================================
Received Import Request.
  Time since last request: 0.000017 seconds.
  path: Assets/Imported Assets/low poly pack/Materials/Color_H08.mat
  artifactKey: Guid(5127465764c7204489908865389649de) Importer(2089858483,0ecaa5967403d082aa24f35e1b516d23)
Start importing Assets/Imported Assets/low poly pack/Materials/Color_H08.mat using Guid(5127465764c7204489908865389649de) Importer(2089858483,0ecaa5967403d082aa24f35e1b516d23) Generated GUIDs only implemented for interfaces!
 -> (artifact id: '245ee396a6fb3c1d3f0c69f0d4ce8bc3') in 0.017301 seconds
Number of updated asset objects reloaded before import = 0
Number of asset objects unloaded after import = 1
========================================================================
Received Import Request.
  Time since last request: 0.000018 seconds.
  path: Assets/Imported Assets/AllSkyFree/Night MoonBurst/Night Moon Burst.unity
  artifactKey: Guid(40af7173f2b2d4f9283c3832d0ebcb31) Importer(2089858483,0ecaa5967403d082aa24f35e1b516d23)
Start importing Assets/Imported Assets/AllSkyFree/Night MoonBurst/Night Moon Burst.unity using Guid(40af7173f2b2d4f9283c3832d0ebcb31) Importer(2089858483,0ecaa5967403d082aa24f35e1b516d23) Generated GUIDs only implemented for interfaces!
 -> (artifact id: 'd46cbcdf53112c5253a97aefcc4e7e25') in 0.011856 seconds
Number of updated asset objects reloaded before import = 0
Number of asset objects unloaded after import = 1
========================================================================
Received Import Request.
  Time since last request: 0.000019 seconds.
  path: Assets/Imported Assets/AllSkyFree/Space_AnotherPlanet/AllSky_Space_AnotherPlanet_Cam_4_Up+Y.png
  artifactKey: Guid(a6e9f4ff100a94264a812ad74e17416c) Importer(2089858483,0ecaa5967403d082aa24f35e1b516d23)
Start importing Assets/Imported Assets/AllSkyFree/Space_AnotherPlanet/AllSky_Space_AnotherPlanet_Cam_4_Up+Y.png using Guid(a6e9f4ff100a94264a812ad74e17416c) Importer(2089858483,0ecaa5967403d082aa24f35e1b516d23) Generated GUIDs only implemented for interfaces!
 -> (artifact id: 'd89ba158b8eafebf5bf6e69baa29ed1c') in 0.039558 seconds
Number of updated asset objects reloaded before import = 0
Number of asset objects unloaded after import = 1
========================================================================
Received Import Request.
  Time since last request: 0.000018 seconds.
  path: Assets/Imported Assets/AllSkyFree/_AllSkyFreeDemoEnvironment/AllSky_DemoEnvironment02.fbx
  artifactKey: Guid(e8f07670fb0274e35a65e6e98594a930) Importer(2089858483,0ecaa5967403d082aa24f35e1b516d23)
Start importing Assets/Imported Assets/AllSkyFree/_AllSkyFreeDemoEnvironment/AllSky_DemoEnvironment02.fbx using Guid(e8f07670fb0274e35a65e6e98594a930) Importer(2089858483,0ecaa5967403d082aa24f35e1b516d23) Generated GUIDs only implemented for interfaces!
 -> (artifact id: '4c1ab6425dce02cce3dbf8df2f03f08f') in 0.064836 seconds
Number of updated asset objects reloaded before import = 0
Number of asset objects unloaded after import = 7
========================================================================
Received Import Request.
  Time since last request: 0.000018 seconds.
  path: Assets/Scripts/BattleScripts/Projectile.cs
  artifactKey: Guid(b7a0c41400ddb3e4aa97a3f0fbbfef4a) Importer(2089858483,0ecaa5967403d082aa24f35e1b516d23)
Start importing Assets/Scripts/BattleScripts/Projectile.cs using Guid(b7a0c41400ddb3e4aa97a3f0fbbfef4a) Importer(2089858483,0ecaa5967403d082aa24f35e1b516d23) Generated GUIDs only implemented for interfaces!
 -> (artifact id: '8b9a26d83f4e1778355acbb96dccc263') in 0.019106 seconds
Number of updated asset objects reloaded before import = 0
Number of asset objects unloaded after import = 1
========================================================================
Received Import Request.
  Time since last request: 0.000029 seconds.
  path: Assets/Imported Assets/low poly pack/Materials/Color_D05.mat
  artifactKey: Guid(49f160a9d7360394ab5bb34ff78535a1) Importer(2089858483,0ecaa5967403d082aa24f35e1b516d23)
Start importing Assets/Imported Assets/low poly pack/Materials/Color_D05.mat using Guid(49f160a9d7360394ab5bb34ff78535a1) Importer(2089858483,0ecaa5967403d082aa24f35e1b516d23) Generated GUIDs only implemented for interfaces!
 -> (artifact id: '4e9b29312ad9c64d4a8835eeed164324') in 0.016188 seconds
Number of updated asset objects reloaded before import = 0
Number of asset objects unloaded after import = 1
========================================================================
Received Import Request.
  Time since last request: 0.000022 seconds.
  path: Assets/Imported Assets/AllSkyFree/Overcast Low/Sky_AllSky_Overcast4_Low_Cam_0_Front+Z.png
  artifactKey: Guid(402fe3aa91fba453f92dd3bbe820dbd9) Importer(2089858483,0ecaa5967403d082aa24f35e1b516d23)
Start importing Assets/Imported Assets/AllSkyFree/Overcast Low/Sky_AllSky_Overcast4_Low_Cam_0_Front+Z.png using Guid(402fe3aa91fba453f92dd3bbe820dbd9) Importer(2089858483,0ecaa5967403d082aa24f35e1b516d23) Generated GUIDs only implemented for interfaces!
 -> (artifact id: 'fa96959885646c17a804fee9dbe7c39d') in 0.044070 seconds
Number of updated asset objects reloaded before import = 0
Number of asset objects unloaded after import = 1
========================================================================
Received Import Request.
  Time since last request: 0.089382 seconds.
  path: Assets/Imported Assets/low poly pack/Odject/Construction15.prefab
  artifactKey: Guid(1365cba3e29ac804dbaa96bd89a1db02) Importer(2089858483,0ecaa5967403d082aa24f35e1b516d23)
Start importing Assets/Imported Assets/low poly pack/Odject/Construction15.prefab using Guid(1365cba3e29ac804dbaa96bd89a1db02) Importer(2089858483,0ecaa5967403d082aa24f35e1b516d23) Generated GUIDs only implemented for interfaces!
 -> (artifact id: '380b1e90991e87ff3722437ba4cb9ef3') in 0.015315 seconds
Number of updated asset objects reloaded before import = 0
Number of asset objects unloaded after import = 23
========================================================================
Received Import Request.
  Time since last request: 0.000016 seconds.
  path: Assets/Imported Assets/low poly pack/Wolf/wolf_lod_0.prefab
  artifactKey: Guid(6df978a1d3461704a99decb73f8e47e4) Importer(2089858483,0ecaa5967403d082aa24f35e1b516d23)
Start importing Assets/Imported Assets/low poly pack/Wolf/wolf_lod_0.prefab using Guid(6df978a1d3461704a99decb73f8e47e4) Importer(2089858483,0ecaa5967403d082aa24f35e1b516d23) Generated GUIDs only implemented for interfaces!
 -> (artifact id: 'f858c25b7c24eea057b3584e73323412') in 0.016644 seconds
Number of updated asset objects reloaded before import = 0
Number of asset objects unloaded after import = 60
========================================================================
Received Import Request.
  Time since last request: 0.000017 seconds.
  path: Assets/Imported Assets/low poly pack/scene/Demo3Settings.lighting
  artifactKey: Guid(00c8c8bb7820b9f4cb01190a19694480) Importer(2089858483,0ecaa5967403d082aa24f35e1b516d23)
Start importing Assets/Imported Assets/low poly pack/scene/Demo3Settings.lighting using Guid(00c8c8bb7820b9f4cb01190a19694480) Importer(2089858483,0ecaa5967403d082aa24f35e1b516d23) LightingSettings: switching bake backend from 1 to 0.
Generated GUIDs only implemented for interfaces!
 -> (artifact id: '93fe9c6005dd67f718da3c7d94367771') in 0.022724 seconds
Number of updated asset objects reloaded before import = 0
Number of asset objects unloaded after import = 1
========================================================================
Received Import Request.
  Time since last request: 0.000024 seconds.
  path: Assets/Imported Assets/low poly pack/Sky/Sky.prefab
  artifactKey: Guid(8e49073458b157e4c88c829c5a2ea603) Importer(2089858483,0ecaa5967403d082aa24f35e1b516d23)
Start importing Assets/Imported Assets/low poly pack/Sky/Sky.prefab using Guid(8e49073458b157e4c88c829c5a2ea603) Importer(2089858483,0ecaa5967403d082aa24f35e1b516d23) Generated GUIDs only implemented for interfaces!
 -> (artifact id: 'ec1842d8ff86132653fdf8bbf0141fd3') in 0.018174 seconds
Number of updated asset objects reloaded before import = 0
Number of asset objects unloaded after import = 9
========================================================================
Received Import Request.
  Time since last request: 0.000019 seconds.
  path: Assets/Imported Assets/low poly pack/Odject/Construction18.prefab
  artifactKey: Guid(35b8dbc4122cfe84db55a8b049960108) Importer(2089858483,0ecaa5967403d082aa24f35e1b516d23)
Start importing Assets/Imported Assets/low poly pack/Odject/Construction18.prefab using Guid(35b8dbc4122cfe84db55a8b049960108) Importer(2089858483,0ecaa5967403d082aa24f35e1b516d23) Generated GUIDs only implemented for interfaces!
 -> (artifact id: '4e00c6b1af95dfa7c51aba36083e2bf7') in 0.017940 seconds
Number of updated asset objects reloaded before import = 0
Number of asset objects unloaded after import = 9
========================================================================
Received Import Request.
  Time since last request: 0.000025 seconds.
  path: Assets/Imported Assets/Low-Poly Weapons/Models/Grenade_Smoke.fbx
  artifactKey: Guid(9a38c879ddeb74214b97b361e8e5fee9) Importer(2089858483,0ecaa5967403d082aa24f35e1b516d23)
Start importing Assets/Imported Assets/Low-Poly Weapons/Models/Grenade_Smoke.fbx using Guid(9a38c879ddeb74214b97b361e8e5fee9) Importer(2089858483,0ecaa5967403d082aa24f35e1b516d23) Generated GUIDs only implemented for interfaces!
 -> (artifact id: 'cd5cbcac4220a61314209629dc23c90d') in 0.027746 seconds
Number of updated asset objects reloaded before import = 0
Number of asset objects unloaded after import = 7
========================================================================
Received Import Request.
  Time since last request: 0.000017 seconds.
  path: Assets/Imported Assets/low poly pack/Tre/Wood.prefab
  artifactKey: Guid(ab5cfcdb818ae4a43a8ff18f1fedb803) Importer(2089858483,0ecaa5967403d082aa24f35e1b516d23)
Start importing Assets/Imported Assets/low poly pack/Tre/Wood.prefab using Guid(ab5cfcdb818ae4a43a8ff18f1fedb803) Importer(2089858483,0ecaa5967403d082aa24f35e1b516d23) Generated GUIDs only implemented for interfaces!
 -> (artifact id: '7f60f9ae8708f293ddde21eeac858dc9') in 0.018734 seconds
Number of updated asset objects reloaded before import = 0
Number of asset objects unloaded after import = 9
========================================================================
Received Import Request.
  Time since last request: 0.000021 seconds.
  path: Assets/Imported Assets/Low-Poly Weapons/Models/Dagger.fbx
  artifactKey: Guid(db56260143b5948a88d20ae44f2441a0) Importer(2089858483,0ecaa5967403d082aa24f35e1b516d23)
Start importing Assets/Imported Assets/Low-Poly Weapons/Models/Dagger.fbx using Guid(db56260143b5948a88d20ae44f2441a0) Importer(2089858483,0ecaa5967403d082aa24f35e1b516d23) Generated GUIDs only implemented for interfaces!
 -> (artifact id: 'f6534653f7fe49db03735a3a855d1f54') in 0.029545 seconds
Number of updated asset objects reloaded before import = 0
Number of asset objects unloaded after import = 7
========================================================================
Received Import Request.
  Time since last request: 0.000026 seconds.
  path: Assets/Imported Assets/Low-Poly Weapons/Models/Arrow_Piercing.fbx
  artifactKey: Guid(a6dbb2c6393664ec3bfff79ef7bcad30) Importer(2089858483,0ecaa5967403d082aa24f35e1b516d23)
Start importing Assets/Imported Assets/Low-Poly Weapons/Models/Arrow_Piercing.fbx using Guid(a6dbb2c6393664ec3bfff79ef7bcad30) Importer(2089858483,0ecaa5967403d082aa24f35e1b516d23) Generated GUIDs only implemented for interfaces!
 -> (artifact id: '125f7653fc32c9d82a14ab823f8b3d97') in 0.046906 seconds
Number of updated asset objects reloaded before import = 0
Number of asset objects unloaded after import = 10
========================================================================
Received Import Request.
  Time since last request: 0.000022 seconds.
  path: Assets/Imported Assets/low poly pack/Tre/Palm.prefab
  artifactKey: Guid(341b4b7533739484a9a336d86b382d62) Importer(2089858483,0ecaa5967403d082aa24f35e1b516d23)
Start importing Assets/Imported Assets/low poly pack/Tre/Palm.prefab using Guid(341b4b7533739484a9a336d86b382d62) Importer(2089858483,0ecaa5967403d082aa24f35e1b516d23) Generated GUIDs only implemented for interfaces!
 -> (artifact id: '5f3ec520f82fcc79371da049666ff603') in 0.015156 seconds
Number of updated asset objects reloaded before import = 0
Number of asset objects unloaded after import = 83
========================================================================
Received Import Request.
  Time since last request: 0.000026 seconds.
  path: Assets/Imported Assets/low poly pack/Particle/Demo.unity
  artifactKey: Guid(1ce15f3e848095842978d5b31e97ce22) Importer(2089858483,0ecaa5967403d082aa24f35e1b516d23)
Start importing Assets/Imported Assets/low poly pack/Particle/Demo.unity using Guid(1ce15f3e848095842978d5b31e97ce22) Importer(2089858483,0ecaa5967403d082aa24f35e1b516d23) Generated GUIDs only implemented for interfaces!
 -> (artifact id: 'd39363e73d2d17eb3dcfe22ff92694c3') in 0.011675 seconds
Number of updated asset objects reloaded before import = 0
Number of asset objects unloaded after import = 1
========================================================================
Received Import Request.
  Time since last request: 0.000095 seconds.
  path: Assets/Imported Assets/Low-Poly Weapons/Models/Grenade_Sulfur.fbx
  artifactKey: Guid(11e0aa3611e3840ecb8a4f54e9b9634d) Importer(2089858483,0ecaa5967403d082aa24f35e1b516d23)
Start importing Assets/Imported Assets/Low-Poly Weapons/Models/Grenade_Sulfur.fbx using Guid(11e0aa3611e3840ecb8a4f54e9b9634d) Importer(2089858483,0ecaa5967403d082aa24f35e1b516d23) Generated GUIDs only implemented for interfaces!
 -> (artifact id: '4f1e6f06349ac85da752405c2ce8a73d') in 0.030700 seconds
Number of updated asset objects reloaded before import = 0
Number of asset objects unloaded after import = 7
========================================================================
Received Import Request.
  Time since last request: 0.000015 seconds.
  path: Assets/Imported Assets/low poly pack/Terain/Island.prefab
  artifactKey: Guid(b1195d70df4a8174c8aa1ae02d07c16d) Importer(2089858483,0ecaa5967403d082aa24f35e1b516d23)
Start importing Assets/Imported Assets/low poly pack/Terain/Island.prefab using Guid(b1195d70df4a8174c8aa1ae02d07c16d) Importer(2089858483,0ecaa5967403d082aa24f35e1b516d23) Generated GUIDs only implemented for interfaces!
 -> (artifact id: '60bbfe1f6d818502176c745af32834c9') in 0.016005 seconds
Number of updated asset objects reloaded before import = 0
Number of asset objects unloaded after import = 9
========================================================================
Received Import Request.
  Time since last request: 0.000016 seconds.
  path: Assets/Imported Assets/low poly pack/Terain/Island 2.prefab
  artifactKey: Guid(5646abc556d558249902f0a6b84a55c5) Importer(2089858483,0ecaa5967403d082aa24f35e1b516d23)
Start importing Assets/Imported Assets/low poly pack/Terain/Island 2.prefab using Guid(5646abc556d558249902f0a6b84a55c5) Importer(2089858483,0ecaa5967403d082aa24f35e1b516d23) Generated GUIDs only implemented for interfaces!
 -> (artifact id: '8053564379bb94f5bf7e478f2e43400d') in 0.012860 seconds
Number of updated asset objects reloaded before import = 0
Number of asset objects unloaded after import = 9
========================================================================
Received Import Request.
  Time since last request: 0.000017 seconds.
  path: Assets/Imported Assets/low poly pack/Tre/grass2.prefab
  artifactKey: Guid(f399eaefd092a39448a107d65aaa38c1) Importer(2089858483,0ecaa5967403d082aa24f35e1b516d23)
Start importing Assets/Imported Assets/low poly pack/Tre/grass2.prefab using Guid(f399eaefd092a39448a107d65aaa38c1) Importer(2089858483,0ecaa5967403d082aa24f35e1b516d23) Generated GUIDs only implemented for interfaces!
 -> (artifact id: '612dc90f5cf14c7cf5f25d21a85ec587') in 0.016018 seconds
Number of updated asset objects reloaded before import = 0
Number of asset objects unloaded after import = 9
========================================================================
Received Import Request.
  Time since last request: 0.000014 seconds.
  path: Assets/Imported Assets/low poly pack/scene/Demo2.unity
  artifactKey: Guid(7fffaa43f90043a49ac555a4cde2f397) Importer(2089858483,0ecaa5967403d082aa24f35e1b516d23)
Start importing Assets/Imported Assets/low poly pack/scene/Demo2.unity using Guid(7fffaa43f90043a49ac555a4cde2f397) Importer(2089858483,0ecaa5967403d082aa24f35e1b516d23) Generated GUIDs only implemented for interfaces!
 -> (artifact id: '0c0ad5060b75125d06c1755cc2aa2a2a') in 0.013495 seconds
Number of updated asset objects reloaded before import = 0
Number of asset objects unloaded after import = 1
========================================================================
Received Import Request.
  Time since last request: 0.000021 seconds.
  path: Assets/Imported Assets/Low-Poly Weapons/Models/Arrow_Regular.fbx
  artifactKey: Guid(50a2457a4e6e34726805bc233f01b387) Importer(2089858483,0ecaa5967403d082aa24f35e1b516d23)
Start importing Assets/Imported Assets/Low-Poly Weapons/Models/Arrow_Regular.fbx using Guid(50a2457a4e6e34726805bc233f01b387) Importer(2089858483,0ecaa5967403d082aa24f35e1b516d23) Generated GUIDs only implemented for interfaces!
 -> (artifact id: '3b2612db8c4eb4b9520f33ca6fe311a0') in 0.035113 seconds
Number of updated asset objects reloaded before import = 0
Number of asset objects unloaded after import = 10
========================================================================
Received Import Request.
  Time since last request: 0.000016 seconds.
  path: Assets/Imported Assets/low poly pack/Particle/DemoSettings.lighting
  artifactKey: Guid(a583bf6b17252f549a05cc4c9b863f71) Importer(2089858483,0ecaa5967403d082aa24f35e1b516d23)
Start importing Assets/Imported Assets/low poly pack/Particle/DemoSettings.lighting using Guid(a583bf6b17252f549a05cc4c9b863f71) Importer(2089858483,0ecaa5967403d082aa24f35e1b516d23) LightingSettings: switching bake backend from 1 to 0.
Generated GUIDs only implemented for interfaces!
 -> (artifact id: '10ee5fc73ae55619e70ff677bbf055db') in 0.020826 seconds
Number of updated asset objects reloaded before import = 0
Number of asset objects unloaded after import = 1
========================================================================
Received Import Request.
  Time since last request: 0.000022 seconds.
  path: Assets/Imported Assets/low poly pack/Odject/Construction23.prefab
  artifactKey: Guid(bfdd8187afba8d04a92026b647b4dd39) Importer(2089858483,0ecaa5967403d082aa24f35e1b516d23)
Start importing Assets/Imported Assets/low poly pack/Odject/Construction23.prefab using Guid(bfdd8187afba8d04a92026b647b4dd39) Importer(2089858483,0ecaa5967403d082aa24f35e1b516d23) Generated GUIDs only implemented for interfaces!
 -> (artifact id: '1959820a5650e8ecfd86447eb843fe86') in 0.015907 seconds
Number of updated asset objects reloaded before import = 0
Number of asset objects unloaded after import = 25
========================================================================
Received Import Request.
  Time since last request: 0.000028 seconds.
  path: Assets/Imported Assets/low poly pack/Tre/eer8.prefab
  artifactKey: Guid(19c42e780c9554544b85d9dc79515564) Importer(2089858483,0ecaa5967403d082aa24f35e1b516d23)
Start importing Assets/Imported Assets/low poly pack/Tre/eer8.prefab using Guid(19c42e780c9554544b85d9dc79515564) Importer(2089858483,0ecaa5967403d082aa24f35e1b516d23) Generated GUIDs only implemented for interfaces!
 -> (artifact id: 'e8379aa14e51c5dc9c9b3a6a25f80003') in 0.017235 seconds
Number of updated asset objects reloaded before import = 0
Number of asset objects unloaded after import = 32
========================================================================
Received Import Request.
  Time since last request: 0.000020 seconds.
  path: Assets/Imported Assets/low poly pack/Rock/Rock5.prefab
  artifactKey: Guid(ad69e332a1d80ce4d875aa1931fc2a41) Importer(2089858483,0ecaa5967403d082aa24f35e1b516d23)
Start importing Assets/Imported Assets/low poly pack/Rock/Rock5.prefab using Guid(ad69e332a1d80ce4d875aa1931fc2a41) Importer(2089858483,0ecaa5967403d082aa24f35e1b516d23) Generated GUIDs only implemented for interfaces!
 -> (artifact id: 'dbf3514c7586732e49b593b3996c89a8') in 0.014099 seconds
Number of updated asset objects reloaded before import = 0
Number of asset objects unloaded after import = 9
========================================================================
Received Import Request.
  Time since last request: 0.000021 seconds.
  path: Assets/Imported Assets/low poly pack/Tre/eer7.prefab
  artifactKey: Guid(75ccb0388df1dd14a864b3130ba2ba57) Importer(2089858483,0ecaa5967403d082aa24f35e1b516d23)
Start importing Assets/Imported Assets/low poly pack/Tre/eer7.prefab using Guid(75ccb0388df1dd14a864b3130ba2ba57) Importer(2089858483,0ecaa5967403d082aa24f35e1b516d23) Generated GUIDs only implemented for interfaces!
 -> (artifact id: 'bbe00253db8b6c60ca0964466a2c6031') in 0.026700 seconds
Number of updated asset objects reloaded before import = 0
Number of asset objects unloaded after import = 53
========================================================================
Received Import Request.
  Time since last request: 0.000014 seconds.
  path: Assets/Imported Assets/low poly pack/Rock/rock6.prefab
  artifactKey: Guid(0c7a358b557ecf841854bb8052e98f62) Importer(2089858483,0ecaa5967403d082aa24f35e1b516d23)
Start importing Assets/Imported Assets/low poly pack/Rock/rock6.prefab using Guid(0c7a358b557ecf841854bb8052e98f62) Importer(2089858483,0ecaa5967403d082aa24f35e1b516d23) Generated GUIDs only implemented for interfaces!
 -> (artifact id: '6c43dad6ad787d7daaecef8ae33b2499') in 0.014760 seconds
Number of updated asset objects reloaded before import = 0
Number of asset objects unloaded after import = 9
========================================================================
Received Import Request.
  Time since last request: 0.000015 seconds.
  path: Assets/Imported Assets/Low-Poly Weapons/Models/Shield.fbx
  artifactKey: Guid(176b2704b742b4e13a95b47b307c3266) Importer(2089858483,0ecaa5967403d082aa24f35e1b516d23)
Start importing Assets/Imported Assets/Low-Poly Weapons/Models/Shield.fbx using Guid(176b2704b742b4e13a95b47b307c3266) Importer(2089858483,0ecaa5967403d082aa24f35e1b516d23) Generated GUIDs only implemented for interfaces!
 -> (artifact id: '80381b3bd5ca9449f3dde9ef25a3821d') in 0.026115 seconds
Number of updated asset objects reloaded before import = 0
Number of asset objects unloaded after import = 7
========================================================================
Received Import Request.
  Time since last request: 0.000074 seconds.
  path: Assets/Imported Assets/low poly pack/Odject/Construction17.prefab
  artifactKey: Guid(38cca885a751fae49a8eba90da136e88) Importer(2089858483,0ecaa5967403d082aa24f35e1b516d23)
Start importing Assets/Imported Assets/low poly pack/Odject/Construction17.prefab using Guid(38cca885a751fae49a8eba90da136e88) Importer(2089858483,0ecaa5967403d082aa24f35e1b516d23) Generated GUIDs only implemented for interfaces!
 -> (artifact id: '431dba842d683a25456edda75ab87142') in 0.015219 seconds
Number of updated asset objects reloaded before import = 0
Number of asset objects unloaded after import = 9
========================================================================
Received Import Request.
  Time since last request: 0.000013 seconds.
  path: Assets/Imported Assets/low poly pack/Tre/Eer1 1.prefab
  artifactKey: Guid(f1fd456df4e5ada4ba3c8765824aaf3a) Importer(2089858483,0ecaa5967403d082aa24f35e1b516d23)
Start importing Assets/Imported Assets/low poly pack/Tre/Eer1 1.prefab using Guid(f1fd456df4e5ada4ba3c8765824aaf3a) Importer(2089858483,0ecaa5967403d082aa24f35e1b516d23) Generated GUIDs only implemented for interfaces!
 -> (artifact id: 'a70919248e0d9b76a26f3edb8103658c') in 0.014701 seconds
Number of updated asset objects reloaded before import = 0
Number of asset objects unloaded after import = 71
========================================================================
Received Import Request.
  Time since last request: 0.000029 seconds.
  path: Assets/Imported Assets/Low-Poly Weapons/Models/Potion_Stamina.fbx
  artifactKey: Guid(0e82068f10f7f446f9d0f4f5a89e8573) Importer(2089858483,0ecaa5967403d082aa24f35e1b516d23)
Start importing Assets/Imported Assets/Low-Poly Weapons/Models/Potion_Stamina.fbx using Guid(0e82068f10f7f446f9d0f4f5a89e8573) Importer(2089858483,0ecaa5967403d082aa24f35e1b516d23) Generated GUIDs only implemented for interfaces!
 -> (artifact id: 'dfbf397f49c2221e5782d56fb53f7ca6') in 0.028141 seconds
Number of updated asset objects reloaded before import = 0
Number of asset objects unloaded after import = 7
========================================================================
Received Import Request.
  Time since last request: 0.000034 seconds.
  path: Assets/Imported Assets/low poly pack/Odject/Construction20.prefab
  artifactKey: Guid(a153ff880b0acc44282aa547c73fbd33) Importer(2089858483,0ecaa5967403d082aa24f35e1b516d23)
Start importing Assets/Imported Assets/low poly pack/Odject/Construction20.prefab using Guid(a153ff880b0acc44282aa547c73fbd33) Importer(2089858483,0ecaa5967403d082aa24f35e1b516d23) Generated GUIDs only implemented for interfaces!
 -> (artifact id: 'fc8a43c9ae01f970c862da23973e5288') in 0.021204 seconds
Number of updated asset objects reloaded before import = 0
Number of asset objects unloaded after import = 9
========================================================================
Received Import Request.
  Time since last request: 0.000021 seconds.
  path: Assets/Imported Assets/low poly pack/Tre/eer9.prefab
  artifactKey: Guid(5317d7305db54e6458eed3a16886d7fc) Importer(2089858483,0ecaa5967403d082aa24f35e1b516d23)
Start importing Assets/Imported Assets/low poly pack/Tre/eer9.prefab using Guid(5317d7305db54e6458eed3a16886d7fc) Importer(2089858483,0ecaa5967403d082aa24f35e1b516d23) Generated GUIDs only implemented for interfaces!
 -> (artifact id: 'c24d31be531652e718168d9b708ac50d') in 0.017213 seconds
Number of updated asset objects reloaded before import = 0
Number of asset objects unloaded after import = 146
========================================================================
Received Import Request.
  Time since last request: 0.000014 seconds.
  path: Assets/Imported Assets/low poly pack/scene/Demo1.unity
  artifactKey: Guid(c4fd6c739f0dfbb48ac72a7e5b8c84c5) Importer(2089858483,0ecaa5967403d082aa24f35e1b516d23)
Start importing Assets/Imported Assets/low poly pack/scene/Demo1.unity using Guid(c4fd6c739f0dfbb48ac72a7e5b8c84c5) Importer(2089858483,0ecaa5967403d082aa24f35e1b516d23) Generated GUIDs only implemented for interfaces!
 -> (artifact id: 'd240f573c63dd5b835c2212cacaf72d6') in 0.014148 seconds
Number of updated asset objects reloaded before import = 0
Number of asset objects unloaded after import = 1
========================================================================
Received Import Request.
  Time since last request: 0.000155 seconds.
  path: Assets/Imported Assets/low poly pack/Odject/Construction21.prefab
  artifactKey: Guid(8b386bafa71442346a7ae3b6268d6564) Importer(2089858483,0ecaa5967403d082aa24f35e1b516d23)
Start importing Assets/Imported Assets/low poly pack/Odject/Construction21.prefab using Guid(8b386bafa71442346a7ae3b6268d6564) Importer(2089858483,0ecaa5967403d082aa24f35e1b516d23) Generated GUIDs only implemented for interfaces!
 -> (artifact id: 'c04ab892f8c592c82649746b2c6fb9cc') in 0.016793 seconds
Number of updated asset objects reloaded before import = 0
Number of asset objects unloaded after import = 9
========================================================================
Received Import Request.
  Time since last request: 0.000014 seconds.
  path: Assets/Imported Assets/low poly pack/Rock/RockOne.prefab
  artifactKey: Guid(9d549cd7872e12f42b7b6ee15c43fc7f) Importer(2089858483,0ecaa5967403d082aa24f35e1b516d23)
Start importing Assets/Imported Assets/low poly pack/Rock/RockOne.prefab using Guid(9d549cd7872e12f42b7b6ee15c43fc7f) Importer(2089858483,0ecaa5967403d082aa24f35e1b516d23) Generated GUIDs only implemented for interfaces!
 -> (artifact id: '7f3d061cd1b89b0b36e6e161795a8bdc') in 0.022472 seconds
Number of updated asset objects reloaded before import = 0
Number of asset objects unloaded after import = 9
========================================================================
Received Import Request.
  Time since last request: 0.000018 seconds.
  path: Assets/Imported Assets/low poly pack/Tre/eer11.prefab
  artifactKey: Guid(224aaa53c4a850348a1083000f6686ba) Importer(2089858483,0ecaa5967403d082aa24f35e1b516d23)
Start importing Assets/Imported Assets/low poly pack/Tre/eer11.prefab using Guid(224aaa53c4a850348a1083000f6686ba) Importer(2089858483,0ecaa5967403d082aa24f35e1b516d23) Generated GUIDs only implemented for interfaces!
 -> (artifact id: '89f27e345e86a01de2a85d69117612b4') in 0.016232 seconds
Number of updated asset objects reloaded before import = 0
Number of asset objects unloaded after import = 9
========================================================================
Received Import Request.
  Time since last request: 3.713410 seconds.
  path: Assets/Imported Assets/Low-Poly Weapons/Prefabs/Crossbow.prefab
  artifactKey: Guid(1dcc6f17f2ad24b98a7ef082c8c454a9) Importer(2089858483,0ecaa5967403d082aa24f35e1b516d23)
Start importing Assets/Imported Assets/Low-Poly Weapons/Prefabs/Crossbow.prefab using Guid(1dcc6f17f2ad24b98a7ef082c8c454a9) Importer(2089858483,0ecaa5967403d082aa24f35e1b516d23) Generated GUIDs only implemented for interfaces!
 -> (artifact id: 'e5bcfeb6b4e7fdd00595271eb4f3f5eb') in 0.020559 seconds
Number of updated asset objects reloaded before import = 0
Number of asset objects unloaded after import = 12
========================================================================
Received Import Request.
  Time since last request: 0.000019 seconds.
  path: Assets/Imported Assets/NavMeshes/TestScene001/NavMesh-Floor.asset
  artifactKey: Guid(4d765cde7e8d444468ba0fb8d8e3e4e1) Importer(2089858483,0ecaa5967403d082aa24f35e1b516d23)
Start importing Assets/Imported Assets/NavMeshes/TestScene001/NavMesh-Floor.asset using Guid(4d765cde7e8d444468ba0fb8d8e3e4e1) Importer(2089858483,0ecaa5967403d082aa24f35e1b516d23) Generated GUIDs only implemented for interfaces!
 -> (artifact id: '2217f3123f42836b2e80d91c43893e2a') in 0.018368 seconds
Number of updated asset objects reloaded before import = 0
Number of asset objects unloaded after import = 1
========================================================================
Received Import Request.
  Time since last request: 0.000023 seconds.
  path: Assets/Imported Assets/L_FG_Assets_Pack_Lite/Particle/Particle_bloom02.prefab
  artifactKey: Guid(babb00860e33d624faa88523ce33dbd9) Importer(2089858483,0ecaa5967403d082aa24f35e1b516d23)
Start importing Assets/Imported Assets/L_FG_Assets_Pack_Lite/Particle/Particle_bloom02.prefab using Guid(babb00860e33d624faa88523ce33dbd9) Importer(2089858483,0ecaa5967403d082aa24f35e1b516d23) Generated GUIDs only implemented for interfaces!
 -> (artifact id: '5ab7c6354fb4f1c505d2ba160e4b9450') in 0.106100 seconds
Number of updated asset objects reloaded before import = 0
Number of asset objects unloaded after import = 6
========================================================================
Received Import Request.
  Time since last request: 0.000029 seconds.
  path: Assets/Imported Assets/L_FG_Assets_Pack_Lite/Materials/Bloom02.mat
  artifactKey: Guid(bc9d31e2a20d12f4aba11301fc3b9dc5) Importer(2089858483,0ecaa5967403d082aa24f35e1b516d23)
Start importing Assets/Imported Assets/L_FG_Assets_Pack_Lite/Materials/Bloom02.mat using Guid(bc9d31e2a20d12f4aba11301fc3b9dc5) Importer(2089858483,0ecaa5967403d082aa24f35e1b516d23) Generated GUIDs only implemented for interfaces!
 -> (artifact id: '48bb25af53fed994e8bdadf87edadc76') in 0.017366 seconds
Number of updated asset objects reloaded before import = 0
Number of asset objects unloaded after import = 2
========================================================================
Received Import Request.
  Time since last request: 0.000029 seconds.
  path: Assets/Imported Assets/L_FG_Assets_Pack_Lite/Meshes/Gravestone07.FBX
  artifactKey: Guid(8bade7674b9cd4243920b697f319d503) Importer(2089858483,0ecaa5967403d082aa24f35e1b516d23)
Start importing Assets/Imported Assets/L_FG_Assets_Pack_Lite/Meshes/Gravestone07.FBX using Guid(8bade7674b9cd4243920b697f319d503) Importer(2089858483,0ecaa5967403d082aa24f35e1b516d23) Generated GUIDs only implemented for interfaces!
 -> (artifact id: '3e56eb687315382d5750323df4a4f723') in 0.027188 seconds
Number of updated asset objects reloaded before import = 0
Number of asset objects unloaded after import = 7
========================================================================
Received Import Request.
  Time since last request: 0.000019 seconds.
  path: Assets/Imported Assets/L_FG_Assets_Pack_Lite/Particle/Smoke02.prefab
  artifactKey: Guid(d834642adc9326645adaa13be7ffc6ab) Importer(2089858483,0ecaa5967403d082aa24f35e1b516d23)
Start importing Assets/Imported Assets/L_FG_Assets_Pack_Lite/Particle/Smoke02.prefab using Guid(d834642adc9326645adaa13be7ffc6ab) Importer(2089858483,0ecaa5967403d082aa24f35e1b516d23) Generated GUIDs only implemented for interfaces!
 -> (artifact id: '6d84cd66683aec93faf992313ab3fae8') in 0.071912 seconds
Number of updated asset objects reloaded before import = 0
Number of asset objects unloaded after import = 6
========================================================================
Received Import Request.
  Time since last request: 0.000020 seconds.
  path: Assets/Imported Assets/L_FG_Assets_Pack_Lite/Textures/Dust01_D.tga
  artifactKey: Guid(4c7c6603f24a4d2408c4ee28b79121ca) Importer(2089858483,0ecaa5967403d082aa24f35e1b516d23)
Start importing Assets/Imported Assets/L_FG_Assets_Pack_Lite/Textures/Dust01_D.tga using Guid(4c7c6603f24a4d2408c4ee28b79121ca) Importer(2089858483,0ecaa5967403d082aa24f35e1b516d23) Generated GUIDs only implemented for interfaces!
 -> (artifact id: 'de7c51248fe793328a4c9caefc4591d5') in 0.034362 seconds
Number of updated asset objects reloaded before import = 0
Number of asset objects unloaded after import = 1
========================================================================
Received Import Request.
  Time since last request: 0.000191 seconds.
  path: Assets/Imported Assets/NavMeshComponents/Scripts/NavMeshSurface.cs
  artifactKey: Guid(815614ae6081822498f8d1d8acf2526e) Importer(2089858483,0ecaa5967403d082aa24f35e1b516d23)
Start importing Assets/Imported Assets/NavMeshComponents/Scripts/NavMeshSurface.cs using Guid(815614ae6081822498f8d1d8acf2526e) Importer(2089858483,0ecaa5967403d082aa24f35e1b516d23) Generated GUIDs only implemented for interfaces!
 -> (artifact id: '6e015063b6bba243a24d271b1c3f5376') in 0.013956 seconds
Number of updated asset objects reloaded before import = 0
Number of asset objects unloaded after import = 2
========================================================================
Received Import Request.
  Time since last request: 0.000022 seconds.
  path: Assets/Imported Assets/L_FG_Assets_Pack_Lite/Textures/Ground07_D.tga
  artifactKey: Guid(6447b5c42a714c94999207227d5e5b20) Importer(2089858483,0ecaa5967403d082aa24f35e1b516d23)
Start importing Assets/Imported Assets/L_FG_Assets_Pack_Lite/Textures/Ground07_D.tga using Guid(6447b5c42a714c94999207227d5e5b20) Importer(2089858483,0ecaa5967403d082aa24f35e1b516d23) Generated GUIDs only implemented for interfaces!
 -> (artifact id: '6256543d54e2844e2da04528a788f380') in 0.032486 seconds
Number of updated asset objects reloaded before import = 0
Number of asset objects unloaded after import = 1
========================================================================
Received Import Request.
  Time since last request: 0.000020 seconds.
  path: Assets/Imported Assets/L_FG_Assets_Pack_Lite/Meshes/Plant08_h.FBX
  artifactKey: Guid(7666d3573de7e0a429a535ec583bec9b) Importer(2089858483,0ecaa5967403d082aa24f35e1b516d23)
Start importing Assets/Imported Assets/L_FG_Assets_Pack_Lite/Meshes/Plant08_h.FBX using Guid(7666d3573de7e0a429a535ec583bec9b) Importer(2089858483,0ecaa5967403d082aa24f35e1b516d23) Generated GUIDs only implemented for interfaces!
 -> (artifact id: '3a6ef9657faea494ba516890b0421fe3') in 0.026545 seconds
Number of updated asset objects reloaded before import = 0
Number of asset objects unloaded after import = 7
========================================================================
Received Import Request.
  Time since last request: 0.000032 seconds.
  path: Assets/Imported Assets/L_FG_Assets_Pack_Lite/Materials/Plant01.mat
  artifactKey: Guid(1edc05b983d20da42826e1ac7a3f1a12) Importer(2089858483,0ecaa5967403d082aa24f35e1b516d23)
Start importing Assets/Imported Assets/L_FG_Assets_Pack_Lite/Materials/Plant01.mat using Guid(1edc05b983d20da42826e1ac7a3f1a12) Importer(2089858483,0ecaa5967403d082aa24f35e1b516d23) Generated GUIDs only implemented for interfaces!
 -> (artifact id: 'af01136ab491aca67351f571d8eea03c') in 0.042623 seconds
Number of updated asset objects reloaded before import = 0
Number of asset objects unloaded after import = 2
========================================================================
Received Import Request.
  Time since last request: 0.000019 seconds.
  path: Assets/Imported Assets/L_FG_Assets_Pack_Lite/Particle/Particle01.prefab
  artifactKey: Guid(cc3d802a9740e6a4d9b32f7bb24e9ac6) Importer(2089858483,0ecaa5967403d082aa24f35e1b516d23)
Start importing Assets/Imported Assets/L_FG_Assets_Pack_Lite/Particle/Particle01.prefab using Guid(cc3d802a9740e6a4d9b32f7bb24e9ac6) Importer(2089858483,0ecaa5967403d082aa24f35e1b516d23) Generated GUIDs only implemented for interfaces!
 -> (artifact id: '579135a31add03c1c02b42358d7726f2') in 0.062560 seconds
Number of updated asset objects reloaded before import = 0
Number of asset objects unloaded after import = 6
========================================================================
Received Import Request.
  Time since last request: 0.000021 seconds.
  path: Assets/Imported Assets/L_FG_Assets_Pack_Lite/Meshes/Plant05_e.FBX
  artifactKey: Guid(70ffe47a186b15344b1f39fb7de44c2b) Importer(2089858483,0ecaa5967403d082aa24f35e1b516d23)
Start importing Assets/Imported Assets/L_FG_Assets_Pack_Lite/Meshes/Plant05_e.FBX using Guid(70ffe47a186b15344b1f39fb7de44c2b) Importer(2089858483,0ecaa5967403d082aa24f35e1b516d23) Generated GUIDs only implemented for interfaces!
 -> (artifact id: 'f3b30d9afdb9ec1e0d534cb577f48a4a') in 0.027839 seconds
Number of updated asset objects reloaded before import = 0
Number of asset objects unloaded after import = 7
========================================================================
Received Import Request.
  Time since last request: 0.000017 seconds.
  path: Assets/Imported Assets/L_FG_Assets_Pack_Lite/Meshes/Plant07_a.FBX
  artifactKey: Guid(620d7ccb2ecdce145aacb960723b3be7) Importer(2089858483,0ecaa5967403d082aa24f35e1b516d23)
Start importing Assets/Imported Assets/L_FG_Assets_Pack_Lite/Meshes/Plant07_a.FBX using Guid(620d7ccb2ecdce145aacb960723b3be7) Importer(2089858483,0ecaa5967403d082aa24f35e1b516d23) Generated GUIDs only implemented for interfaces!
 -> (artifact id: '163409e3c83329ed9c9f5d10d31c3ed6') in 0.027309 seconds
Number of updated asset objects reloaded before import = 0
Number of asset objects unloaded after import = 7
========================================================================
Received Import Request.
  Time since last request: 0.000017 seconds.
  path: Assets/Imported Assets/L_FG_Assets_Pack_Lite/Materials/Plant02.mat
  artifactKey: Guid(e6effe490828e104d83651b4f540c073) Importer(2089858483,0ecaa5967403d082aa24f35e1b516d23)
Start importing Assets/Imported Assets/L_FG_Assets_Pack_Lite/Materials/Plant02.mat using Guid(e6effe490828e104d83651b4f540c073) Importer(2089858483,0ecaa5967403d082aa24f35e1b516d23) Generated GUIDs only implemented for interfaces!
 -> (artifact id: '7150c43070a181275193b26746c31592') in 0.055026 seconds
Number of updated asset objects reloaded before import = 0
Number of asset objects unloaded after import = 2
========================================================================
Received Import Request.
  Time since last request: 0.000022 seconds.
  path: Assets/Imported Assets/L_FG_Assets_Pack_Lite/Materials/Coffin01.mat
  artifactKey: Guid(493f2971d2c57494bb8834098d49af7a) Importer(2089858483,0ecaa5967403d082aa24f35e1b516d23)
Start importing Assets/Imported Assets/L_FG_Assets_Pack_Lite/Materials/Coffin01.mat using Guid(493f2971d2c57494bb8834098d49af7a) Importer(2089858483,0ecaa5967403d082aa24f35e1b516d23) Generated GUIDs only implemented for interfaces!
 -> (artifact id: '83ddc80bdec8809ee4e4b1ff738997c7') in 0.021704 seconds
Number of updated asset objects reloaded before import = 0
Number of asset objects unloaded after import = 2
========================================================================
Received Import Request.
  Time since last request: 0.000028 seconds.
  path: Assets/Imported Assets/Low-Poly Weapons/Prefabs/Potion_Mana.prefab
  artifactKey: Guid(4fc855fb7bf094a0891967175e5bdb17) Importer(2089858483,0ecaa5967403d082aa24f35e1b516d23)
Start importing Assets/Imported Assets/Low-Poly Weapons/Prefabs/Potion_Mana.prefab using Guid(4fc855fb7bf094a0891967175e5bdb17) Importer(2089858483,0ecaa5967403d082aa24f35e1b516d23) Generated GUIDs only implemented for interfaces!
 -> (artifact id: 'f8cd5aa87f4b04ad0c01b305343f33dd') in 0.021392 seconds
Number of updated asset objects reloaded before import = 0
Number of asset objects unloaded after import = 7
========================================================================
Received Import Request.
  Time since last request: 0.000017 seconds.
  path: Assets/Imported Assets/Low-Poly Weapons/Prefabs/Potion_Health.prefab
  artifactKey: Guid(fb5a9652227c545d98a413cd73b80b69) Importer(2089858483,0ecaa5967403d082aa24f35e1b516d23)
Start importing Assets/Imported Assets/Low-Poly Weapons/Prefabs/Potion_Health.prefab using Guid(fb5a9652227c545d98a413cd73b80b69) Importer(2089858483,0ecaa5967403d082aa24f35e1b516d23) Generated GUIDs only implemented for interfaces!
 -> (artifact id: 'dd758456d15ddda0cd3cd68e120b8543') in 0.018542 seconds
Number of updated asset objects reloaded before import = 0
Number of asset objects unloaded after import = 7
========================================================================
Received Import Request.
  Time since last request: 0.000018 seconds.
  path: Assets/Imported Assets/L_FG_Assets_Pack_Lite/Materials/Tomb01.mat
  artifactKey: Guid(bd109ef0e2184e7429c7b66ba0308f7a) Importer(2089858483,0ecaa5967403d082aa24f35e1b516d23)
Start importing Assets/Imported Assets/L_FG_Assets_Pack_Lite/Materials/Tomb01.mat using Guid(bd109ef0e2184e7429c7b66ba0308f7a) Importer(2089858483,0ecaa5967403d082aa24f35e1b516d23) Generated GUIDs only implemented for interfaces!
 -> (artifact id: '511dd3f0781c7495d2521993e847c79c') in 0.017060 seconds
Number of updated asset objects reloaded before import = 0
Number of asset objects unloaded after import = 2
========================================================================
Received Import Request.
  Time since last request: 0.000017 seconds.
  path: Assets/Imported Assets/Low-Poly Weapons/Prefabs/Grenade_Sulfur.prefab
  artifactKey: Guid(41ddecd19696e4b7abfe4584fa7efe68) Importer(2089858483,0ecaa5967403d082aa24f35e1b516d23)
Start importing Assets/Imported Assets/Low-Poly Weapons/Prefabs/Grenade_Sulfur.prefab using Guid(41ddecd19696e4b7abfe4584fa7efe68) Importer(2089858483,0ecaa5967403d082aa24f35e1b516d23) Generated GUIDs only implemented for interfaces!
 -> (artifact id: 'ac869102c3a4b196fb169a951c2fda8f') in 0.021925 seconds
Number of updated asset objects reloaded before import = 0
Number of asset objects unloaded after import = 7
========================================================================
Received Import Request.
  Time since last request: 0.000015 seconds.
  path: Assets/Imported Assets/Low-Poly Weapons/Textures/Weapons.tif
  artifactKey: Guid(2e9da1baa9a7a4e2f83f1bc63bf855ba) Importer(2089858483,0ecaa5967403d082aa24f35e1b516d23)
Start importing Assets/Imported Assets/Low-Poly Weapons/Textures/Weapons.tif using Guid(2e9da1baa9a7a4e2f83f1bc63bf855ba) Importer(2089858483,0ecaa5967403d082aa24f35e1b516d23) Generated GUIDs only implemented for interfaces!
 -> (artifact id: 'cbf4df69d18d8e0b1be6e0095891f071') in 0.034657 seconds
Number of updated asset objects reloaded before import = 0
Number of asset objects unloaded after import = 1
========================================================================
Received Import Request.
  Time since last request: 0.000045 seconds.
  path: Assets/Imported Assets/L_FG_Assets_Pack_Lite/Meshes/Tomb04_a.FBX
  artifactKey: Guid(4e834831d89f9e544b72601076457834) Importer(2089858483,0ecaa5967403d082aa24f35e1b516d23)
Start importing Assets/Imported Assets/L_FG_Assets_Pack_Lite/Meshes/Tomb04_a.FBX using Guid(4e834831d89f9e544b72601076457834) Importer(2089858483,0ecaa5967403d082aa24f35e1b516d23) Generated GUIDs only implemented for interfaces!
 -> (artifact id: '712b004a6f8fceb43a13ac55a7b0f49d') in 0.027180 seconds
Number of updated asset objects reloaded before import = 0
Number of asset objects unloaded after import = 7
========================================================================
Received Import Request.
  Time since last request: 0.000020 seconds.
  path: Assets/Imported Assets/NavMeshes/TestScene001/NavMesh-NavMesh.asset
  artifactKey: Guid(f7dde7e91a90b0d4a8c2cedeaa30f2a3) Importer(2089858483,0ecaa5967403d082aa24f35e1b516d23)
Start importing Assets/Imported Assets/NavMeshes/TestScene001/NavMesh-NavMesh.asset using Guid(f7dde7e91a90b0d4a8c2cedeaa30f2a3) Importer(2089858483,0ecaa5967403d082aa24f35e1b516d23) Generated GUIDs only implemented for interfaces!
 -> (artifact id: 'd581aca25a9d4f844c2f691991ad859a') in 0.014210 seconds
Number of updated asset objects reloaded before import = 0
Number of asset objects unloaded after import = 1
========================================================================
Received Import Request.
  Time since last request: 0.000019 seconds.
  path: Assets/Imported Assets/L_FG_Assets_Pack_Lite/Meshes/Plant02_b.FBX
  artifactKey: Guid(db16d6ef13ea7fe48b77f1f7f483717a) Importer(2089858483,0ecaa5967403d082aa24f35e1b516d23)
Start importing Assets/Imported Assets/L_FG_Assets_Pack_Lite/Meshes/Plant02_b.FBX using Guid(db16d6ef13ea7fe48b77f1f7f483717a) Importer(2089858483,0ecaa5967403d082aa24f35e1b516d23) Generated GUIDs only implemented for interfaces!
 -> (artifact id: '699901c07b6284dde0bbd26ec48a742f') in 0.030857 seconds
Number of updated asset objects reloaded before import = 0
Number of asset objects unloaded after import = 7
========================================================================
Received Import Request.
  Time since last request: 0.000029 seconds.
  path: Assets/Imported Assets/L_FG_Assets_Pack_Lite/Meshes/Rock02.FBX
  artifactKey: Guid(137b1bec14cccff4b806178097f7c3d5) Importer(2089858483,0ecaa5967403d082aa24f35e1b516d23)
Start importing Assets/Imported Assets/L_FG_Assets_Pack_Lite/Meshes/Rock02.FBX using Guid(137b1bec14cccff4b806178097f7c3d5) Importer(2089858483,0ecaa5967403d082aa24f35e1b516d23) Generated GUIDs only implemented for interfaces!
 -> (artifact id: '1c1d93f13bd04828d210b11bbb0d52d6') in 0.027533 seconds
Number of updated asset objects reloaded before import = 0
Number of asset objects unloaded after import = 7
========================================================================
Received Import Request.
  Time since last request: 0.000015 seconds.
  path: Assets/Imported Assets/NavMeshes/TestScene001/NavMesh-Floor4.asset
  artifactKey: Guid(2a189abdae019f848aa56367076199f3) Importer(2089858483,0ecaa5967403d082aa24f35e1b516d23)
Start importing Assets/Imported Assets/NavMeshes/TestScene001/NavMesh-Floor4.asset using Guid(2a189abdae019f848aa56367076199f3) Importer(2089858483,0ecaa5967403d082aa24f35e1b516d23) Generated GUIDs only implemented for interfaces!
 -> (artifact id: '3ef227b743a79833493af1348f1709b9') in 0.015713 seconds
Number of updated asset objects reloaded before import = 0
Number of asset objects unloaded after import = 1
========================================================================
Received Import Request.
  Time since last request: 0.000020 seconds.
  path: Assets/Imported Assets/TextMesh Pro/Resources/LineBreaking Leading Characters.txt
  artifactKey: Guid(d82c1b31c7e74239bff1220585707d2b) Importer(2089858483,0ecaa5967403d082aa24f35e1b516d23)
Start importing Assets/Imported Assets/TextMesh Pro/Resources/LineBreaking Leading Characters.txt using Guid(d82c1b31c7e74239bff1220585707d2b) Importer(2089858483,0ecaa5967403d082aa24f35e1b516d23) Generated GUIDs only implemented for interfaces!
 -> (artifact id: '710d34c7631982c3ac645806131d6194') in 0.012636 seconds
Number of updated asset objects reloaded before import = 0
Number of asset objects unloaded after import = 1
========================================================================
Received Import Request.
  Time since last request: 0.000018 seconds.
  path: Assets/Imported Assets/StylizedHandPaintedDungeon(Free)/Materials/Dungeon_01_Diffuse.mat
  artifactKey: Guid(6e097d6dfe5eee1488b8c7b017d4f008) Importer(2089858483,0ecaa5967403d082aa24f35e1b516d23)
Start importing Assets/Imported Assets/StylizedHandPaintedDungeon(Free)/Materials/Dungeon_01_Diffuse.mat using Guid(6e097d6dfe5eee1488b8c7b017d4f008) Importer(2089858483,0ecaa5967403d082aa24f35e1b516d23) Generated GUIDs only implemented for interfaces!
 -> (artifact id: 'a725657a7a7eba6551cacaf0900ce444') in 0.018963 seconds
Number of updated asset objects reloaded before import = 0
Number of asset objects unloaded after import = 2
========================================================================
Received Import Request.
  Time since last request: 0.000017 seconds.
  path: Assets/Imported Assets/TextMesh Pro/Sprites/EmojiOne.png
  artifactKey: Guid(dffef66376be4fa480fb02b19edbe903) Importer(2089858483,0ecaa5967403d082aa24f35e1b516d23)
Start importing Assets/Imported Assets/TextMesh Pro/Sprites/EmojiOne.png using Guid(dffef66376be4fa480fb02b19edbe903) Importer(2089858483,0ecaa5967403d082aa24f35e1b516d23) Generated GUIDs only implemented for interfaces!
 -> (artifact id: 'a276d14d896e1d7860d94526b9b4a20f') in 0.065866 seconds
Number of updated asset objects reloaded before import = 0
Number of asset objects unloaded after import = 1
========================================================================
Received Import Request.
  Time since last request: 0.000171 seconds.
  path: Assets/Imported Assets/TileableBricksWall/Materials/Bricks_01_mat.mat
  artifactKey: Guid(3abf473d50106f44c9611c2c76fd9a91) Importer(2089858483,0ecaa5967403d082aa24f35e1b516d23)
Start importing Assets/Imported Assets/TileableBricksWall/Materials/Bricks_01_mat.mat using Guid(3abf473d50106f44c9611c2c76fd9a91) Importer(2089858483,0ecaa5967403d082aa24f35e1b516d23) Generated GUIDs only implemented for interfaces!
 -> (artifact id: '09144fcab93eef105abbc53d4b69692d') in 0.020710 seconds
Number of updated asset objects reloaded before import = 0
Number of asset objects unloaded after import = 4
========================================================================
Received Import Request.
  Time since last request: 0.000018 seconds.
  path: Assets/Imported Assets/StylizedHandPaintedDungeon(Free)/Textures/Dungeon_02_Diffuse.tga
  artifactKey: Guid(2ad5769c41feb7749a077e020ed56acb) Importer(2089858483,0ecaa5967403d082aa24f35e1b516d23)
Start importing Assets/Imported Assets/StylizedHandPaintedDungeon(Free)/Textures/Dungeon_02_Diffuse.tga using Guid(2ad5769c41feb7749a077e020ed56acb) Importer(2089858483,0ecaa5967403d082aa24f35e1b516d23) Generated GUIDs only implemented for interfaces!
 -> (artifact id: 'ebc6be64fc27c20104ede1b400bd1c65') in 0.035086 seconds
Number of updated asset objects reloaded before import = 0
Number of asset objects unloaded after import = 1
========================================================================
Received Import Request.
  Time since last request: 0.000034 seconds.
  path: Assets/Imported Assets/Sherbbs Particle Collection/Textures/RoundedSquareMask.png
  artifactKey: Guid(d329bbef3d9118f44b5b4c5c96d40d96) Importer(2089858483,0ecaa5967403d082aa24f35e1b516d23)
Start importing Assets/Imported Assets/Sherbbs Particle Collection/Textures/RoundedSquareMask.png using Guid(d329bbef3d9118f44b5b4c5c96d40d96) Importer(2089858483,0ecaa5967403d082aa24f35e1b516d23) Generated GUIDs only implemented for interfaces!
 -> (artifact id: '5a23478b6ab1cd4d46afcff31e7a36b3') in 0.035332 seconds
Number of updated asset objects reloaded before import = 0
Number of asset objects unloaded after import = 1
========================================================================
Received Import Request.
  Time since last request: 0.000017 seconds.
  path: Assets/Imported Assets/StylizedHandPaintedDungeon(Free)/Materials/Dungeon_Mat_02.mat
  artifactKey: Guid(2e701f9d6b8aa304c93f2af59c1ee5d9) Importer(2089858483,0ecaa5967403d082aa24f35e1b516d23)
Start importing Assets/Imported Assets/StylizedHandPaintedDungeon(Free)/Materials/Dungeon_Mat_02.mat using Guid(2e701f9d6b8aa304c93f2af59c1ee5d9) Importer(2089858483,0ecaa5967403d082aa24f35e1b516d23) Generated GUIDs only implemented for interfaces!
 -> (artifact id: '8235b5750d8b3f1b2782df7086b267f8') in 0.020308 seconds
Number of updated asset objects reloaded before import = 0
Number of asset objects unloaded after import = 3
========================================================================
Received Import Request.
  Time since last request: 0.000018 seconds.
  path: Assets/Imported Assets/TextMesh Pro/Fonts/LiberationSans.ttf
  artifactKey: Guid(e3265ab4bf004d28a9537516768c1c75) Importer(2089858483,0ecaa5967403d082aa24f35e1b516d23)
Start importing Assets/Imported Assets/TextMesh Pro/Fonts/LiberationSans.ttf using Guid(e3265ab4bf004d28a9537516768c1c75) Importer(2089858483,0ecaa5967403d082aa24f35e1b516d23) Generated GUIDs only implemented for interfaces!
 -> (artifact id: '6d9fd2def49873f895d063e277ab5cdd') in 0.028083 seconds
Number of updated asset objects reloaded before import = 0
Number of asset objects unloaded after import = 3
========================================================================
Received Import Request.
  Time since last request: 0.000023 seconds.
  path: Assets/Imported Assets/StylizedHandPaintedDungeon(Free)/Originals/Door.fbx
  artifactKey: Guid(1fed90e8722c1334d9b51e0b56f26e4e) Importer(2089858483,0ecaa5967403d082aa24f35e1b516d23)
Start importing Assets/Imported Assets/StylizedHandPaintedDungeon(Free)/Originals/Door.fbx using Guid(1fed90e8722c1334d9b51e0b56f26e4e) Importer(2089858483,0ecaa5967403d082aa24f35e1b516d23) Generated GUIDs only implemented for interfaces!
 -> (artifact id: '9f0dfc54fab061f35ae6f87f30438938') in 0.029027 seconds
Number of updated asset objects reloaded before import = 0
Number of asset objects unloaded after import = 7
========================================================================
Received Import Request.
  Time since last request: 0.000140 seconds.
  path: Assets/Imported Assets/Sherbbs Particle Collection/Settings/PostProcessProfile.asset
  artifactKey: Guid(9ac8017778eacc846b93c0640e8125d0) Importer(2089858483,0ecaa5967403d082aa24f35e1b516d23)
Start importing Assets/Imported Assets/Sherbbs Particle Collection/Settings/PostProcessProfile.asset using Guid(9ac8017778eacc846b93c0640e8125d0) Importer(2089858483,0ecaa5967403d082aa24f35e1b516d23) Generated GUIDs only implemented for interfaces!
 -> (artifact id: '1b62f3a29c8de9539caacff89425851e') in 0.022965 seconds
Number of updated asset objects reloaded before import = 0
Number of asset objects unloaded after import = 3
========================================================================
Received Import Request.
  Time since last request: 0.000017 seconds.
  path: Assets/Imported Assets/Thaleah_PixelFont/Materials/ThaleahFat_TTF.ttf
  artifactKey: Guid(585188cdc4600544eb408bee749e4b3a) Importer(2089858483,0ecaa5967403d082aa24f35e1b516d23)
Start importing Assets/Imported Assets/Thaleah_PixelFont/Materials/ThaleahFat_TTF.ttf using Guid(585188cdc4600544eb408bee749e4b3a) Importer(2089858483,0ecaa5967403d082aa24f35e1b516d23) Generated GUIDs only implemented for interfaces!
 -> (artifact id: 'd628dcb2275d7e55749bb7637fdec6e0') in 0.023454 seconds
Number of updated asset objects reloaded before import = 0
Number of asset objects unloaded after import = 3
========================================================================
Received Import Request.
  Time since last request: 0.000017 seconds.
  path: Assets/Imported Assets/TextMesh Pro/Resources/TMP Settings.asset
  artifactKey: Guid(3f5b5dff67a942289a9defa416b206f3) Importer(2089858483,0ecaa5967403d082aa24f35e1b516d23)
Start importing Assets/Imported Assets/TextMesh Pro/Resources/TMP Settings.asset using Guid(3f5b5dff67a942289a9defa416b206f3) Importer(2089858483,0ecaa5967403d082aa24f35e1b516d23) Generated GUIDs only implemented for interfaces!
 -> (artifact id: '9abe59878495bef64333a6cd2d0efed3') in 0.046556 seconds
Number of updated asset objects reloaded before import = 0
Number of asset objects unloaded after import = 15
========================================================================
Received Import Request.
  Time since last request: 0.000019 seconds.
  path: Assets/Imported Assets/Sherbbs Particle Collection/Materials/VertexLitDiffuseRoundedSquare.mat
  artifactKey: Guid(569ecce896a7eb84f922b02c3fd2c307) Importer(2089858483,0ecaa5967403d082aa24f35e1b516d23)
Start importing Assets/Imported Assets/Sherbbs Particle Collection/Materials/VertexLitDiffuseRoundedSquare.mat using Guid(569ecce896a7eb84f922b02c3fd2c307) Importer(2089858483,0ecaa5967403d082aa24f35e1b516d23) Generated GUIDs only implemented for interfaces!
 -> (artifact id: '45a8d82ba30f390181030d59a3f2a1a4') in 0.055697 seconds
Number of updated asset objects reloaded before import = 0
Number of asset objects unloaded after import = 2
========================================================================
Received Import Request.
  Time since last request: 0.000025 seconds.
  path: Assets/Imported Assets/Sherbbs Particle Collection/Materials/UnlitBlack.mat
  artifactKey: Guid(59953f7353e764d428a2cb38205b3ec3) Importer(2089858483,0ecaa5967403d082aa24f35e1b516d23)
Start importing Assets/Imported Assets/Sherbbs Particle Collection/Materials/UnlitBlack.mat using Guid(59953f7353e764d428a2cb38205b3ec3) Importer(2089858483,0ecaa5967403d082aa24f35e1b516d23) Generated GUIDs only implemented for interfaces!
 -> (artifact id: 'b88317db5162f48d324786e73fcefa2c') in 0.017806 seconds
Number of updated asset objects reloaded before import = 0
Number of asset objects unloaded after import = 1
========================================================================
Received Import Request.
  Time since last request: 0.000019 seconds.
  path: Assets/Imported Assets/Sherbbs Particle Collection/Mesh/Triangle.fbx
  artifactKey: Guid(ecab19b8d4e8b1641a4bf38a91e9325a) Importer(2089858483,0ecaa5967403d082aa24f35e1b516d23)
Start importing Assets/Imported Assets/Sherbbs Particle Collection/Mesh/Triangle.fbx using Guid(ecab19b8d4e8b1641a4bf38a91e9325a) Importer(2089858483,0ecaa5967403d082aa24f35e1b516d23) Generated GUIDs only implemented for interfaces!
 -> (artifact id: '49709064f3cae0fccceee7a16810aab7') in 0.026720 seconds
Number of updated asset objects reloaded before import = 0
Number of asset objects unloaded after import = 7
========================================================================
Received Import Request.
  Time since last request: 0.000014 seconds.
  path: Assets/Imported Assets/Thaleah_PixelFont/Materials/ThaleahFat.png
  artifactKey: Guid(0ac691dd25a276d468ee89cf1948229d) Importer(2089858483,0ecaa5967403d082aa24f35e1b516d23)
Start importing Assets/Imported Assets/Thaleah_PixelFont/Materials/ThaleahFat.png using Guid(0ac691dd25a276d468ee89cf1948229d) Importer(2089858483,0ecaa5967403d082aa24f35e1b516d23) Generated GUIDs only implemented for interfaces!
 -> (artifact id: 'c46a6fe6543433c4b3e6b4a733fbfa03') in 0.032231 seconds
Number of updated asset objects reloaded before import = 0
Number of asset objects unloaded after import = 1
========================================================================
Received Import Request.
  Time since last request: 0.000017 seconds.
  path: Assets/Imported Assets/L_FG_Assets_Pack_Lite/Meshes/Dust01.FBX
  artifactKey: Guid(1d4861fb1a450eb4382d0208f25f5c58) Importer(2089858483,0ecaa5967403d082aa24f35e1b516d23)
Start importing Assets/Imported Assets/L_FG_Assets_Pack_Lite/Meshes/Dust01.FBX using Guid(1d4861fb1a450eb4382d0208f25f5c58) Importer(2089858483,0ecaa5967403d082aa24f35e1b516d23) Generated GUIDs only implemented for interfaces!
 -> (artifact id: '3467e85b5852b4b0c4a11471b1073a05') in 0.025212 seconds
Number of updated asset objects reloaded before import = 0
Number of asset objects unloaded after import = 7
========================================================================
Received Import Request.
  Time since last request: 0.000017 seconds.
  path: Assets/Imported Assets/L_FG_Assets_Pack_Lite/Textures/Ground01_D.tga
  artifactKey: Guid(2f0a248e097813b4c856fdbf094e447c) Importer(2089858483,0ecaa5967403d082aa24f35e1b516d23)
Start importing Assets/Imported Assets/L_FG_Assets_Pack_Lite/Textures/Ground01_D.tga using Guid(2f0a248e097813b4c856fdbf094e447c) Importer(2089858483,0ecaa5967403d082aa24f35e1b516d23) Generated GUIDs only implemented for interfaces!
 -> (artifact id: 'b0628949aaf4d2521ea9049306e39ce0') in 0.033287 seconds
Number of updated asset objects reloaded before import = 0
Number of asset objects unloaded after import = 1
========================================================================
Received Import Request.
  Time since last request: 0.000025 seconds.
  path: Assets/Imported Assets/L_FG_Assets_Pack_Lite/Meshes/Plant08_i.FBX
  artifactKey: Guid(3396864aa74613944a7ec5664b5ecdba) Importer(2089858483,0ecaa5967403d082aa24f35e1b516d23)
Start importing Assets/Imported Assets/L_FG_Assets_Pack_Lite/Meshes/Plant08_i.FBX using Guid(3396864aa74613944a7ec5664b5ecdba) Importer(2089858483,0ecaa5967403d082aa24f35e1b516d23) Generated GUIDs only implemented for interfaces!
 -> (artifact id: '6581e78f4afaa0d82f4f31b187e9b940') in 0.027905 seconds
Number of updated asset objects reloaded before import = 0
Number of asset objects unloaded after import = 7
========================================================================
Received Import Request.
  Time since last request: 0.000023 seconds.
  path: Assets/Imported Assets/NavMeshComponents/Scripts/NavMeshLink.cs
  artifactKey: Guid(2eea8a0f83e3e1849ad64de69c549092) Importer(2089858483,0ecaa5967403d082aa24f35e1b516d23)
Start importing Assets/Imported Assets/NavMeshComponents/Scripts/NavMeshLink.cs using Guid(2eea8a0f83e3e1849ad64de69c549092) Importer(2089858483,0ecaa5967403d082aa24f35e1b516d23) Generated GUIDs only implemented for interfaces!
 -> (artifact id: '2fe2d603f0b75f9a7964e81f5b03a283') in 0.019482 seconds
Number of updated asset objects reloaded before import = 0
Number of asset objects unloaded after import = 2
========================================================================
Received Import Request.
  Time since last request: 0.000023 seconds.
  path: Assets/Imported Assets/Sherbbs Particle Collection/Materials/VertexUnlitGlowHollowCircleAdditive.mat
  artifactKey: Guid(fa7ddd47dede42b4e82fa25bb3d3e1e4) Importer(2089858483,0ecaa5967403d082aa24f35e1b516d23)
Start importing Assets/Imported Assets/Sherbbs Particle Collection/Materials/VertexUnlitGlowHollowCircleAdditive.mat using Guid(fa7ddd47dede42b4e82fa25bb3d3e1e4) Importer(2089858483,0ecaa5967403d082aa24f35e1b516d23) Generated GUIDs only implemented for interfaces!
 -> (artifact id: '6ef0c411121ac3d3e5b7765571802f0a') in 0.020323 seconds
Number of updated asset objects reloaded before import = 0
Number of asset objects unloaded after import = 2
========================================================================
Received Import Request.
  Time since last request: 0.000034 seconds.
  path: Assets/Imported Assets/L_FG_Assets_Pack_Lite/Meshes/Bloom01.FBX
  artifactKey: Guid(4ba7e41f41939fb41904993efcb9bc07) Importer(2089858483,0ecaa5967403d082aa24f35e1b516d23)
Start importing Assets/Imported Assets/L_FG_Assets_Pack_Lite/Meshes/Bloom01.FBX using Guid(4ba7e41f41939fb41904993efcb9bc07) Importer(2089858483,0ecaa5967403d082aa24f35e1b516d23) Generated GUIDs only implemented for interfaces!
 -> (artifact id: '109da40de3a0908eff45d0cdc2bd4d52') in 0.026015 seconds
Number of updated asset objects reloaded before import = 0
Number of asset objects unloaded after import = 7
========================================================================
Received Import Request.
  Time since last request: 0.000017 seconds.
  path: Assets/Imported Assets/L_FG_Assets_Pack_Lite/Meshes/Tomb03_a.FBX
  artifactKey: Guid(8380918eb75d37643ae193605b7d457f) Importer(2089858483,0ecaa5967403d082aa24f35e1b516d23)
Start importing Assets/Imported Assets/L_FG_Assets_Pack_Lite/Meshes/Tomb03_a.FBX using Guid(8380918eb75d37643ae193605b7d457f) Importer(2089858483,0ecaa5967403d082aa24f35e1b516d23) Generated GUIDs only implemented for interfaces!
 -> (artifact id: 'e9b438b40ad6a79b2a7396102ce6a5bd') in 0.029525 seconds
Number of updated asset objects reloaded before import = 0
Number of asset objects unloaded after import = 7
========================================================================
Received Import Request.
  Time since last request: 0.000023 seconds.
  path: Assets/Imported Assets/L_FG_Assets_Pack_Lite/Meshes/Bloom02.FBX
  artifactKey: Guid(b95bd09a7b3cf3443b7717f355d5088e) Importer(2089858483,0ecaa5967403d082aa24f35e1b516d23)
Start importing Assets/Imported Assets/L_FG_Assets_Pack_Lite/Meshes/Bloom02.FBX using Guid(b95bd09a7b3cf3443b7717f355d5088e) Importer(2089858483,0ecaa5967403d082aa24f35e1b516d23) Generated GUIDs only implemented for interfaces!
 -> (artifact id: '748de28c1d7b68a4a9f20c1af9356eba') in 0.028452 seconds
Number of updated asset objects reloaded before import = 0
Number of asset objects unloaded after import = 7
========================================================================
Received Import Request.
  Time since last request: 0.000018 seconds.
  path: Assets/Imported Assets/L_FG_Assets_Pack_Lite/Meshes/Tomb02_a.FBX
  artifactKey: Guid(bcc1007a6bd6e8d4ca5be893a78acf08) Importer(2089858483,0ecaa5967403d082aa24f35e1b516d23)
Start importing Assets/Imported Assets/L_FG_Assets_Pack_Lite/Meshes/Tomb02_a.FBX using Guid(bcc1007a6bd6e8d4ca5be893a78acf08) Importer(2089858483,0ecaa5967403d082aa24f35e1b516d23) Generated GUIDs only implemented for interfaces!
 -> (artifact id: 'a86b1c7ea5a638a1e091a4ca8c6e90a6') in 0.031239 seconds
Number of updated asset objects reloaded before import = 0
Number of asset objects unloaded after import = 7
========================================================================
Received Import Request.
  Time since last request: 0.000019 seconds.
  path: Assets/Imported Assets/Thaleah_PixelFont/Materials/ThaleahFat.mat
  artifactKey: Guid(43d59b5c638b0664db55f3a4e4d130ef) Importer(2089858483,0ecaa5967403d082aa24f35e1b516d23)
Start importing Assets/Imported Assets/Thaleah_PixelFont/Materials/ThaleahFat.mat using Guid(43d59b5c638b0664db55f3a4e4d130ef) Importer(2089858483,0ecaa5967403d082aa24f35e1b516d23) Generated GUIDs only implemented for interfaces!
 -> (artifact id: '99cf4ad6e357228dfdb723ceaa6b848c') in 0.016302 seconds
Number of updated asset objects reloaded before import = 0
Number of asset objects unloaded after import = 2
========================================================================
Received Import Request.
  Time since last request: 0.000017 seconds.
  path: Assets/Resources/Prefabs/Items/ElectricCrystal.prefab
  artifactKey: Guid(683edc40885b6e94da940be392a4f607) Importer(2089858483,0ecaa5967403d082aa24f35e1b516d23)
Start importing Assets/Resources/Prefabs/Items/ElectricCrystal.prefab using Guid(683edc40885b6e94da940be392a4f607) Importer(2089858483,0ecaa5967403d082aa24f35e1b516d23) Generated GUIDs only implemented for interfaces!
 -> (artifact id: 'e6c83f4bea8ebb73059225a5100db3bb') in 0.045380 seconds
Number of updated asset objects reloaded before import = 0
Number of asset objects unloaded after import = 29
========================================================================
Received Import Request.
  Time since last request: 0.000028 seconds.
  path: Assets/Resources/Prefabs/Cameras/ThirdPerson Camera.prefab
  artifactKey: Guid(c86f01fb39b295b48b79492eb1f8d917) Importer(2089858483,0ecaa5967403d082aa24f35e1b516d23)
Start importing Assets/Resources/Prefabs/Cameras/ThirdPerson Camera.prefab using Guid(c86f01fb39b295b48b79492eb1f8d917) Importer(2089858483,0ecaa5967403d082aa24f35e1b516d23) Generated GUIDs only implemented for interfaces!
 -> (artifact id: '7725e7a7e94afd7aaad5a4bd40bd3d0e') in 0.043466 seconds
Number of updated asset objects reloaded before import = 0
Number of asset objects unloaded after import = 34
========================================================================
Received Import Request.
  Time since last request: 0.000034 seconds.
  path: Assets/Scenes/GameScenes/StartLevel/NavMesh-NavMesh Surface.asset
  artifactKey: Guid(5c72bf375deeae84aa308d0462015892) Importer(2089858483,0ecaa5967403d082aa24f35e1b516d23)
Start importing Assets/Scenes/GameScenes/StartLevel/NavMesh-NavMesh Surface.asset using Guid(5c72bf375deeae84aa308d0462015892) Importer(2089858483,0ecaa5967403d082aa24f35e1b516d23) Generated GUIDs only implemented for interfaces!
 -> (artifact id: '6451f87a578a08b7735bda39a57e46c9') in 0.021964 seconds
Number of updated asset objects reloaded before import = 0
Number of asset objects unloaded after import = 1
========================================================================
Received Import Request.
  Time since last request: 0.000017 seconds.
  path: Assets/Scenes/GameScenes/StartLevel/Lightmap-0_comp_dir.png
  artifactKey: Guid(5a054871468debb44aef02e9c145212e) Importer(2089858483,0ecaa5967403d082aa24f35e1b516d23)
Start importing Assets/Scenes/GameScenes/StartLevel/Lightmap-0_comp_dir.png using Guid(5a054871468debb44aef02e9c145212e) Importer(2089858483,0ecaa5967403d082aa24f35e1b516d23) Generated GUIDs only implemented for interfaces!
 -> (artifact id: '7801654a75f15cc311474099f02a0c0c') in 0.036403 seconds
Number of updated asset objects reloaded before import = 0
Number of asset objects unloaded after import = 1
========================================================================
Received Import Request.
  Time since last request: 0.000062 seconds.
  path: Assets/Scenes/GameScenes/Music/563178__gronnie__final-background-music.wav
  artifactKey: Guid(e4700a01888b77440abc265fad459fc3) Importer(2089858483,0ecaa5967403d082aa24f35e1b516d23)
Start importing Assets/Scenes/GameScenes/Music/563178__gronnie__final-background-music.wav using Guid(e4700a01888b77440abc265fad459fc3) Importer(2089858483,0ecaa5967403d082aa24f35e1b516d23) Generated GUIDs only implemented for interfaces!
 -> (artifact id: 'b987f9b77d0d8ba871318b9eea62dce3') in 0.298593 seconds
Number of updated asset objects reloaded before import = 0
Number of asset objects unloaded after import = 1
========================================================================
Received Import Request.
  Time since last request: 0.000023 seconds.
  path: Assets/Resources/Materials/PhysicsMaterials/CharacterPhysicsMaterial.physicMaterial
  artifactKey: Guid(b6fee08541f37284a9972dd2c6d528de) Importer(2089858483,0ecaa5967403d082aa24f35e1b516d23)
Start importing Assets/Resources/Materials/PhysicsMaterials/CharacterPhysicsMaterial.physicMaterial using Guid(b6fee08541f37284a9972dd2c6d528de) Importer(2089858483,0ecaa5967403d082aa24f35e1b516d23) Generated GUIDs only implemented for interfaces!
 -> (artifact id: '68ddf564c3b847631c0a0825096e99e5') in 0.014121 seconds
Number of updated asset objects reloaded before import = 0
Number of asset objects unloaded after import = 1
========================================================================
Received Import Request.
  Time since last request: 0.000166 seconds.
  path: Assets/Scripts/BattleScripts/B_ScriptableObjects/Party List.asset
  artifactKey: Guid(efbd5377c7fab834aa88e7abe113bc95) Importer(2089858483,0ecaa5967403d082aa24f35e1b516d23)
Start importing Assets/Scripts/BattleScripts/B_ScriptableObjects/Party List.asset using Guid(efbd5377c7fab834aa88e7abe113bc95) Importer(2089858483,0ecaa5967403d082aa24f35e1b516d23) Generated GUIDs only implemented for interfaces!
 -> (artifact id: '8ef728f9edad989fba4045ff72086eb3') in 0.077231 seconds
Number of updated asset objects reloaded before import = 0
Number of asset objects unloaded after import = 322
========================================================================
Received Import Request.
  Time since last request: 0.000030 seconds.
  path: Assets/Resources/Prefabs/MapGenPrefabs/Floor_Level2.prefab
  artifactKey: Guid(cfb7512f037a7e141a055feea7d19e88) Importer(2089858483,0ecaa5967403d082aa24f35e1b516d23)
Start importing Assets/Resources/Prefabs/MapGenPrefabs/Floor_Level2.prefab using Guid(cfb7512f037a7e141a055feea7d19e88) Importer(2089858483,0ecaa5967403d082aa24f35e1b516d23) Generated GUIDs only implemented for interfaces!
 -> (artifact id: 'ddb2ce77f18edd1f74f39c43ef5fe75d') in 0.021060 seconds
Number of updated asset objects reloaded before import = 0
Number of asset objects unloaded after import = 7
========================================================================
Received Import Request.
  Time since last request: 0.000017 seconds.
  path: Assets/Scripts/Rob_Scripts/ScriptableObject Scripts/BaseSkill.cs
  artifactKey: Guid(fe2654a68900a48b7970a3634b4f4e2e) Importer(2089858483,0ecaa5967403d082aa24f35e1b516d23)
Start importing Assets/Scripts/Rob_Scripts/ScriptableObject Scripts/BaseSkill.cs using Guid(fe2654a68900a48b7970a3634b4f4e2e) Importer(2089858483,0ecaa5967403d082aa24f35e1b516d23) Generated GUIDs only implemented for interfaces!
 -> (artifact id: '69e0a9504a3514db2e2bbe4a839a0478') in 0.014362 seconds
Number of updated asset objects reloaded before import = 0
Number of asset objects unloaded after import = 1
========================================================================
Received Import Request.
  Time since last request: 0.000016 seconds.
  path: Assets/Scenes/GameScenes/Level01/ReflectionProbe-0.exr
  artifactKey: Guid(e2e8c0e89c6420a449127bc0dd2f5149) Importer(2089858483,0ecaa5967403d082aa24f35e1b516d23)
Start importing Assets/Scenes/GameScenes/Level01/ReflectionProbe-0.exr using Guid(e2e8c0e89c6420a449127bc0dd2f5149) Importer(2089858483,0ecaa5967403d082aa24f35e1b516d23) Generated GUIDs only implemented for interfaces!
 -> (artifact id: '92c338d9b38d0d265760e7d6e48cec4c') in 0.036348 seconds
Number of updated asset objects reloaded before import = 0
Number of asset objects unloaded after import = 1
========================================================================
Received Import Request.
  Time since last request: 0.000017 seconds.
  path: Assets/Resources/Prefabs/Rooms/StartRoom.prefab
  artifactKey: Guid(848cf704613fc2940a847d3dd0a654ef) Importer(2089858483,0ecaa5967403d082aa24f35e1b516d23)
Start importing Assets/Resources/Prefabs/Rooms/StartRoom.prefab using Guid(848cf704613fc2940a847d3dd0a654ef) Importer(2089858483,0ecaa5967403d082aa24f35e1b516d23) Generated GUIDs only implemented for interfaces!
 -> (artifact id: 'b5a73606edb7aa36e07ed529b5ae0fb4') in 0.017184 seconds
Number of updated asset objects reloaded before import = 0
Number of asset objects unloaded after import = 34
========================================================================
Received Import Request.
  Time since last request: 0.000020 seconds.
  path: Assets/Resources/2D_Art/TutorialExamples/2.PNG
  artifactKey: Guid(b334449f3f2a86043a50c878fa23c1ab) Importer(2089858483,0ecaa5967403d082aa24f35e1b516d23)
Start importing Assets/Resources/2D_Art/TutorialExamples/2.PNG using Guid(b334449f3f2a86043a50c878fa23c1ab) Importer(2089858483,0ecaa5967403d082aa24f35e1b516d23) Generated GUIDs only implemented for interfaces!
 -> (artifact id: 'a5dedfd1a368353867f27f8d7bc5aabd') in 0.035871 seconds
Number of updated asset objects reloaded before import = 0
Number of asset objects unloaded after import = 3
========================================================================
Received Import Request.
  Time since last request: 0.000020 seconds.
  path: Assets/Resources/Materials/PhysicsMaterials/WallPhysicsMaterial.physicMaterial
  artifactKey: Guid(497a2eb47b38cfa4c9eb82ee82b1b11f) Importer(2089858483,0ecaa5967403d082aa24f35e1b516d23)
Start importing Assets/Resources/Materials/PhysicsMaterials/WallPhysicsMaterial.physicMaterial using Guid(497a2eb47b38cfa4c9eb82ee82b1b11f) Importer(2089858483,0ecaa5967403d082aa24f35e1b516d23) Generated GUIDs only implemented for interfaces!
 -> (artifact id: '1748b51b36485c900c4819659a068c35') in 0.013775 seconds
Number of updated asset objects reloaded before import = 0
Number of asset objects unloaded after import = 1
========================================================================
Received Import Request.
  Time since last request: 0.000044 seconds.
  path: Assets/Resources/Models/Laika/LaikaAnimController.controller
  artifactKey: Guid(fc119db63144e0743b91cf5d388c3ab8) Importer(2089858483,0ecaa5967403d082aa24f35e1b516d23)
Start importing Assets/Resources/Models/Laika/LaikaAnimController.controller using Guid(fc119db63144e0743b91cf5d388c3ab8) Importer(2089858483,0ecaa5967403d082aa24f35e1b516d23) Generated GUIDs only implemented for interfaces!
 -> (artifact id: '29ac4ec4ad12c15e44ebea8350d518fb') in 0.020486 seconds
Number of updated asset objects reloaded before import = 0
Number of asset objects unloaded after import = 11
========================================================================
Received Import Request.
  Time since last request: 0.000019 seconds.
  path: Assets/Resources/Materials/Extra/Floor1.mat
  artifactKey: Guid(c3247ab9736f3584ebf60f4466299751) Importer(2089858483,0ecaa5967403d082aa24f35e1b516d23)
Start importing Assets/Resources/Materials/Extra/Floor1.mat using Guid(c3247ab9736f3584ebf60f4466299751) Importer(2089858483,0ecaa5967403d082aa24f35e1b516d23) Generated GUIDs only implemented for interfaces!
 -> (artifact id: 'ca80557f6f91a78d320821e160ce1d27') in 0.043233 seconds
Number of updated asset objects reloaded before import = 0
Number of asset objects unloaded after import = 1
========================================================================
Received Import Request.
  Time since last request: 0.000016 seconds.
  path: Assets/Resources/Materials/Extra/Teleporter.mat
  artifactKey: Guid(4d244ccfa60d075498dcede2fc49e34a) Importer(2089858483,0ecaa5967403d082aa24f35e1b516d23)
Start importing Assets/Resources/Materials/Extra/Teleporter.mat using Guid(4d244ccfa60d075498dcede2fc49e34a) Importer(2089858483,0ecaa5967403d082aa24f35e1b516d23) Generated GUIDs only implemented for interfaces!
 -> (artifact id: '9476da85094adfb94528e0a2c930949f') in 0.015164 seconds
Number of updated asset objects reloaded before import = 0
Number of asset objects unloaded after import = 1
========================================================================
Received Import Request.
  Time since last request: 0.000017 seconds.
  path: Assets/Imported Assets/AurynSky/Gems Ultimate Pack/Models/HardStar.fbx
  artifactKey: Guid(9d0e73dbf5dfc6e4e800cbe52651ac4d) Importer(2089858483,0ecaa5967403d082aa24f35e1b516d23)
Start importing Assets/Imported Assets/AurynSky/Gems Ultimate Pack/Models/HardStar.fbx using Guid(9d0e73dbf5dfc6e4e800cbe52651ac4d) Importer(2089858483,0ecaa5967403d082aa24f35e1b516d23) Generated GUIDs only implemented for interfaces!
 -> (artifact id: '51c4f35d5925cd79358e72f5caee780b') in 0.026684 seconds
Number of updated asset objects reloaded before import = 0
Number of asset objects unloaded after import = 7
========================================================================
Received Import Request.
  Time since last request: 0.000020 seconds.
  path: Assets/Imported Assets/AllSkyFree/_AllSkyFreeDemoEnvironment/Materials/AllSkyDemoEnv_LightIllum.mat
  artifactKey: Guid(ff33c7fce672541f095331a057da80f0) Importer(2089858483,0ecaa5967403d082aa24f35e1b516d23)
Start importing Assets/Imported Assets/AllSkyFree/_AllSkyFreeDemoEnvironment/Materials/AllSkyDemoEnv_LightIllum.mat using Guid(ff33c7fce672541f095331a057da80f0) Importer(2089858483,0ecaa5967403d082aa24f35e1b516d23) Generated GUIDs only implemented for interfaces!
 -> (artifact id: '2b49bc0c3b498dcc743487b70cd9e8e4') in 0.017598 seconds
Number of updated asset objects reloaded before import = 0
Number of asset objects unloaded after import = 1
========================================================================
Received Import Request.
  Time since last request: 0.000017 seconds.
  path: Assets/Imported Assets/AurynSky/Gems Ultimate Pack/Models/5 Side Diamond.fbx
  artifactKey: Guid(aa56074584965524093e852b02a99de7) Importer(2089858483,0ecaa5967403d082aa24f35e1b516d23)
Start importing Assets/Imported Assets/AurynSky/Gems Ultimate Pack/Models/5 Side Diamond.fbx using Guid(aa56074584965524093e852b02a99de7) Importer(2089858483,0ecaa5967403d082aa24f35e1b516d23) Generated GUIDs only implemented for interfaces!
 -> (artifact id: '528d61b780fe065de97ae85174ae918e') in 0.033211 seconds
Number of updated asset objects reloaded before import = 0
Number of asset objects unloaded after import = 7
========================================================================
Received Import Request.
  Time since last request: 0.000015 seconds.
  path: Assets/Imported Assets/AurynSky/Gems Ultimate Pack/Models/Diamondo5side.fbx
  artifactKey: Guid(6217dd83a11a7df46b82193c138a8ce2) Importer(2089858483,0ecaa5967403d082aa24f35e1b516d23)
Start importing Assets/Imported Assets/AurynSky/Gems Ultimate Pack/Models/Diamondo5side.fbx using Guid(6217dd83a11a7df46b82193c138a8ce2) Importer(2089858483,0ecaa5967403d082aa24f35e1b516d23) Generated GUIDs only implemented for interfaces!
 -> (artifact id: 'e62f8e6d7956fbeb270ba56ff105c0cf') in 0.027866 seconds
Number of updated asset objects reloaded before import = 0
Number of asset objects unloaded after import = 7
========================================================================
Received Import Request.
  Time since last request: 0.000019 seconds.
  path: Assets/Imported Assets/AurynSky/Gems Ultimate Pack/Materials/Purple.mat
  artifactKey: Guid(152a75409221b6244be7b0063172b666) Importer(2089858483,0ecaa5967403d082aa24f35e1b516d23)
Start importing Assets/Imported Assets/AurynSky/Gems Ultimate Pack/Materials/Purple.mat using Guid(152a75409221b6244be7b0063172b666) Importer(2089858483,0ecaa5967403d082aa24f35e1b516d23) Generated GUIDs only implemented for interfaces!
 -> (artifact id: 'be2b94cf5588345df7cdb8052101b3d1') in 0.014216 seconds
Number of updated asset objects reloaded before import = 0
Number of asset objects unloaded after import = 1
========================================================================
Received Import Request.
  Time since last request: 0.000026 seconds.
  path: Assets/Scripts/Rob_Scripts/ScriptableObjects/Ogre.asset
  artifactKey: Guid(f79c7e325baed4f488cad84f1d9d0d15) Importer(2089858483,0ecaa5967403d082aa24f35e1b516d23)
Start importing Assets/Scripts/Rob_Scripts/ScriptableObjects/Ogre.asset using Guid(f79c7e325baed4f488cad84f1d9d0d15) Importer(2089858483,0ecaa5967403d082aa24f35e1b516d23) Generated GUIDs only implemented for interfaces!
 -> (artifact id: '081c478a57a2b29dac953f1e982cee91') in 0.018779 seconds
Number of updated asset objects reloaded before import = 0
Number of asset objects unloaded after import = 1
========================================================================
Received Import Request.
  Time since last request: 0.000015 seconds.
  path: Assets/Imported Assets/AllSkyFree/_AllSkyFreeDemoEnvironment/Materials/AllSkyDemoEnv_FlagGreen.mat
  artifactKey: Guid(0acfc71c325c54b92add0b07097b6c57) Importer(2089858483,0ecaa5967403d082aa24f35e1b516d23)
Start importing Assets/Imported Assets/AllSkyFree/_AllSkyFreeDemoEnvironment/Materials/AllSkyDemoEnv_FlagGreen.mat using Guid(0acfc71c325c54b92add0b07097b6c57) Importer(2089858483,0ecaa5967403d082aa24f35e1b516d23) Generated GUIDs only implemented for interfaces!
 -> (artifact id: '394f217e89c34b2cace4292f9675da27') in 0.019925 seconds
Number of updated asset objects reloaded before import = 0
Number of asset objects unloaded after import = 1
========================================================================
Received Import Request.
  Time since last request: 0.000021 seconds.
  path: Assets/Imported Assets/AurynSky/Gems Ultimate Pack/Materials/Material.mat
  artifactKey: Guid(a5ab27f24d140594197755b8c9ee7179) Importer(2089858483,0ecaa5967403d082aa24f35e1b516d23)
Start importing Assets/Imported Assets/AurynSky/Gems Ultimate Pack/Materials/Material.mat using Guid(a5ab27f24d140594197755b8c9ee7179) Importer(2089858483,0ecaa5967403d082aa24f35e1b516d23) Generated GUIDs only implemented for interfaces!
 -> (artifact id: '76537172a234b98c7f5495785344f577') in 0.015035 seconds
Number of updated asset objects reloaded before import = 0
Number of asset objects unloaded after import = 1
========================================================================
Received Import Request.
  Time since last request: 0.000018 seconds.
  path: Assets/Resources/Materials/Extra/EndTeleporter.mat
  artifactKey: Guid(eb679b58eb31c704d8fdeac80c362b36) Importer(2089858483,0ecaa5967403d082aa24f35e1b516d23)
Start importing Assets/Resources/Materials/Extra/EndTeleporter.mat using Guid(eb679b58eb31c704d8fdeac80c362b36) Importer(2089858483,0ecaa5967403d082aa24f35e1b516d23) Generated GUIDs only implemented for interfaces!
 -> (artifact id: '5bc5d3f9aeda72a40e78adcc49845037') in 0.016681 seconds
Number of updated asset objects reloaded before import = 0
Number of asset objects unloaded after import = 1
========================================================================
Received Import Request.
  Time since last request: 0.000021 seconds.
  path: Assets/Imported Assets/AurynSky/Gems Ultimate Pack/Materials/Blank.mat
  artifactKey: Guid(932bfbb102946e04796ee9ade9385119) Importer(2089858483,0ecaa5967403d082aa24f35e1b516d23)
Start importing Assets/Imported Assets/AurynSky/Gems Ultimate Pack/Materials/Blank.mat using Guid(932bfbb102946e04796ee9ade9385119) Importer(2089858483,0ecaa5967403d082aa24f35e1b516d23) Generated GUIDs only implemented for interfaces!
 -> (artifact id: '9f6e19e4cf29adc819371b234cf239aa') in 0.042638 seconds
Number of updated asset objects reloaded before import = 0
Number of asset objects unloaded after import = 1
========================================================================
Received Import Request.
  Time since last request: 0.000017 seconds.
  path: Assets/Resources/Models/Lucas/Lucas_NoBones@T-Pose (1).fbx
  artifactKey: Guid(34a55b048ae24234d995ea7216c7ebaf) Importer(2089858483,0ecaa5967403d082aa24f35e1b516d23)
Start importing Assets/Resources/Models/Lucas/Lucas_NoBones@T-Pose (1).fbx using Guid(34a55b048ae24234d995ea7216c7ebaf) Importer(2089858483,0ecaa5967403d082aa24f35e1b516d23) Generated GUIDs only implemented for interfaces!
 -> (artifact id: 'a1964992a30a7582e7b874d7e3863c70') in 0.083659 seconds
Number of updated asset objects reloaded before import = 0
Number of asset objects unloaded after import = 151
========================================================================
Received Import Request.
  Time since last request: 0.000029 seconds.
  path: Assets/Imported Assets/AllSkyFree/_AllSkyFreeDemoEnvironment/Materials/AllSkyDemoEnv_TreeLeaves.mat
  artifactKey: Guid(2f31f4440de60444b8dd94d4d64b3c00) Importer(2089858483,0ecaa5967403d082aa24f35e1b516d23)
Start importing Assets/Imported Assets/AllSkyFree/_AllSkyFreeDemoEnvironment/Materials/AllSkyDemoEnv_TreeLeaves.mat using Guid(2f31f4440de60444b8dd94d4d64b3c00) Importer(2089858483,0ecaa5967403d082aa24f35e1b516d23) Generated GUIDs only implemented for interfaces!
 -> (artifact id: 'c2ab9d31c8ef1972298e183ac2f6e452') in 0.021516 seconds
Number of updated asset objects reloaded before import = 0
Number of asset objects unloaded after import = 1
========================================================================
Received Import Request.
  Time since last request: 0.000030 seconds.
  path: Assets/Imported Assets/AllSkyFree/_AllSkyFreeDemoEnvironment/Materials/AllSkyDemoEnv_Landscape.mat
  artifactKey: Guid(010dd68491d1d4a1692a6d2272e5cb69) Importer(2089858483,0ecaa5967403d082aa24f35e1b516d23)
Start importing Assets/Imported Assets/AllSkyFree/_AllSkyFreeDemoEnvironment/Materials/AllSkyDemoEnv_Landscape.mat using Guid(010dd68491d1d4a1692a6d2272e5cb69) Importer(2089858483,0ecaa5967403d082aa24f35e1b516d23) Generated GUIDs only implemented for interfaces!
 -> (artifact id: '0a053da177f1b81c8cd620b8f6309cd1') in 0.016802 seconds
Number of updated asset objects reloaded before import = 0
Number of asset objects unloaded after import = 1
========================================================================
Received Import Request.
  Time since last request: 0.000020 seconds.
  path: Assets/Scripts/BattleScripts/B_ScriptableObjects/Healing Potion.asset
  artifactKey: Guid(1277222d216919c4c8b7ee54f2310032) Importer(2089858483,0ecaa5967403d082aa24f35e1b516d23)
Start importing Assets/Scripts/BattleScripts/B_ScriptableObjects/Healing Potion.asset using Guid(1277222d216919c4c8b7ee54f2310032) Importer(2089858483,0ecaa5967403d082aa24f35e1b516d23) Generated GUIDs only implemented for interfaces!
 -> (artifact id: '304cf64cabaeca46e50c69fcfe6ee296') in 0.016906 seconds
Number of updated asset objects reloaded before import = 0
Number of asset objects unloaded after import = 1
========================================================================
Received Import Request.
  Time since last request: 0.000015 seconds.
  path: Assets/Resources/Prefabs/Rooms/EndRoom.prefab
  artifactKey: Guid(842c1e8157a381a48971b2fd4b1a3325) Importer(2089858483,0ecaa5967403d082aa24f35e1b516d23)
Start importing Assets/Resources/Prefabs/Rooms/EndRoom.prefab using Guid(842c1e8157a381a48971b2fd4b1a3325) Importer(2089858483,0ecaa5967403d082aa24f35e1b516d23) Generated GUIDs only implemented for interfaces!
 -> (artifact id: '61862c8b8707da497177cae7c3737027') in 0.018792 seconds
Number of updated asset objects reloaded before import = 0
Number of asset objects unloaded after import = 34
========================================================================
Received Import Request.
  Time since last request: 0.000018 seconds.
  path: Assets/Scenes/GameScenes/Level01/LightingData.asset
  artifactKey: Guid(35df9dc64d5032141a39f2161aa11184) Importer(2089858483,0ecaa5967403d082aa24f35e1b516d23)
Start importing Assets/Scenes/GameScenes/Level01/LightingData.asset using Guid(35df9dc64d5032141a39f2161aa11184) Importer(2089858483,0ecaa5967403d082aa24f35e1b516d23) Generated GUIDs only implemented for interfaces!
 -> (artifact id: '3645234237ae9fd5f2abe6d2a692d291') in 0.013907 seconds
Number of updated asset objects reloaded before import = 0
Number of asset objects unloaded after import = 2
========================================================================
Received Import Request.
  Time since last request: 0.000022 seconds.
  path: Assets/Imported Assets/AurynSky/Gems Ultimate Pack/Models/Cuboid.fbx
  artifactKey: Guid(d5201c54bfe2c0242acafec0421e0d8e) Importer(2089858483,0ecaa5967403d082aa24f35e1b516d23)
Start importing Assets/Imported Assets/AurynSky/Gems Ultimate Pack/Models/Cuboid.fbx using Guid(d5201c54bfe2c0242acafec0421e0d8e) Importer(2089858483,0ecaa5967403d082aa24f35e1b516d23) Generated GUIDs only implemented for interfaces!
 -> (artifact id: '73e4c7b47f267816e36dbf0275fa91ad') in 0.030861 seconds
Number of updated asset objects reloaded before import = 0
Number of asset objects unloaded after import = 7
========================================================================
Received Import Request.
  Time since last request: 0.000018 seconds.
  path: Assets/Resources/Prefabs/UI/PlayerInfoOverworld.prefab
  artifactKey: Guid(cefce9376d044bd4a9cb3c241fd43f40) Importer(2089858483,0ecaa5967403d082aa24f35e1b516d23)
Start importing Assets/Resources/Prefabs/UI/PlayerInfoOverworld.prefab using Guid(cefce9376d044bd4a9cb3c241fd43f40) Importer(2089858483,0ecaa5967403d082aa24f35e1b516d23) Generated GUIDs only implemented for interfaces!
 -> (artifact id: 'fa2ac6286368c1849b57df57feb4d55a') in 0.049999 seconds
Number of updated asset objects reloaded before import = 0
Number of asset objects unloaded after import = 55
========================================================================
Received Import Request.
  Time since last request: 0.000017 seconds.
  path: Assets/Scenes/GameScenes/Level01/NavMesh-NavMesh Surface.asset
  artifactKey: Guid(8b1273d9f1e5d174da52bb2208892e54) Importer(2089858483,0ecaa5967403d082aa24f35e1b516d23)
Start importing Assets/Scenes/GameScenes/Level01/NavMesh-NavMesh Surface.asset using Guid(8b1273d9f1e5d174da52bb2208892e54) Importer(2089858483,0ecaa5967403d082aa24f35e1b516d23) Generated GUIDs only implemented for interfaces!
 -> (artifact id: '92227f1fcb2a3a4ddab654e0e43ae39f') in 0.016153 seconds
Number of updated asset objects reloaded before import = 0
Number of asset objects unloaded after import = 1
========================================================================
Received Import Request.
  Time since last request: 0.000025 seconds.
  path: Assets/Imported Assets/TileableBricksWall/Textures/Bricks_normal.TGA
  artifactKey: Guid(1190d41b950921e44a16b0f6319d4e97) Importer(2089858483,0ecaa5967403d082aa24f35e1b516d23)
Start importing Assets/Imported Assets/TileableBricksWall/Textures/Bricks_normal.TGA using Guid(1190d41b950921e44a16b0f6319d4e97) Importer(2089858483,0ecaa5967403d082aa24f35e1b516d23) Generated GUIDs only implemented for interfaces!
 -> (artifact id: 'a5d152b8fd038e5e381462ec514fc2f0') in 0.038645 seconds
Number of updated asset objects reloaded before import = 0
Number of asset objects unloaded after import = 1
========================================================================
Received Import Request.
  Time since last request: 0.000035 seconds.
  path: Assets/Imported Assets/L_FG_Assets_Pack_Lite/Textures/Ground06_D.tga
  artifactKey: Guid(cb5be26c69ed6d047858b2803370d725) Importer(2089858483,0ecaa5967403d082aa24f35e1b516d23)
Start importing Assets/Imported Assets/L_FG_Assets_Pack_Lite/Textures/Ground06_D.tga using Guid(cb5be26c69ed6d047858b2803370d725) Importer(2089858483,0ecaa5967403d082aa24f35e1b516d23) Generated GUIDs only implemented for interfaces!
 -> (artifact id: '5bffdda0e10063649ac3e1e06837c0d8') in 0.037757 seconds
Number of updated asset objects reloaded before import = 0
Number of asset objects unloaded after import = 1
========================================================================
Received Import Request.
  Time since last request: 0.000017 seconds.
  path: Assets/Imported Assets/L_FG_Assets_Pack_Lite/Meshes/Gravestone06.FBX
  artifactKey: Guid(ab8bc807a82c61244b9767c797b8586c) Importer(2089858483,0ecaa5967403d082aa24f35e1b516d23)
Start importing Assets/Imported Assets/L_FG_Assets_Pack_Lite/Meshes/Gravestone06.FBX using Guid(ab8bc807a82c61244b9767c797b8586c) Importer(2089858483,0ecaa5967403d082aa24f35e1b516d23) Generated GUIDs only implemented for interfaces!
 -> (artifact id: '84af7145c1c4769bcbf620df14fcad68') in 0.028263 seconds
Number of updated asset objects reloaded before import = 0
Number of asset objects unloaded after import = 7
========================================================================
Received Import Request.
  Time since last request: 0.000020 seconds.
  path: Assets/Imported Assets/Sherbbs Particle Collection/Materials/VertexLitDiffuseNoMask.mat
  artifactKey: Guid(e279735d9325f4448a64c0e82a79952f) Importer(2089858483,0ecaa5967403d082aa24f35e1b516d23)
Start importing Assets/Imported Assets/Sherbbs Particle Collection/Materials/VertexLitDiffuseNoMask.mat using Guid(e279735d9325f4448a64c0e82a79952f) Importer(2089858483,0ecaa5967403d082aa24f35e1b516d23) Generated GUIDs only implemented for interfaces!
 -> (artifact id: '5abc57362094c93ee5adfb068fc3c016') in 0.017464 seconds
Number of updated asset objects reloaded before import = 0
Number of asset objects unloaded after import = 1
========================================================================
Received Import Request.
  Time since last request: 0.000016 seconds.
  path: Assets/Imported Assets/NavMeshComponents/Editor/NavMeshModifierEditor.cs
  artifactKey: Guid(962c02c5a73ca864fbb22640d0bdd741) Importer(2089858483,0ecaa5967403d082aa24f35e1b516d23)
Start importing Assets/Imported Assets/NavMeshComponents/Editor/NavMeshModifierEditor.cs using Guid(962c02c5a73ca864fbb22640d0bdd741) Importer(2089858483,0ecaa5967403d082aa24f35e1b516d23) Generated GUIDs only implemented for interfaces!
 -> (artifact id: '8b145d7e64671f2fa0775604f33d866c') in 0.014512 seconds
Number of updated asset objects reloaded before import = 0
Number of asset objects unloaded after import = 1
========================================================================
Received Import Request.
  Time since last request: 0.000023 seconds.
  path: Assets/Imported Assets/Inguz Media Studio/Free 2D Impact FX/Demo Scene/UI-arrow 1.psd
  artifactKey: Guid(838686c3abb4a47f1879faee23881935) Importer(2089858483,0ecaa5967403d082aa24f35e1b516d23)
Start importing Assets/Imported Assets/Inguz Media Studio/Free 2D Impact FX/Demo Scene/UI-arrow 1.psd using Guid(838686c3abb4a47f1879faee23881935) Importer(2089858483,0ecaa5967403d082aa24f35e1b516d23) Generated GUIDs only implemented for interfaces!
 -> (artifact id: 'd8a31de18f5df8ea7d4786122d350575') in 0.034952 seconds
Number of updated asset objects reloaded before import = 0
Number of asset objects unloaded after import = 3
========================================================================
Received Import Request.
  Time since last request: 0.000018 seconds.
  path: Assets/Imported Assets/Inguz Media Studio/Free 2D Impact FX/Demo Scene/Wallpaper.png
  artifactKey: Guid(af476d6d8d5bf418186319b671ba72ea) Importer(2089858483,0ecaa5967403d082aa24f35e1b516d23)
Start importing Assets/Imported Assets/Inguz Media Studio/Free 2D Impact FX/Demo Scene/Wallpaper.png using Guid(af476d6d8d5bf418186319b671ba72ea) Importer(2089858483,0ecaa5967403d082aa24f35e1b516d23) Generated GUIDs only implemented for interfaces!
 -> (artifact id: 'f1d962fc91a62574f32ce4e270548030') in 0.039786 seconds
Number of updated asset objects reloaded before import = 0
Number of asset objects unloaded after import = 3
========================================================================
Received Import Request.
  Time since last request: 0.000024 seconds.
  path: Assets/Imported Assets/FantasyMonster/Skeleton/Ani/Skeleton@Knockback.FBX
  artifactKey: Guid(6e0b4a05932877a4b89fb3fb32c3e72b) Importer(2089858483,0ecaa5967403d082aa24f35e1b516d23)
Start importing Assets/Imported Assets/FantasyMonster/Skeleton/Ani/Skeleton@Knockback.FBX using Guid(6e0b4a05932877a4b89fb3fb32c3e72b) Importer(2089858483,0ecaa5967403d082aa24f35e1b516d23) Generated GUIDs only implemented for interfaces!
 -> (artifact id: '87fd282fa5303d78eaafbc425ce3e092') in 0.047231 seconds
Number of updated asset objects reloaded before import = 0
Number of asset objects unloaded after import = 89
========================================================================
Received Import Request.
  Time since last request: 0.000027 seconds.
  path: Assets/Imported Assets/FantasyMonster/Skeleton/Ani/Skeleton@Stand.FBX
  artifactKey: Guid(6f61bc53c41ba664fa527d3386ecfd1e) Importer(2089858483,0ecaa5967403d082aa24f35e1b516d23)
Start importing Assets/Imported Assets/FantasyMonster/Skeleton/Ani/Skeleton@Stand.FBX using Guid(6f61bc53c41ba664fa527d3386ecfd1e) Importer(2089858483,0ecaa5967403d082aa24f35e1b516d23) Generated GUIDs only implemented for interfaces!
 -> (artifact id: '091a2b3a39c448551accbdb4663dd757') in 0.044011 seconds
Number of updated asset objects reloaded before import = 0
Number of asset objects unloaded after import = 89
========================================================================
Received Import Request.
  Time since last request: 0.000017 seconds.
  path: Assets/Imported Assets/Inguz Media Studio/Free 2D Impact FX/Materiales/Impact02.mat
  artifactKey: Guid(68334d56da6cd0044bdfb728a30c93d7) Importer(2089858483,0ecaa5967403d082aa24f35e1b516d23)
Start importing Assets/Imported Assets/Inguz Media Studio/Free 2D Impact FX/Materiales/Impact02.mat using Guid(68334d56da6cd0044bdfb728a30c93d7) Importer(2089858483,0ecaa5967403d082aa24f35e1b516d23) Generated GUIDs only implemented for interfaces!
 -> (artifact id: '6f9ebaebfd2c6bc8181cc3b9fc29deab') in 0.065122 seconds
Number of updated asset objects reloaded before import = 0
Number of asset objects unloaded after import = 2
========================================================================
Received Import Request.
  Time since last request: 0.000036 seconds.
  path: Assets/Imported Assets/Inguz Media Studio/Free 2D Impact FX/Demo Scene/Demo.unity
  artifactKey: Guid(3cfd2d356457dc74f8bc13abd49c2dfc) Importer(2089858483,0ecaa5967403d082aa24f35e1b516d23)
Start importing Assets/Imported Assets/Inguz Media Studio/Free 2D Impact FX/Demo Scene/Demo.unity using Guid(3cfd2d356457dc74f8bc13abd49c2dfc) Importer(2089858483,0ecaa5967403d082aa24f35e1b516d23) Generated GUIDs only implemented for interfaces!
 -> (artifact id: '48c34a148afc63828fd6f9fbb879b760') in 0.012795 seconds
Number of updated asset objects reloaded before import = 0
Number of asset objects unloaded after import = 1
========================================================================
Received Import Request.
  Time since last request: 0.000052 seconds.
  path: Assets/Imported Assets/AurynSky/Gems Ultimate Pack/Prefabs/BeveledStar.prefab
  artifactKey: Guid(f5c872ee906a85b46aa65e0ab683ed9f) Importer(2089858483,0ecaa5967403d082aa24f35e1b516d23)
Start importing Assets/Imported Assets/AurynSky/Gems Ultimate Pack/Prefabs/BeveledStar.prefab using Guid(f5c872ee906a85b46aa65e0ab683ed9f) Importer(2089858483,0ecaa5967403d082aa24f35e1b516d23) Generated GUIDs only implemented for interfaces!
 -> (artifact id: '8525306c0efe07a19d5f2c4f3e974d6d') in 0.020493 seconds
Number of updated asset objects reloaded before import = 0
Number of asset objects unloaded after import = 8
========================================================================
Received Import Request.
  Time since last request: 0.000022 seconds.
  path: Assets/Imported Assets/AurynSky/Gems Ultimate Pack/Models/Penta.fbx
  artifactKey: Guid(34a866017115e1f4693b2328671afe14) Importer(2089858483,0ecaa5967403d082aa24f35e1b516d23)
Start importing Assets/Imported Assets/AurynSky/Gems Ultimate Pack/Models/Penta.fbx using Guid(34a866017115e1f4693b2328671afe14) Importer(2089858483,0ecaa5967403d082aa24f35e1b516d23) Generated GUIDs only implemented for interfaces!
 -> (artifact id: 'de1d5b6efe754f3316ac9577155d293f') in 0.036381 seconds
Number of updated asset objects reloaded before import = 0
Number of asset objects unloaded after import = 7
========================================================================
Received Import Request.
  Time since last request: 0.000020 seconds.
  path: Assets/Imported Assets/Inguz Media Studio/Free 2D Impact FX/Prefabs/Impact03.prefab
  artifactKey: Guid(0277167a12290af47801444830a2be97) Importer(2089858483,0ecaa5967403d082aa24f35e1b516d23)
Start importing Assets/Imported Assets/Inguz Media Studio/Free 2D Impact FX/Prefabs/Impact03.prefab using Guid(0277167a12290af47801444830a2be97) Importer(2089858483,0ecaa5967403d082aa24f35e1b516d23) Generated GUIDs only implemented for interfaces!
 -> (artifact id: 'd256423cf4972394ca466003375a3621') in 0.069216 seconds
Number of updated asset objects reloaded before import = 0
Number of asset objects unloaded after import = 6
========================================================================
Received Import Request.
  Time since last request: 0.000027 seconds.
  path: Assets/Imported Assets/Inguz Media Studio/Free 2D Impact FX/Demo Scene/instructions.psd
  artifactKey: Guid(d87e14d5e3f9d3f4a877bcf542d8ebed) Importer(2089858483,0ecaa5967403d082aa24f35e1b516d23)
Start importing Assets/Imported Assets/Inguz Media Studio/Free 2D Impact FX/Demo Scene/instructions.psd using Guid(d87e14d5e3f9d3f4a877bcf542d8ebed) Importer(2089858483,0ecaa5967403d082aa24f35e1b516d23) Generated GUIDs only implemented for interfaces!
 -> (artifact id: '83ffd786dad6144f9cc118759429dbc0') in 0.039718 seconds
Number of updated asset objects reloaded before import = 0
Number of asset objects unloaded after import = 3
========================================================================
Received Import Request.
  Time since last request: 0.000020 seconds.
  path: Assets/Imported Assets/FantasyMonster/Skeleton/Ani/Skeleton@Death.FBX
  artifactKey: Guid(a749f4485b342b7469956010abf2ab25) Importer(2089858483,0ecaa5967403d082aa24f35e1b516d23)
Start importing Assets/Imported Assets/FantasyMonster/Skeleton/Ani/Skeleton@Death.FBX using Guid(a749f4485b342b7469956010abf2ab25) Importer(2089858483,0ecaa5967403d082aa24f35e1b516d23) Generated GUIDs only implemented for interfaces!
 -> (artifact id: '0208356ddc3b3f2de9d60f50e2dc2025') in 0.043966 seconds
Number of updated asset objects reloaded before import = 0
Number of asset objects unloaded after import = 89
========================================================================
Received Import Request.
  Time since last request: 0.000017 seconds.
  path: Assets/Imported Assets/Inguz Media Studio/Free 2D Impact FX/Materiales/WallpaperQuad.mat
  artifactKey: Guid(64be558e50de8504e8fb8627a5610cc9) Importer(2089858483,0ecaa5967403d082aa24f35e1b516d23)
Start importing Assets/Imported Assets/Inguz Media Studio/Free 2D Impact FX/Materiales/WallpaperQuad.mat using Guid(64be558e50de8504e8fb8627a5610cc9) Importer(2089858483,0ecaa5967403d082aa24f35e1b516d23) Generated GUIDs only implemented for interfaces!
 -> (artifact id: '0f6a7f6b1a61df66343ad8cb4514720c') in 0.021218 seconds
Number of updated asset objects reloaded before import = 0
Number of asset objects unloaded after import = 2
========================================================================
Received Import Request.
  Time since last request: 0.000018 seconds.
  path: Assets/Imported Assets/AurynSky/Gems Ultimate Pack/Prefabs/Cuboid.prefab
  artifactKey: Guid(6a7274aefcc6cef4fbbfba924cc7f657) Importer(2089858483,0ecaa5967403d082aa24f35e1b516d23)
Start importing Assets/Imported Assets/AurynSky/Gems Ultimate Pack/Prefabs/Cuboid.prefab using Guid(6a7274aefcc6cef4fbbfba924cc7f657) Importer(2089858483,0ecaa5967403d082aa24f35e1b516d23) Generated GUIDs only implemented for interfaces!
 -> (artifact id: 'a02ded5e8b59defdeacb8169d95fc904') in 0.022986 seconds
Number of updated asset objects reloaded before import = 0
Number of asset objects unloaded after import = 8
========================================================================
Received Import Request.
  Time since last request: 0.000017 seconds.
  path: Assets/Imported Assets/AurynSky/Gems Ultimate Pack/Prefabs/Cubie.prefab
  artifactKey: Guid(38dea0631a962ad45b71e2759e4240d8) Importer(2089858483,0ecaa5967403d082aa24f35e1b516d23)
Start importing Assets/Imported Assets/AurynSky/Gems Ultimate Pack/Prefabs/Cubie.prefab using Guid(38dea0631a962ad45b71e2759e4240d8) Importer(2089858483,0ecaa5967403d082aa24f35e1b516d23) Generated GUIDs only implemented for interfaces!
 -> (artifact id: '7a486877525e5b5c93a96c3307536b58') in 0.020378 seconds
Number of updated asset objects reloaded before import = 0
Number of asset objects unloaded after import = 8
========================================================================
Received Import Request.
  Time since last request: 0.000017 seconds.
  path: Assets/Imported Assets/AurynSky/Gems Ultimate Pack/Scenes/DemoScene_Gems.unity
  artifactKey: Guid(830994939b34e2d4ba127ff3d156a0f6) Importer(2089858483,0ecaa5967403d082aa24f35e1b516d23)
Start importing Assets/Imported Assets/AurynSky/Gems Ultimate Pack/Scenes/DemoScene_Gems.unity using Guid(830994939b34e2d4ba127ff3d156a0f6) Importer(2089858483,0ecaa5967403d082aa24f35e1b516d23) Generated GUIDs only implemented for interfaces!
 -> (artifact id: 'dd1543dca2e62545eedb2354e304e063') in 0.016548 seconds
Number of updated asset objects reloaded before import = 0
Number of asset objects unloaded after import = 1
========================================================================
Received Import Request.
  Time since last request: 0.000030 seconds.
  path: Assets/Imported Assets/Inguz Media Studio/Free 2D Impact FX/Demo Scene/Righteous-Regular OFLicence.txt
  artifactKey: Guid(6df621649be42cf428159c40951440f7) Importer(2089858483,0ecaa5967403d082aa24f35e1b516d23)
Start importing Assets/Imported Assets/Inguz Media Studio/Free 2D Impact FX/Demo Scene/Righteous-Regular OFLicence.txt using Guid(6df621649be42cf428159c40951440f7) Importer(2089858483,0ecaa5967403d082aa24f35e1b516d23) Generated GUIDs only implemented for interfaces!
 -> (artifact id: 'dc05aeac9daf8f4358d37718b8c623ea') in 0.016693 seconds
Number of updated asset objects reloaded before import = 0
Number of asset objects unloaded after import = 1
========================================================================
Received Import Request.
  Time since last request: 0.000034 seconds.
  path: Assets/Imported Assets/Sherbbs Particle Collection/Materials/VertexLitDiffuseCircle.mat
  artifactKey: Guid(40c64702d468d1546bc0def47a66d50b) Importer(2089858483,0ecaa5967403d082aa24f35e1b516d23)
Start importing Assets/Imported Assets/Sherbbs Particle Collection/Materials/VertexLitDiffuseCircle.mat using Guid(40c64702d468d1546bc0def47a66d50b) Importer(2089858483,0ecaa5967403d082aa24f35e1b516d23) Generated GUIDs only implemented for interfaces!
 -> (artifact id: 'ceeb05b07afcfc13509e835e64980c0b') in 0.019841 seconds
Number of updated asset objects reloaded before import = 0
Number of asset objects unloaded after import = 2
========================================================================
Received Import Request.
  Time since last request: 0.000018 seconds.
  path: Assets/Imported Assets/L_FG_Assets_Pack_Lite/Meshes/Gravestone09.FBX
  artifactKey: Guid(7f1c33c3f850d0a4b8f06d0b16b9b12a) Importer(2089858483,0ecaa5967403d082aa24f35e1b516d23)
Start importing Assets/Imported Assets/L_FG_Assets_Pack_Lite/Meshes/Gravestone09.FBX using Guid(7f1c33c3f850d0a4b8f06d0b16b9b12a) Importer(2089858483,0ecaa5967403d082aa24f35e1b516d23) Generated GUIDs only implemented for interfaces!
 -> (artifact id: 'b9372c066ceaab6dcba326ba77c520c1') in 0.031389 seconds
Number of updated asset objects reloaded before import = 0
Number of asset objects unloaded after import = 7
========================================================================
Received Import Request.
  Time since last request: 0.000014 seconds.
  path: Assets/Imported Assets/low poly pack/Fbx low poly/Model/tree.prefab
  artifactKey: Guid(0662dc2ac52e29e4684fee799f6ee4a5) Importer(2089858483,0ecaa5967403d082aa24f35e1b516d23)
Start importing Assets/Imported Assets/low poly pack/Fbx low poly/Model/tree.prefab using Guid(0662dc2ac52e29e4684fee799f6ee4a5) Importer(2089858483,0ecaa5967403d082aa24f35e1b516d23) Generated GUIDs only implemented for interfaces!
 -> (artifact id: '0dd45be48279d64f944a610d19eee8ae') in 0.017045 seconds
Number of updated asset objects reloaded before import = 0
Number of asset objects unloaded after import = 81
========================================================================
Received Import Request.
  Time since last request: 0.000020 seconds.
  path: Assets/Imported Assets/low poly pack/Particle/Material/New Material 1.mat
  artifactKey: Guid(142444612133b12468e8924d3235430f) Importer(2089858483,0ecaa5967403d082aa24f35e1b516d23)
Start importing Assets/Imported Assets/low poly pack/Particle/Material/New Material 1.mat using Guid(142444612133b12468e8924d3235430f) Importer(2089858483,0ecaa5967403d082aa24f35e1b516d23) Generated GUIDs only implemented for interfaces!
 -> (artifact id: '20f3ecb80b78981080366c9301bab55d') in 0.018413 seconds
Number of updated asset objects reloaded before import = 0
Number of asset objects unloaded after import = 2
========================================================================
Received Import Request.
  Time since last request: 0.000016 seconds.
  path: Assets/Imported Assets/low poly pack/Particle/Flaer/Untitled.fbx
  artifactKey: Guid(b7a23aef7ea122d498f42bf9a04098bb) Importer(2089858483,0ecaa5967403d082aa24f35e1b516d23)
Start importing Assets/Imported Assets/low poly pack/Particle/Flaer/Untitled.fbx using Guid(b7a23aef7ea122d498f42bf9a04098bb) Importer(2089858483,0ecaa5967403d082aa24f35e1b516d23) Generated GUIDs only implemented for interfaces!
 -> (artifact id: 'ed2b014b5f46b0073c23d72573987e3b') in 0.030130 seconds
Number of updated asset objects reloaded before import = 0
Number of asset objects unloaded after import = 11
========================================================================
Received Import Request.
  Time since last request: 0.000019 seconds.
  path: Assets/Imported Assets/low poly pack/Fbx low poly/Model/grass.prefab
  artifactKey: Guid(510a55b5c4aed6945a274d56d5790da3) Importer(2089858483,0ecaa5967403d082aa24f35e1b516d23)
Start importing Assets/Imported Assets/low poly pack/Fbx low poly/Model/grass.prefab using Guid(510a55b5c4aed6945a274d56d5790da3) Importer(2089858483,0ecaa5967403d082aa24f35e1b516d23) Generated GUIDs only implemented for interfaces!
 -> (artifact id: '2b40db1ea1417a497617f87e3f4bd300') in 0.017042 seconds
Number of updated asset objects reloaded before import = 0
Number of asset objects unloaded after import = 115
========================================================================
Received Import Request.
  Time since last request: 0.000028 seconds.
  path: Assets/Imported Assets/low poly pack/Fbx low poly/Model/wood_ big.prefab
  artifactKey: Guid(3e3fdaec3601fb941a643f6815b56718) Importer(2089858483,0ecaa5967403d082aa24f35e1b516d23)
Start importing Assets/Imported Assets/low poly pack/Fbx low poly/Model/wood_ big.prefab using Guid(3e3fdaec3601fb941a643f6815b56718) Importer(2089858483,0ecaa5967403d082aa24f35e1b516d23) Generated GUIDs only implemented for interfaces!
 -> (artifact id: '1175f504978b12c2169271a5bedf0cda') in 0.013388 seconds
Number of updated asset objects reloaded before import = 0
Number of asset objects unloaded after import = 13
========================================================================
Received Import Request.
  Time since last request: 0.000022 seconds.
  path: Assets/Imported Assets/low poly pack/Fbx low poly/Model/tree3.prefab
  artifactKey: Guid(8002d088fbbbf894f9c06f7f21d90406) Importer(2089858483,0ecaa5967403d082aa24f35e1b516d23)
Start importing Assets/Imported Assets/low poly pack/Fbx low poly/Model/tree3.prefab using Guid(8002d088fbbbf894f9c06f7f21d90406) Importer(2089858483,0ecaa5967403d082aa24f35e1b516d23) Generated GUIDs only implemented for interfaces!
 -> (artifact id: 'ed57e87ecc4488ca6b4c669658aa61e8') in 0.016387 seconds
Number of updated asset objects reloaded before import = 0
Number of asset objects unloaded after import = 18
========================================================================
Received Import Request.
  Time since last request: 0.000029 seconds.
  path: Assets/Imported Assets/low poly pack/Fbx low poly/Model/Low poly pack.fbx
  artifactKey: Guid(62cb00c3de504054a9f5b49b90684964) Importer(2089858483,0ecaa5967403d082aa24f35e1b516d23)
Start importing Assets/Imported Assets/low poly pack/Fbx low poly/Model/Low poly pack.fbx using Guid(62cb00c3de504054a9f5b49b90684964) Importer(2089858483,0ecaa5967403d082aa24f35e1b516d23) Generated GUIDs only implemented for interfaces!
 -> (artifact id: '62e37abdd9699c66c6357be72a430582') in 0.177216 seconds
Number of updated asset objects reloaded before import = 0
Number of asset objects unloaded after import = 687
========================================================================
Received Import Request.
  Time since last request: 0.000020 seconds.
  path: Assets/Imported Assets/low poly pack/low poly/Materials/Color_E02.mat
  artifactKey: Guid(85f40d378e2c9f9459d95ba0009b7fd1) Importer(2089858483,0ecaa5967403d082aa24f35e1b516d23)
Start importing Assets/Imported Assets/low poly pack/low poly/Materials/Color_E02.mat using Guid(85f40d378e2c9f9459d95ba0009b7fd1) Importer(2089858483,0ecaa5967403d082aa24f35e1b516d23) Generated GUIDs only implemented for interfaces!
 -> (artifact id: '6bebac72004dfda5aa0934c0013dac55') in 0.017114 seconds
Number of updated asset objects reloaded before import = 0
Number of asset objects unloaded after import = 1
========================================================================
Received Import Request.
  Time since last request: 0.000025 seconds.
  path: Assets/Imported Assets/low poly pack/Fbx low poly/Model/rock_mini.prefab
  artifactKey: Guid(f22df5a7e1d0b104da386f4ef2a49de2) Importer(2089858483,0ecaa5967403d082aa24f35e1b516d23)
Start importing Assets/Imported Assets/low poly pack/Fbx low poly/Model/rock_mini.prefab using Guid(f22df5a7e1d0b104da386f4ef2a49de2) Importer(2089858483,0ecaa5967403d082aa24f35e1b516d23) Generated GUIDs only implemented for interfaces!
 -> (artifact id: '7988f110aa71bc32f60f899b69f890ba') in 0.015009 seconds
Number of updated asset objects reloaded before import = 0
Number of asset objects unloaded after import = 9
========================================================================
Received Import Request.
  Time since last request: 0.000032 seconds.
  path: Assets/Imported Assets/low poly pack/Fbx low poly/Materials/Color_A07.mat
  artifactKey: Guid(204402a50944bc2488439a31ec8ed56f) Importer(2089858483,0ecaa5967403d082aa24f35e1b516d23)
Start importing Assets/Imported Assets/low poly pack/Fbx low poly/Materials/Color_A07.mat using Guid(204402a50944bc2488439a31ec8ed56f) Importer(2089858483,0ecaa5967403d082aa24f35e1b516d23) Generated GUIDs only implemented for interfaces!
 -> (artifact id: '9cfe9c84723b63585665aabd1e6be573') in 0.017227 seconds
Number of updated asset objects reloaded before import = 0
Number of asset objects unloaded after import = 1
========================================================================
Received Import Request.
  Time since last request: 0.000016 seconds.
  path: Assets/Imported Assets/low poly pack/Fbx low poly/Model/Grass3.prefab
  artifactKey: Guid(94a3b32433127e140a5b338e80eb4e04) Importer(2089858483,0ecaa5967403d082aa24f35e1b516d23)
Start importing Assets/Imported Assets/low poly pack/Fbx low poly/Model/Grass3.prefab using Guid(94a3b32433127e140a5b338e80eb4e04) Importer(2089858483,0ecaa5967403d082aa24f35e1b516d23) Generated GUIDs only implemented for interfaces!
 -> (artifact id: 'dab04f840fd8a9ed2a19fb025a6cbb56') in 0.014531 seconds
Number of updated asset objects reloaded before import = 0
Number of asset objects unloaded after import = 37
========================================================================
Received Import Request.
  Time since last request: 0.000017 seconds.
  path: Assets/Imported Assets/low poly pack/Fbx low poly/Model/tree4.prefab
  artifactKey: Guid(60f5a0cb097ef4445aa116240812905d) Importer(2089858483,0ecaa5967403d082aa24f35e1b516d23)
Start importing Assets/Imported Assets/low poly pack/Fbx low poly/Model/tree4.prefab using Guid(60f5a0cb097ef4445aa116240812905d) Importer(2089858483,0ecaa5967403d082aa24f35e1b516d23) Generated GUIDs only implemented for interfaces!
 -> (artifact id: '527c0f2401a8f98550841682ae9670ee') in 0.018005 seconds
Number of updated asset objects reloaded before import = 0
Number of asset objects unloaded after import = 18
========================================================================
Received Import Request.
  Time since last request: 0.000019 seconds.
  path: Assets/Imported Assets/low poly pack/Fbx low poly/Model/Tree_list.prefab
  artifactKey: Guid(75826e61ba92f6a4688b27d3abfd93fd) Importer(2089858483,0ecaa5967403d082aa24f35e1b516d23)
Start importing Assets/Imported Assets/low poly pack/Fbx low poly/Model/Tree_list.prefab using Guid(75826e61ba92f6a4688b27d3abfd93fd) Importer(2089858483,0ecaa5967403d082aa24f35e1b516d23) Generated GUIDs only implemented for interfaces!
 -> (artifact id: '8062880fdf81f597c3e2b50a4b9eecd4') in 0.016587 seconds
Number of updated asset objects reloaded before import = 0
Number of asset objects unloaded after import = 44
========================================================================
Received Import Request.
  Time since last request: 0.000021 seconds.
  path: Assets/Imported Assets/low poly pack/Fbx low poly/Materials/Color_M00.mat
  artifactKey: Guid(78a3792634b300741b7d0cf4579f4b95) Importer(2089858483,0ecaa5967403d082aa24f35e1b516d23)
Start importing Assets/Imported Assets/low poly pack/Fbx low poly/Materials/Color_M00.mat using Guid(78a3792634b300741b7d0cf4579f4b95) Importer(2089858483,0ecaa5967403d082aa24f35e1b516d23) Generated GUIDs only implemented for interfaces!
 -> (artifact id: '8c7e3ff64fb7a8182ea4e859917c4fd0') in 0.022963 seconds
Number of updated asset objects reloaded before import = 0
Number of asset objects unloaded after import = 1
========================================================================
Received Import Request.
  Time since last request: 0.000020 seconds.
  path: Assets/Imported Assets/low poly pack/Fbx low poly/Materials/Color_A04.mat
  artifactKey: Guid(08322733aecc46442b6c012b5d22c7d0) Importer(2089858483,0ecaa5967403d082aa24f35e1b516d23)
Start importing Assets/Imported Assets/low poly pack/Fbx low poly/Materials/Color_A04.mat using Guid(08322733aecc46442b6c012b5d22c7d0) Importer(2089858483,0ecaa5967403d082aa24f35e1b516d23) Generated GUIDs only implemented for interfaces!
 -> (artifact id: 'bdc70d1188aca610857176fcda273520') in 0.016618 seconds
Number of updated asset objects reloaded before import = 0
Number of asset objects unloaded after import = 1
========================================================================
Received Import Request.
  Time since last request: 0.000023 seconds.
  path: Assets/Imported Assets/low poly pack/Fbx low poly/Materials/Color_J03.mat
  artifactKey: Guid(76bcb407d4680ba44b2a69305c4d1d80) Importer(2089858483,0ecaa5967403d082aa24f35e1b516d23)
Start importing Assets/Imported Assets/low poly pack/Fbx low poly/Materials/Color_J03.mat using Guid(76bcb407d4680ba44b2a69305c4d1d80) Importer(2089858483,0ecaa5967403d082aa24f35e1b516d23) Generated GUIDs only implemented for interfaces!
 -> (artifact id: '3f326ec3c7dc0edbae7db9a9a94c99ad') in 0.019234 seconds
Number of updated asset objects reloaded before import = 0
Number of asset objects unloaded after import = 1
========================================================================
Received Import Request.
  Time since last request: 0.000017 seconds.
  path: Assets/Imported Assets/low poly pack/low poly/Materials/FrontColor.mat
  artifactKey: Guid(392015d57837f7040b7e4d40edf85c6a) Importer(2089858483,0ecaa5967403d082aa24f35e1b516d23)
Start importing Assets/Imported Assets/low poly pack/low poly/Materials/FrontColor.mat using Guid(392015d57837f7040b7e4d40edf85c6a) Importer(2089858483,0ecaa5967403d082aa24f35e1b516d23) Generated GUIDs only implemented for interfaces!
 -> (artifact id: '787627349e9c5ce0198597d1a35df6ff') in 0.014890 seconds
Number of updated asset objects reloaded before import = 0
Number of asset objects unloaded after import = 1
========================================================================
Received Import Request.
  Time since last request: 0.000021 seconds.
  path: Assets/Resources/2D_Art/TutorialExamples/3.PNG
  artifactKey: Guid(a51cd6e802588d34baa2a5e06aaa71aa) Importer(2089858483,0ecaa5967403d082aa24f35e1b516d23)
Start importing Assets/Resources/2D_Art/TutorialExamples/3.PNG using Guid(a51cd6e802588d34baa2a5e06aaa71aa) Importer(2089858483,0ecaa5967403d082aa24f35e1b516d23) Generated GUIDs only implemented for interfaces!
 -> (artifact id: '769c9ada362ecd558fb7c127d145989b') in 0.042807 seconds
Number of updated asset objects reloaded before import = 0
Number of asset objects unloaded after import = 3
========================================================================
Received Import Request.
  Time since last request: 0.000022 seconds.
  path: Assets/Imported Assets/AurynSky/Gems Ultimate Pack/Materials/Yellow.mat
  artifactKey: Guid(640dc2f025ee433489ca50d9f685de47) Importer(2089858483,0ecaa5967403d082aa24f35e1b516d23)
Start importing Assets/Imported Assets/AurynSky/Gems Ultimate Pack/Materials/Yellow.mat using Guid(640dc2f025ee433489ca50d9f685de47) Importer(2089858483,0ecaa5967403d082aa24f35e1b516d23) Generated GUIDs only implemented for interfaces!
 -> (artifact id: '76ddb956aa1b7dff802d32211aba7216') in 0.018368 seconds
Number of updated asset objects reloaded before import = 0
Number of asset objects unloaded after import = 1
========================================================================
Received Import Request.
  Time since last request: 0.000028 seconds.
  path: Assets/Resources/Prefabs/UI/DialogueSystem.prefab
  artifactKey: Guid(a5322fd10fea4c244a2d4d9b9d9af869) Importer(2089858483,0ecaa5967403d082aa24f35e1b516d23)
Start importing Assets/Resources/Prefabs/UI/DialogueSystem.prefab using Guid(a5322fd10fea4c244a2d4d9b9d9af869) Importer(2089858483,0ecaa5967403d082aa24f35e1b516d23) Generated GUIDs only implemented for interfaces!
 -> (artifact id: 'ee880e909fa1db208824af1234d54aac') in 0.021781 seconds
Number of updated asset objects reloaded before import = 0
Number of asset objects unloaded after import = 44
========================================================================
Received Import Request.
  Time since last request: 0.000019 seconds.
  path: Assets/Imported Assets/L_FG_Assets_Pack_Lite/Meshes/Plant06_f.FBX
  artifactKey: Guid(92abb8c60edcea341921ae92c080472d) Importer(2089858483,0ecaa5967403d082aa24f35e1b516d23)
Start importing Assets/Imported Assets/L_FG_Assets_Pack_Lite/Meshes/Plant06_f.FBX using Guid(92abb8c60edcea341921ae92c080472d) Importer(2089858483,0ecaa5967403d082aa24f35e1b516d23) Generated GUIDs only implemented for interfaces!
 -> (artifact id: 'c57ed8868fbf94249a4ac5113479088d') in 0.030500 seconds
Number of updated asset objects reloaded before import = 0
Number of asset objects unloaded after import = 7
========================================================================
Received Import Request.
  Time since last request: 0.000020 seconds.
  path: Assets/Imported Assets/L_FG_Assets_Pack_Lite/Demo/Demo6/Lightmap-3_comp_light.exr
  artifactKey: Guid(c7c207c28c6a8cd4c8578b66e4eb2e7b) Importer(2089858483,0ecaa5967403d082aa24f35e1b516d23)
Start importing Assets/Imported Assets/L_FG_Assets_Pack_Lite/Demo/Demo6/Lightmap-3_comp_light.exr using Guid(c7c207c28c6a8cd4c8578b66e4eb2e7b) Importer(2089858483,0ecaa5967403d082aa24f35e1b516d23) Generated GUIDs only implemented for interfaces!
 -> (artifact id: '5d53c36f365da69bdcddad49e9f9e83e') in 0.035865 seconds
Number of updated asset objects reloaded before import = 0
Number of asset objects unloaded after import = 1
========================================================================
Received Import Request.
  Time since last request: 0.000022 seconds.
  path: Assets/Imported Assets/low poly pack/Particle/Perfab/Flames.prefab
  artifactKey: Guid(23b0bcc2b392efd44bd0eef1dfc415a4) Importer(2089858483,0ecaa5967403d082aa24f35e1b516d23)
Start importing Assets/Imported Assets/low poly pack/Particle/Perfab/Flames.prefab using Guid(23b0bcc2b392efd44bd0eef1dfc415a4) Importer(2089858483,0ecaa5967403d082aa24f35e1b516d23) Generated GUIDs only implemented for interfaces!
 -> (artifact id: '83393d5e0f777b28cee4f437d7a9205b') in 0.017067 seconds
Number of updated asset objects reloaded before import = 0
Number of asset objects unloaded after import = 16
========================================================================
Received Import Request.
  Time since last request: 0.000019 seconds.
  path: Assets/Imported Assets/L_FG_Assets_Pack_Lite/Meshes/Collision/Statue04_a_col.FBX
  artifactKey: Guid(8862d75e91a964d439c56ab92f210971) Importer(2089858483,0ecaa5967403d082aa24f35e1b516d23)
Start importing Assets/Imported Assets/L_FG_Assets_Pack_Lite/Meshes/Collision/Statue04_a_col.FBX using Guid(8862d75e91a964d439c56ab92f210971) Importer(2089858483,0ecaa5967403d082aa24f35e1b516d23) Generated GUIDs only implemented for interfaces!
 -> (artifact id: '206afaae0592c2ea3d24957ec86776f0') in 0.033570 seconds
Number of updated asset objects reloaded before import = 0
Number of asset objects unloaded after import = 7
========================================================================
Received Import Request.
  Time since last request: 0.000023 seconds.
  path: Assets/Imported Assets/L_FG_Assets_Pack_Lite/Perfabs/Cemetery/Gravestone05.prefab
  artifactKey: Guid(a3de67dfd44a3e149bad9f77b9bf251c) Importer(2089858483,0ecaa5967403d082aa24f35e1b516d23)
Start importing Assets/Imported Assets/L_FG_Assets_Pack_Lite/Perfabs/Cemetery/Gravestone05.prefab using Guid(a3de67dfd44a3e149bad9f77b9bf251c) Importer(2089858483,0ecaa5967403d082aa24f35e1b516d23) Generated GUIDs only implemented for interfaces!
 -> (artifact id: 'ecce92c3e1f8150f89c68c227ec82142') in 0.021220 seconds
Number of updated asset objects reloaded before import = 0
Number of asset objects unloaded after import = 8
========================================================================
Received Import Request.
  Time since last request: 0.000021 seconds.
  path: Assets/Imported Assets/L_FG_Assets_Pack_Lite/Perfabs/Cemetery/Gravestone10.prefab
  artifactKey: Guid(4663dab9862d7814184172a2c1dac88a) Importer(2089858483,0ecaa5967403d082aa24f35e1b516d23)
Start importing Assets/Imported Assets/L_FG_Assets_Pack_Lite/Perfabs/Cemetery/Gravestone10.prefab using Guid(4663dab9862d7814184172a2c1dac88a) Importer(2089858483,0ecaa5967403d082aa24f35e1b516d23) Generated GUIDs only implemented for interfaces!
 -> (artifact id: '08502a19b4c92f90aa5a49ea5c6dcd19') in 0.019632 seconds
Number of updated asset objects reloaded before import = 0
Number of asset objects unloaded after import = 7
========================================================================
Received Import Request.
  Time since last request: 0.000032 seconds.
  path: Assets/Imported Assets/L_FG_Assets_Pack_Lite/Meshes/Collision/Plant01_c_col.FBX
  artifactKey: Guid(de5b1e5be7efd6241880d0146bb70ba5) Importer(2089858483,0ecaa5967403d082aa24f35e1b516d23)
Start importing Assets/Imported Assets/L_FG_Assets_Pack_Lite/Meshes/Collision/Plant01_c_col.FBX using Guid(de5b1e5be7efd6241880d0146bb70ba5) Importer(2089858483,0ecaa5967403d082aa24f35e1b516d23) Generated GUIDs only implemented for interfaces!
 -> (artifact id: 'be774596ae06388a97588c1b647e7c59') in 0.032324 seconds
Number of updated asset objects reloaded before import = 0
Number of asset objects unloaded after import = 7
========================================================================
Received Import Request.
  Time since last request: 0.000017 seconds.
  path: Assets/Imported Assets/L_FG_Assets_Pack_Lite/Meshes/Collision/Statue05_b_col.FBX
  artifactKey: Guid(c9491566aafc08a4a9b7b5b7c1995968) Importer(2089858483,0ecaa5967403d082aa24f35e1b516d23)
Start importing Assets/Imported Assets/L_FG_Assets_Pack_Lite/Meshes/Collision/Statue05_b_col.FBX using Guid(c9491566aafc08a4a9b7b5b7c1995968) Importer(2089858483,0ecaa5967403d082aa24f35e1b516d23) Generated GUIDs only implemented for interfaces!
 -> (artifact id: 'f6b7435cf03acb6d49972be434b5bdcb') in 0.024982 seconds
Number of updated asset objects reloaded before import = 0
Number of asset objects unloaded after import = 7
========================================================================
Received Import Request.
  Time since last request: 0.000023 seconds.
  path: Assets/Imported Assets/L_FG_Assets_Pack_Lite/Perfabs/Cemetery/Gravestone09.prefab
  artifactKey: Guid(0d2c2e3c29e94ee4e896a1bc5af306fc) Importer(2089858483,0ecaa5967403d082aa24f35e1b516d23)
Start importing Assets/Imported Assets/L_FG_Assets_Pack_Lite/Perfabs/Cemetery/Gravestone09.prefab using Guid(0d2c2e3c29e94ee4e896a1bc5af306fc) Importer(2089858483,0ecaa5967403d082aa24f35e1b516d23) Generated GUIDs only implemented for interfaces!
 -> (artifact id: '9f36aaedef683d88755d9d7e8cfe5f6a') in 0.021030 seconds
Number of updated asset objects reloaded before import = 0
Number of asset objects unloaded after import = 7
========================================================================
Received Import Request.
  Time since last request: 0.000016 seconds.
  path: Assets/Imported Assets/L_FG_Assets_Pack_Lite/Meshes/Collision/Cart03_col.FBX
  artifactKey: Guid(2d2202fc3b08a724b98f60665a40dc09) Importer(2089858483,0ecaa5967403d082aa24f35e1b516d23)
Start importing Assets/Imported Assets/L_FG_Assets_Pack_Lite/Meshes/Collision/Cart03_col.FBX using Guid(2d2202fc3b08a724b98f60665a40dc09) Importer(2089858483,0ecaa5967403d082aa24f35e1b516d23) Generated GUIDs only implemented for interfaces!
 -> (artifact id: '3b3ba95f439f128ebf62b7d4086ca8c7') in 0.026908 seconds
Number of updated asset objects reloaded before import = 0
Number of asset objects unloaded after import = 7
========================================================================
Received Import Request.
  Time since last request: 0.000016 seconds.
  path: Assets/Imported Assets/low poly pack/Particle/Textur/Магия_Иллюзии_3.png
  artifactKey: Guid(8fa2c1ffbf9b1fc489c516b4534f4460) Importer(2089858483,0ecaa5967403d082aa24f35e1b516d23)
Start importing Assets/Imported Assets/low poly pack/Particle/Textur/Магия_Иллюзии_3.png using Guid(8fa2c1ffbf9b1fc489c516b4534f4460) Importer(2089858483,0ecaa5967403d082aa24f35e1b516d23) Generated GUIDs only implemented for interfaces!
 -> (artifact id: '301ccc3a4dc9e61021df7951d23e7822') in 0.031763 seconds
Number of updated asset objects reloaded before import = 0
Number of asset objects unloaded after import = 1
========================================================================
Received Import Request.
  Time since last request: 0.000017 seconds.
  path: Assets/Imported Assets/L_FG_Assets_Pack_Lite/Perfabs/Cemetery/Gravestone03.prefab
  artifactKey: Guid(7da0471ffb86137449c6cccd6fc42bf7) Importer(2089858483,0ecaa5967403d082aa24f35e1b516d23)
Start importing Assets/Imported Assets/L_FG_Assets_Pack_Lite/Perfabs/Cemetery/Gravestone03.prefab using Guid(7da0471ffb86137449c6cccd6fc42bf7) Importer(2089858483,0ecaa5967403d082aa24f35e1b516d23) Generated GUIDs only implemented for interfaces!
 -> (artifact id: 'f69457a80c4f580d493cd0924ecb9214') in 0.018174 seconds
Number of updated asset objects reloaded before import = 0
Number of asset objects unloaded after import = 8
========================================================================
Received Import Request.
  Time since last request: 0.000016 seconds.
  path: Assets/Imported Assets/low poly pack/Particle/Perfab/Flames2 .prefab
  artifactKey: Guid(e251dc28f26d85749ad5f7e5fbfde962) Importer(2089858483,0ecaa5967403d082aa24f35e1b516d23)
Start importing Assets/Imported Assets/low poly pack/Particle/Perfab/Flames2 .prefab using Guid(e251dc28f26d85749ad5f7e5fbfde962) Importer(2089858483,0ecaa5967403d082aa24f35e1b516d23) Generated GUIDs only implemented for interfaces!
 -> (artifact id: '39d9cc12cf903512bdba8e0f2d1aedd0') in 0.065743 seconds
Number of updated asset objects reloaded before import = 0
Number of asset objects unloaded after import = 6
========================================================================
Received Import Request.
  Time since last request: 0.000018 seconds.
  path: Assets/Imported Assets/L_FG_Assets_Pack_Lite/Perfabs/Cemetery/Gravestone06.prefab
  artifactKey: Guid(353515d8d88ef3547a468cbe5f1dedd4) Importer(2089858483,0ecaa5967403d082aa24f35e1b516d23)
Start importing Assets/Imported Assets/L_FG_Assets_Pack_Lite/Perfabs/Cemetery/Gravestone06.prefab using Guid(353515d8d88ef3547a468cbe5f1dedd4) Importer(2089858483,0ecaa5967403d082aa24f35e1b516d23) Generated GUIDs only implemented for interfaces!
 -> (artifact id: '4b574c3475f342f10c766bd01bb80d9f') in 0.024245 seconds
Number of updated asset objects reloaded before import = 0
Number of asset objects unloaded after import = 8
========================================================================
Received Import Request.
  Time since last request: 0.000026 seconds.
  path: Assets/Imported Assets/L_FG_Assets_Pack_Lite/Meshes/Collision/Plant02_c_col.FBX
  artifactKey: Guid(0e23937467e45674c85e0fe2afce491c) Importer(2089858483,0ecaa5967403d082aa24f35e1b516d23)
Start importing Assets/Imported Assets/L_FG_Assets_Pack_Lite/Meshes/Collision/Plant02_c_col.FBX using Guid(0e23937467e45674c85e0fe2afce491c) Importer(2089858483,0ecaa5967403d082aa24f35e1b516d23) Generated GUIDs only implemented for interfaces!
 -> (artifact id: '971ac7d1f672e27cee3c96b11a29e1d1') in 0.027195 seconds
Number of updated asset objects reloaded before import = 0
Number of asset objects unloaded after import = 7
========================================================================
Received Import Request.
  Time since last request: 0.000015 seconds.
  path: Assets/Imported Assets/L_FG_Assets_Pack_Lite/Meshes/Collision/Coffin01_b_col.FBX
  artifactKey: Guid(03fa21db3dcfa9a468363bd9ddba0b40) Importer(2089858483,0ecaa5967403d082aa24f35e1b516d23)
Start importing Assets/Imported Assets/L_FG_Assets_Pack_Lite/Meshes/Collision/Coffin01_b_col.FBX using Guid(03fa21db3dcfa9a468363bd9ddba0b40) Importer(2089858483,0ecaa5967403d082aa24f35e1b516d23) Generated GUIDs only implemented for interfaces!
 -> (artifact id: 'f71ad226faae47d2c5f98bb24afb3af2') in 0.030971 seconds
Number of updated asset objects reloaded before import = 0
Number of asset objects unloaded after import = 7
========================================================================
Received Import Request.
  Time since last request: 0.000112 seconds.
  path: Assets/Imported Assets/L_FG_Assets_Pack_Lite/Meshes/Collision/Cart01_col.FBX
  artifactKey: Guid(63da046efbdae6540bcccff127e8d12c) Importer(2089858483,0ecaa5967403d082aa24f35e1b516d23)
Start importing Assets/Imported Assets/L_FG_Assets_Pack_Lite/Meshes/Collision/Cart01_col.FBX using Guid(63da046efbdae6540bcccff127e8d12c) Importer(2089858483,0ecaa5967403d082aa24f35e1b516d23) Generated GUIDs only implemented for interfaces!
 -> (artifact id: 'c6c0631dd6b574a84a0bb2ae2ee1c47c') in 0.035046 seconds
Number of updated asset objects reloaded before import = 0
Number of asset objects unloaded after import = 7
========================================================================
Received Import Request.
  Time since last request: 0.000030 seconds.
  path: Assets/Imported Assets/L_FG_Assets_Pack_Lite/Meshes/Collision/Plant03_f_col.FBX
  artifactKey: Guid(3f0dedd383a8a7f4da3d769d0f7b3336) Importer(2089858483,0ecaa5967403d082aa24f35e1b516d23)
Start importing Assets/Imported Assets/L_FG_Assets_Pack_Lite/Meshes/Collision/Plant03_f_col.FBX using Guid(3f0dedd383a8a7f4da3d769d0f7b3336) Importer(2089858483,0ecaa5967403d082aa24f35e1b516d23) Generated GUIDs only implemented for interfaces!
 -> (artifact id: '7430c57ada2e09b9e392d2e1d66ee051') in 0.026680 seconds
Number of updated asset objects reloaded before import = 0
Number of asset objects unloaded after import = 7
========================================================================
Received Import Request.
  Time since last request: 0.000021 seconds.
  path: Assets/Imported Assets/L_FG_Assets_Pack_Lite/Meshes/Collision/Plant03_g_col.FBX
  artifactKey: Guid(f957df16f992afd45a2b5c2fba94b245) Importer(2089858483,0ecaa5967403d082aa24f35e1b516d23)
Start importing Assets/Imported Assets/L_FG_Assets_Pack_Lite/Meshes/Collision/Plant03_g_col.FBX using Guid(f957df16f992afd45a2b5c2fba94b245) Importer(2089858483,0ecaa5967403d082aa24f35e1b516d23) Generated GUIDs only implemented for interfaces!
 -> (artifact id: 'e70cc49f0bbed270659b5039d39621c3') in 0.028942 seconds
Number of updated asset objects reloaded before import = 0
Number of asset objects unloaded after import = 7
========================================================================
Received Import Request.
  Time since last request: 0.000017 seconds.
  path: Assets/Resources/Models/Lucas/LucasChar.prefab
  artifactKey: Guid(c1ccf838d55b2bc409ef326648a3bddb) Importer(2089858483,0ecaa5967403d082aa24f35e1b516d23)
Start importing Assets/Resources/Models/Lucas/LucasChar.prefab using Guid(c1ccf838d55b2bc409ef326648a3bddb) Importer(2089858483,0ecaa5967403d082aa24f35e1b516d23) Generated GUIDs only implemented for interfaces!
 -> (artifact id: 'bc19a6818a45ce02f61a22ac89e81ff4') in 0.030872 seconds
Number of updated asset objects reloaded before import = 0
Number of asset objects unloaded after import = 158
========================================================================
Received Import Request.
  Time since last request: 0.000021 seconds.
  path: Assets/Scripts/Rob_Scripts/ScriptableObject Scripts/BaseItem.cs
  artifactKey: Guid(3b8d34ae66e6544569c4a7854b77b727) Importer(2089858483,0ecaa5967403d082aa24f35e1b516d23)
Start importing Assets/Scripts/Rob_Scripts/ScriptableObject Scripts/BaseItem.cs using Guid(3b8d34ae66e6544569c4a7854b77b727) Importer(2089858483,0ecaa5967403d082aa24f35e1b516d23) Generated GUIDs only implemented for interfaces!
 -> (artifact id: '36bfe5512c78b4f18fe4dc0038d9389e') in 0.014899 seconds
Number of updated asset objects reloaded before import = 0
Number of asset objects unloaded after import = 1
========================================================================
Received Import Request.
  Time since last request: 0.000087 seconds.
  path: Assets/Imported Assets/AllSkyFree/_AllSkyFreeDemoEnvironment/Materials/rock.mat
  artifactKey: Guid(51dc696c8ce2945ce968026f5776ca52) Importer(2089858483,0ecaa5967403d082aa24f35e1b516d23)
Start importing Assets/Imported Assets/AllSkyFree/_AllSkyFreeDemoEnvironment/Materials/rock.mat using Guid(51dc696c8ce2945ce968026f5776ca52) Importer(2089858483,0ecaa5967403d082aa24f35e1b516d23) Generated GUIDs only implemented for interfaces!
 -> (artifact id: '44fa44d25cbef7d31cf1ef74c5ad042b') in 0.019322 seconds
Number of updated asset objects reloaded before import = 0
Number of asset objects unloaded after import = 1
========================================================================
Received Import Request.
  Time since last request: 0.000112 seconds.
  path: Assets/Imported Assets/low poly pack/Fbx low poly/Model/tree 2.prefab
  artifactKey: Guid(5007776beb043ae4d8eebe083ac1822f) Importer(2089858483,0ecaa5967403d082aa24f35e1b516d23)
Start importing Assets/Imported Assets/low poly pack/Fbx low poly/Model/tree 2.prefab using Guid(5007776beb043ae4d8eebe083ac1822f) Importer(2089858483,0ecaa5967403d082aa24f35e1b516d23) Generated GUIDs only implemented for interfaces!
 -> (artifact id: '8159eb829fc48fd3872aa2bcdb0d89ff') in 0.018360 seconds
Number of updated asset objects reloaded before import = 0
Number of asset objects unloaded after import = 39
========================================================================
Received Import Request.
  Time since last request: 0.000029 seconds.
  path: Assets/Scenes/GameScenes/BattleLevelLight/BattleLightSettings.lighting
  artifactKey: Guid(30b40c0c2d3314048a07badd59a3d0ed) Importer(2089858483,0ecaa5967403d082aa24f35e1b516d23)
Start importing Assets/Scenes/GameScenes/BattleLevelLight/BattleLightSettings.lighting using Guid(30b40c0c2d3314048a07badd59a3d0ed) Importer(2089858483,0ecaa5967403d082aa24f35e1b516d23) Generated GUIDs only implemented for interfaces!
 -> (artifact id: '01afa616ec4791098bff0b83817a4bb4') in 0.016893 seconds
Number of updated asset objects reloaded before import = 0
Number of asset objects unloaded after import = 1
========================================================================
Received Import Request.
  Time since last request: 0.000019 seconds.
  path: Assets/Imported Assets/Low-Poly Weapons/Prefabs/Grenade_Smoke.prefab
  artifactKey: Guid(cc45d25784d134031be721e31c3c239f) Importer(2089858483,0ecaa5967403d082aa24f35e1b516d23)
Start importing Assets/Imported Assets/Low-Poly Weapons/Prefabs/Grenade_Smoke.prefab using Guid(cc45d25784d134031be721e31c3c239f) Importer(2089858483,0ecaa5967403d082aa24f35e1b516d23) Generated GUIDs only implemented for interfaces!
 -> (artifact id: 'ba3495480f7dfd6c02d33a24de1ec781') in 0.014882 seconds
Number of updated asset objects reloaded before import = 0
Number of asset objects unloaded after import = 7
========================================================================
Received Import Request.
  Time since last request: 0.000020 seconds.
  path: Assets/Imported Assets/Sherbbs Particle Collection/Mesh/icoBig.fbx
  artifactKey: Guid(dbd50e397db24b74987379564969ef93) Importer(2089858483,0ecaa5967403d082aa24f35e1b516d23)
Start importing Assets/Imported Assets/Sherbbs Particle Collection/Mesh/icoBig.fbx using Guid(dbd50e397db24b74987379564969ef93) Importer(2089858483,0ecaa5967403d082aa24f35e1b516d23) Generated GUIDs only implemented for interfaces!
 -> (artifact id: '7fb57895a72a17ebb7ee4c76992bef1e') in 0.031296 seconds
Number of updated asset objects reloaded before import = 0
Number of asset objects unloaded after import = 7
========================================================================
Received Import Request.
  Time since last request: 0.000018 seconds.
  path: Assets/Scenes/GameScenes/StartLevel/LightingData.asset
  artifactKey: Guid(affdd5cdf06abb34a8779139b79d0ecc) Importer(2089858483,0ecaa5967403d082aa24f35e1b516d23)
Start importing Assets/Scenes/GameScenes/StartLevel/LightingData.asset using Guid(affdd5cdf06abb34a8779139b79d0ecc) Importer(2089858483,0ecaa5967403d082aa24f35e1b516d23) Generated GUIDs only implemented for interfaces!
 -> (artifact id: '990a715b84453f39c3d482d202612896') in 0.012984 seconds
Number of updated asset objects reloaded before import = 0
Number of asset objects unloaded after import = 2
========================================================================
Received Import Request.
  Time since last request: 0.000016 seconds.
  path: Assets/Imported Assets/L_FG_Assets_Pack_Lite/Textures/Coffin01_D.tga
  artifactKey: Guid(e0200931da2c3f54085c12c6ccc5775f) Importer(2089858483,0ecaa5967403d082aa24f35e1b516d23)
Start importing Assets/Imported Assets/L_FG_Assets_Pack_Lite/Textures/Coffin01_D.tga using Guid(e0200931da2c3f54085c12c6ccc5775f) Importer(2089858483,0ecaa5967403d082aa24f35e1b516d23) Generated GUIDs only implemented for interfaces!
 -> (artifact id: '0156703f6bdd041a3a5de685e219a559') in 0.030380 seconds
Number of updated asset objects reloaded before import = 0
Number of asset objects unloaded after import = 1
========================================================================
Received Import Request.
  Time since last request: 0.000020 seconds.
  path: Assets/Resources/Prefabs/UI/PlayerInfo.prefab
  artifactKey: Guid(5154174b961b93040bd1f55a3779cb62) Importer(2089858483,0ecaa5967403d082aa24f35e1b516d23)
Start importing Assets/Resources/Prefabs/UI/PlayerInfo.prefab using Guid(5154174b961b93040bd1f55a3779cb62) Importer(2089858483,0ecaa5967403d082aa24f35e1b516d23) Generated GUIDs only implemented for interfaces!
 -> (artifact id: '4b8260454cacf40478379d32eb569fa0') in 0.037381 seconds
Number of updated asset objects reloaded before import = 0
Number of asset objects unloaded after import = 59
========================================================================
Received Import Request.
  Time since last request: 0.000018 seconds.
  path: Assets/Imported Assets/L_FG_Assets_Pack_Lite/Demo/Demo6Settings.lighting
  artifactKey: Guid(0aed59ebcbcfbd14293b0e5b54604416) Importer(2089858483,0ecaa5967403d082aa24f35e1b516d23)
Start importing Assets/Imported Assets/L_FG_Assets_Pack_Lite/Demo/Demo6Settings.lighting using Guid(0aed59ebcbcfbd14293b0e5b54604416) Importer(2089858483,0ecaa5967403d082aa24f35e1b516d23) LightingSettings: switching bake backend from 1 to 0.
Generated GUIDs only implemented for interfaces!
 -> (artifact id: '2383a6f296a3ddf9ce6e3a4352c13e19') in 0.018188 seconds
Number of updated asset objects reloaded before import = 0
Number of asset objects unloaded after import = 1
========================================================================
Received Import Request.
  Time since last request: 0.000027 seconds.
  path: Assets/Imported Assets/AurynSky/Gems Ultimate Pack/Materials/Pink.mat
  artifactKey: Guid(34a2d4fc8f422c345a4cc739f3ee3b81) Importer(2089858483,0ecaa5967403d082aa24f35e1b516d23)
Start importing Assets/Imported Assets/AurynSky/Gems Ultimate Pack/Materials/Pink.mat using Guid(34a2d4fc8f422c345a4cc739f3ee3b81) Importer(2089858483,0ecaa5967403d082aa24f35e1b516d23) Generated GUIDs only implemented for interfaces!
 -> (artifact id: 'ffb636e54e533e381cfb83c3412ccae5') in 0.014063 seconds
Number of updated asset objects reloaded before import = 0
Number of asset objects unloaded after import = 1
========================================================================
Received Import Request.
  Time since last request: 0.000101 seconds.
  path: Assets/Imported Assets/NavMeshComponents/Editor/NavMeshLinkEditor.cs
  artifactKey: Guid(1eda271aab19dbc428aa2944c78ad5f2) Importer(2089858483,0ecaa5967403d082aa24f35e1b516d23)
Start importing Assets/Imported Assets/NavMeshComponents/Editor/NavMeshLinkEditor.cs using Guid(1eda271aab19dbc428aa2944c78ad5f2) Importer(2089858483,0ecaa5967403d082aa24f35e1b516d23) Generated GUIDs only implemented for interfaces!
 -> (artifact id: 'ce26b08dae5d81f5e2a10634d80dbfdf') in 0.013676 seconds
Number of updated asset objects reloaded before import = 0
Number of asset objects unloaded after import = 1
========================================================================
Received Import Request.
  Time since last request: 0.000046 seconds.
  path: Assets/Imported Assets/Inguz Media Studio/Free 2D Impact FX/Materiales/Impact03.mat
  artifactKey: Guid(8ca56286b051f1d48a4e9df54d9feabc) Importer(2089858483,0ecaa5967403d082aa24f35e1b516d23)
Start importing Assets/Imported Assets/Inguz Media Studio/Free 2D Impact FX/Materiales/Impact03.mat using Guid(8ca56286b051f1d48a4e9df54d9feabc) Importer(2089858483,0ecaa5967403d082aa24f35e1b516d23) Generated GUIDs only implemented for interfaces!
 -> (artifact id: '6e7cb4352543904dafb79edd1e184b1d') in 0.055190 seconds
Number of updated asset objects reloaded before import = 0
Number of asset objects unloaded after import = 2
========================================================================
Received Import Request.
  Time since last request: 0.000018 seconds.
  path: Assets/Scenes/GameScenes/StartLevel/ReflectionProbe-0.exr
  artifactKey: Guid(f9566bd6ba1c17045ad5dec36ecd816d) Importer(2089858483,0ecaa5967403d082aa24f35e1b516d23)
Start importing Assets/Scenes/GameScenes/StartLevel/ReflectionProbe-0.exr using Guid(f9566bd6ba1c17045ad5dec36ecd816d) Importer(2089858483,0ecaa5967403d082aa24f35e1b516d23) Generated GUIDs only implemented for interfaces!
 -> (artifact id: '04d7bfd9daaea4a33ca14e7bdce4c92d') in 0.025042 seconds
Number of updated asset objects reloaded before import = 0
Number of asset objects unloaded after import = 1
========================================================================
Received Import Request.
  Time since last request: 0.000061 seconds.
  path: Assets/Imported Assets/Low-Poly Weapons/Models/Materials/Weapons.mat
  artifactKey: Guid(1c8657c6b5cdc4eb5bcac1968488b356) Importer(2089858483,0ecaa5967403d082aa24f35e1b516d23)
Start importing Assets/Imported Assets/Low-Poly Weapons/Models/Materials/Weapons.mat using Guid(1c8657c6b5cdc4eb5bcac1968488b356) Importer(2089858483,0ecaa5967403d082aa24f35e1b516d23) Generated GUIDs only implemented for interfaces!
 -> (artifact id: '10f1a62c4f0d8cfea00f6790962fac97') in 0.036862 seconds
Number of updated asset objects reloaded before import = 0
Number of asset objects unloaded after import = 2
========================================================================
Received Import Request.
  Time since last request: 0.000015 seconds.
  path: Assets/Scripts/BattleScripts/B_ScriptableObjects/PlayerInventory.asset
  artifactKey: Guid(cc3bb9316d9a8aa478a50fa6d4a71a37) Importer(2089858483,0ecaa5967403d082aa24f35e1b516d23)
Start importing Assets/Scripts/BattleScripts/B_ScriptableObjects/PlayerInventory.asset using Guid(cc3bb9316d9a8aa478a50fa6d4a71a37) Importer(2089858483,0ecaa5967403d082aa24f35e1b516d23) Generated GUIDs only implemented for interfaces!
 -> (artifact id: '83024e638281e1b11f176172f71a232f') in 0.013342 seconds
Number of updated asset objects reloaded before import = 0
Number of asset objects unloaded after import = 1
========================================================================
Received Import Request.
  Time since last request: 0.000066 seconds.
  path: Assets/Imported Assets/L_FG_Assets_Pack_Lite/Meshes/Collision/Statue03_b_col.FBX
  artifactKey: Guid(5aea4c3b2a8e0614da490b0d37505442) Importer(2089858483,0ecaa5967403d082aa24f35e1b516d23)
Start importing Assets/Imported Assets/L_FG_Assets_Pack_Lite/Meshes/Collision/Statue03_b_col.FBX using Guid(5aea4c3b2a8e0614da490b0d37505442) Importer(2089858483,0ecaa5967403d082aa24f35e1b516d23) Generated GUIDs only implemented for interfaces!
 -> (artifact id: '99415c0a2c2f2bb4a332dedcac1e9e1d') in 0.025183 seconds
Number of updated asset objects reloaded before import = 0
Number of asset objects unloaded after import = 7
========================================================================
Received Import Request.
  Time since last request: 0.000021 seconds.
  path: Assets/Imported Assets/L_FG_Assets_Pack_Lite/Meshes/Plant08_d.FBX
  artifactKey: Guid(1a01f9eda9c0d64458eecc889143a546) Importer(2089858483,0ecaa5967403d082aa24f35e1b516d23)
Start importing Assets/Imported Assets/L_FG_Assets_Pack_Lite/Meshes/Plant08_d.FBX using Guid(1a01f9eda9c0d64458eecc889143a546) Importer(2089858483,0ecaa5967403d082aa24f35e1b516d23) Generated GUIDs only implemented for interfaces!
 -> (artifact id: '302fa85a67a70ce2b1b5e92f9ea8ce92') in 0.026973 seconds
Number of updated asset objects reloaded before import = 0
Number of asset objects unloaded after import = 7
========================================================================
Received Import Request.
  Time since last request: 0.000022 seconds.
  path: Assets/Imported Assets/L_FG_Assets_Pack_Lite/Materials/Particle01.mat
  artifactKey: Guid(b9c09f1288d683a45acbc66cc41a0ac2) Importer(2089858483,0ecaa5967403d082aa24f35e1b516d23)
Start importing Assets/Imported Assets/L_FG_Assets_Pack_Lite/Materials/Particle01.mat using Guid(b9c09f1288d683a45acbc66cc41a0ac2) Importer(2089858483,0ecaa5967403d082aa24f35e1b516d23) Generated GUIDs only implemented for interfaces!
 -> (artifact id: '8f31d6adbc79be79d882d418f5c65348') in 0.016606 seconds
Number of updated asset objects reloaded before import = 0
Number of asset objects unloaded after import = 1
========================================================================
Received Import Request.
  Time since last request: 0.000017 seconds.
  path: Assets/Imported Assets/AurynSky/Gems Ultimate Pack/Models/Hexgon.fbx
  artifactKey: Guid(88298ecb4d0fcff45879b1338c17fe54) Importer(2089858483,0ecaa5967403d082aa24f35e1b516d23)
Start importing Assets/Imported Assets/AurynSky/Gems Ultimate Pack/Models/Hexgon.fbx using Guid(88298ecb4d0fcff45879b1338c17fe54) Importer(2089858483,0ecaa5967403d082aa24f35e1b516d23) Generated GUIDs only implemented for interfaces!
 -> (artifact id: 'ecbfd1af515fbab718347c1995badc52') in 0.033688 seconds
Number of updated asset objects reloaded before import = 0
Number of asset objects unloaded after import = 7
========================================================================
Received Import Request.
  Time since last request: 0.000018 seconds.
  path: Assets/Imported Assets/L_FG_Assets_Pack_Lite/Textures/Tomb01_D.tga
  artifactKey: Guid(48feca8b4f1890e4782dc956acf3bd54) Importer(2089858483,0ecaa5967403d082aa24f35e1b516d23)
Start importing Assets/Imported Assets/L_FG_Assets_Pack_Lite/Textures/Tomb01_D.tga using Guid(48feca8b4f1890e4782dc956acf3bd54) Importer(2089858483,0ecaa5967403d082aa24f35e1b516d23) Generated GUIDs only implemented for interfaces!
 -> (artifact id: '576feb9734acadecd8d92e5f93ac380e') in 0.031789 seconds
Number of updated asset objects reloaded before import = 0
Number of asset objects unloaded after import = 1
========================================================================
Received Import Request.
  Time since last request: 0.000017 seconds.
  path: Assets/Scenes/GameScenes/BossBattle/ReflectionProbe-1.exr
  artifactKey: Guid(17e1d3fd45b42164991c602726f90c88) Importer(2089858483,0ecaa5967403d082aa24f35e1b516d23)
Start importing Assets/Scenes/GameScenes/BossBattle/ReflectionProbe-1.exr using Guid(17e1d3fd45b42164991c602726f90c88) Importer(2089858483,0ecaa5967403d082aa24f35e1b516d23) Generated GUIDs only implemented for interfaces!
 -> (artifact id: '32533b550e733c061512e7f575212ca9') in 0.026847 seconds
Number of updated asset objects reloaded before import = 0
Number of asset objects unloaded after import = 1
========================================================================
Received Import Request.
  Time since last request: 0.000046 seconds.
  path: Assets/Imported Assets/L_FG_Assets_Pack_Lite/Meshes/Gravestone05.FBX
  artifactKey: Guid(cb4112b49702a6c4f8b065a6d79682da) Importer(2089858483,0ecaa5967403d082aa24f35e1b516d23)
Start importing Assets/Imported Assets/L_FG_Assets_Pack_Lite/Meshes/Gravestone05.FBX using Guid(cb4112b49702a6c4f8b065a6d79682da) Importer(2089858483,0ecaa5967403d082aa24f35e1b516d23) Generated GUIDs only implemented for interfaces!
 -> (artifact id: '96803055485bca019e66a06aadd63dfc') in 0.026827 seconds
Number of updated asset objects reloaded before import = 0
Number of asset objects unloaded after import = 7
========================================================================
Received Import Request.
  Time since last request: 0.000084 seconds.
  path: Assets/Imported Assets/TextMesh Pro/Fonts/LiberationSans - OFL.txt
  artifactKey: Guid(6e59c59b81ab47f9b6ec5781fa725d2c) Importer(2089858483,0ecaa5967403d082aa24f35e1b516d23)
Start importing Assets/Imported Assets/TextMesh Pro/Fonts/LiberationSans - OFL.txt using Guid(6e59c59b81ab47f9b6ec5781fa725d2c) Importer(2089858483,0ecaa5967403d082aa24f35e1b516d23) Generated GUIDs only implemented for interfaces!
 -> (artifact id: '95fda7da44922625e2c19bd7c6879513') in 0.013053 seconds
Number of updated asset objects reloaded before import = 0
Number of asset objects unloaded after import = 1
========================================================================
Received Import Request.
  Time since last request: 0.000020 seconds.
  path: Assets/Resources/Prefabs/Skills/FireBall.prefab
  artifactKey: Guid(a98522edd62e0654ab8c2e38ddbc9a97) Importer(2089858483,0ecaa5967403d082aa24f35e1b516d23)
Start importing Assets/Resources/Prefabs/Skills/FireBall.prefab using Guid(a98522edd62e0654ab8c2e38ddbc9a97) Importer(2089858483,0ecaa5967403d082aa24f35e1b516d23) Generated GUIDs only implemented for interfaces!
 -> (artifact id: '14b0f5f8085c44ffc8780d3421d0fcfc') in 0.017190 seconds
Number of updated asset objects reloaded before import = 0
Number of asset objects unloaded after import = 21
========================================================================
Received Import Request.
  Time since last request: 0.000028 seconds.
  path: Assets/Resources/Prefabs/Items/PhysicalCrystal.prefab
  artifactKey: Guid(1be11f72c6d2fed4c8900bf6ad49fd1d) Importer(2089858483,0ecaa5967403d082aa24f35e1b516d23)
Start importing Assets/Resources/Prefabs/Items/PhysicalCrystal.prefab using Guid(1be11f72c6d2fed4c8900bf6ad49fd1d) Importer(2089858483,0ecaa5967403d082aa24f35e1b516d23) Generated GUIDs only implemented for interfaces!
 -> (artifact id: '7cd9e0825f61c88082f81e2d7cc9886b') in 0.038465 seconds
Number of updated asset objects reloaded before import = 0
Number of asset objects unloaded after import = 29
========================================================================
Received Import Request.
  Time since last request: 0.000023 seconds.
  path: Assets/Imported Assets/AurynSky/Gems Ultimate Pack/Materials/Orange.mat
  artifactKey: Guid(5a9e6cf91cbfc1a4fbc9470cca37b97a) Importer(2089858483,0ecaa5967403d082aa24f35e1b516d23)
Start importing Assets/Imported Assets/AurynSky/Gems Ultimate Pack/Materials/Orange.mat using Guid(5a9e6cf91cbfc1a4fbc9470cca37b97a) Importer(2089858483,0ecaa5967403d082aa24f35e1b516d23) Generated GUIDs only implemented for interfaces!
 -> (artifact id: 'aa879f4ae8c0b28e19ff27b48fd2deab') in 0.014972 seconds
Number of updated asset objects reloaded before import = 0
Number of asset objects unloaded after import = 1
========================================================================
Received Import Request.
  Time since last request: 0.000160 seconds.
  path: Assets/Imported Assets/AllSkyFree/_AllSkyFreeDemoEnvironment/Materials/AllSkyDemoEnv_Building.mat
  artifactKey: Guid(4ecd3f24879b0402c92f21617e3db5e1) Importer(2089858483,0ecaa5967403d082aa24f35e1b516d23)
Start importing Assets/Imported Assets/AllSkyFree/_AllSkyFreeDemoEnvironment/Materials/AllSkyDemoEnv_Building.mat using Guid(4ecd3f24879b0402c92f21617e3db5e1) Importer(2089858483,0ecaa5967403d082aa24f35e1b516d23) Generated GUIDs only implemented for interfaces!
 -> (artifact id: '28da286c9f360b405c14353f4b6cf519') in 0.017134 seconds
Number of updated asset objects reloaded before import = 0
Number of asset objects unloaded after import = 1
========================================================================
Received Import Request.
  Time since last request: 0.000054 seconds.
  path: Assets/Imported Assets/L_FG_Assets_Pack_Lite/Textures/Ground03_D.tga
  artifactKey: Guid(973f3c1c9f25c0b41baacb27a46a02ef) Importer(2089858483,0ecaa5967403d082aa24f35e1b516d23)
Start importing Assets/Imported Assets/L_FG_Assets_Pack_Lite/Textures/Ground03_D.tga using Guid(973f3c1c9f25c0b41baacb27a46a02ef) Importer(2089858483,0ecaa5967403d082aa24f35e1b516d23) Generated GUIDs only implemented for interfaces!
 -> (artifact id: '6a9b0900fa9f5b74416f21bf022cfcf4') in 0.041504 seconds
Number of updated asset objects reloaded before import = 0
Number of asset objects unloaded after import = 1
========================================================================
Received Import Request.
  Time since last request: 0.000119 seconds.
  path: Assets/Imported Assets/AurynSky/Gems Ultimate Pack/Materials/Green.mat
  artifactKey: Guid(efe6fc25350958c479cd9fcde7e565f9) Importer(2089858483,0ecaa5967403d082aa24f35e1b516d23)
Start importing Assets/Imported Assets/AurynSky/Gems Ultimate Pack/Materials/Green.mat using Guid(efe6fc25350958c479cd9fcde7e565f9) Importer(2089858483,0ecaa5967403d082aa24f35e1b516d23) Generated GUIDs only implemented for interfaces!
 -> (artifact id: 'ca5745df4faddc63a97f3ff80ee20c3b') in 0.020664 seconds
Number of updated asset objects reloaded before import = 0
Number of asset objects unloaded after import = 1
========================================================================
Received Import Request.
  Time since last request: 0.000022 seconds.
  path: Assets/Imported Assets/L_FG_Assets_Pack_Lite/Materials/Ground06.mat
  artifactKey: Guid(1957d770a7e493c46b50076d8f3d798b) Importer(2089858483,0ecaa5967403d082aa24f35e1b516d23)
Start importing Assets/Imported Assets/L_FG_Assets_Pack_Lite/Materials/Ground06.mat using Guid(1957d770a7e493c46b50076d8f3d798b) Importer(2089858483,0ecaa5967403d082aa24f35e1b516d23) Generated GUIDs only implemented for interfaces!
 -> (artifact id: '8968529997eb86f2f1a43dba772d3ceb') in 0.015689 seconds
Number of updated asset objects reloaded before import = 0
Number of asset objects unloaded after import = 2
========================================================================
Received Import Request.
  Time since last request: 0.000016 seconds.
  path: Assets/Imported Assets/L_FG_Assets_Pack_Lite/Meshes/Tomb01_b.FBX
  artifactKey: Guid(7c09d833c4dc2494997105f6eacbaa0f) Importer(2089858483,0ecaa5967403d082aa24f35e1b516d23)
Start importing Assets/Imported Assets/L_FG_Assets_Pack_Lite/Meshes/Tomb01_b.FBX using Guid(7c09d833c4dc2494997105f6eacbaa0f) Importer(2089858483,0ecaa5967403d082aa24f35e1b516d23) Generated GUIDs only implemented for interfaces!
 -> (artifact id: 'a7a115792a4d0d05ce3334ea59f2c83b') in 0.027876 seconds
Number of updated asset objects reloaded before import = 0
Number of asset objects unloaded after import = 7
========================================================================
Received Import Request.
  Time since last request: 0.000152 seconds.
  path: Assets/Imported Assets/L_FG_Assets_Pack_Lite/Meshes/Gravestone02.FBX
  artifactKey: Guid(3d8f2299d5d62cc4d9b5cb61b5037169) Importer(2089858483,0ecaa5967403d082aa24f35e1b516d23)
Start importing Assets/Imported Assets/L_FG_Assets_Pack_Lite/Meshes/Gravestone02.FBX using Guid(3d8f2299d5d62cc4d9b5cb61b5037169) Importer(2089858483,0ecaa5967403d082aa24f35e1b516d23) Generated GUIDs only implemented for interfaces!
 -> (artifact id: '95acf81d1a6199dedd7f5c7bee788014') in 0.026790 seconds
Number of updated asset objects reloaded before import = 0
Number of asset objects unloaded after import = 7
========================================================================
Received Import Request.
  Time since last request: 3.783512 seconds.
  path: Assets/Imported Assets/L_FG_Assets_Pack_Lite/Perfabs/Cemetery/Tomb03_a.prefab
  artifactKey: Guid(7719970341e5bb648ab6b73142a6a492) Importer(2089858483,0ecaa5967403d082aa24f35e1b516d23)
Start importing Assets/Imported Assets/L_FG_Assets_Pack_Lite/Perfabs/Cemetery/Tomb03_a.prefab using Guid(7719970341e5bb648ab6b73142a6a492) Importer(2089858483,0ecaa5967403d082aa24f35e1b516d23) Generated GUIDs only implemented for interfaces!
 -> (artifact id: '22d6d1280c40e351dad5fdf21da423b3') in 0.021265 seconds
Number of updated asset objects reloaded before import = 0
Number of asset objects unloaded after import = 9
========================================================================
Received Import Request.
  Time since last request: 0.000018 seconds.
  path: Assets/Imported Assets/L_FG_Assets_Pack_Lite/Perfabs/Cemetery/Tomb04_i.prefab
  artifactKey: Guid(780d55bf443a9c74d91bf1291263a77a) Importer(2089858483,0ecaa5967403d082aa24f35e1b516d23)
Start importing Assets/Imported Assets/L_FG_Assets_Pack_Lite/Perfabs/Cemetery/Tomb04_i.prefab using Guid(780d55bf443a9c74d91bf1291263a77a) Importer(2089858483,0ecaa5967403d082aa24f35e1b516d23) Generated GUIDs only implemented for interfaces!
 -> (artifact id: '22347e34738d9dc282e914126d7dccf3') in 0.017462 seconds
Number of updated asset objects reloaded before import = 0
Number of asset objects unloaded after import = 18
========================================================================
Received Import Request.
  Time since last request: 0.000015 seconds.
  path: Assets/Imported Assets/L_FG_Assets_Pack_Lite/Perfabs/Cemetery/Tomb04_h.prefab
  artifactKey: Guid(9e886f8b1e78d624e8d049e6da097aed) Importer(2089858483,0ecaa5967403d082aa24f35e1b516d23)
Start importing Assets/Imported Assets/L_FG_Assets_Pack_Lite/Perfabs/Cemetery/Tomb04_h.prefab using Guid(9e886f8b1e78d624e8d049e6da097aed) Importer(2089858483,0ecaa5967403d082aa24f35e1b516d23) Generated GUIDs only implemented for interfaces!
 -> (artifact id: '4bb211928c49f12603d4f9e8e31dab15') in 0.013794 seconds
Number of updated asset objects reloaded before import = 0
Number of asset objects unloaded after import = 18
========================================================================
Received Import Request.
  Time since last request: 0.000018 seconds.
  path: Assets/Imported Assets/L_FG_Assets_Pack_Lite/Perfabs/Plant/Plant05_g.prefab
  artifactKey: Guid(2a08f9ff2e9f6684a8522cd9f2ce04bd) Importer(2089858483,0ecaa5967403d082aa24f35e1b516d23)
Start importing Assets/Imported Assets/L_FG_Assets_Pack_Lite/Perfabs/Plant/Plant05_g.prefab using Guid(2a08f9ff2e9f6684a8522cd9f2ce04bd) Importer(2089858483,0ecaa5967403d082aa24f35e1b516d23) Generated GUIDs only implemented for interfaces!
 -> (artifact id: 'ac3d5db40f60ff14aebb5a81aed3fac3') in 0.020917 seconds
Number of updated asset objects reloaded before import = 0
Number of asset objects unloaded after import = 8
========================================================================
Received Import Request.
  Time since last request: 0.000041 seconds.
  path: Assets/Imported Assets/TextMesh Pro/Examples & Extras/Materials/Small Crate_diffuse.mat
  artifactKey: Guid(22262639920f43d6be32430e4e58350d) Importer(2089858483,0ecaa5967403d082aa24f35e1b516d23)
Start importing Assets/Imported Assets/TextMesh Pro/Examples & Extras/Materials/Small Crate_diffuse.mat using Guid(22262639920f43d6be32430e4e58350d) Importer(2089858483,0ecaa5967403d082aa24f35e1b516d23) Generated GUIDs only implemented for interfaces!
 -> (artifact id: 'fe64acce65de05fdd1bbd29d410e0a2b') in 0.016560 seconds
Number of updated asset objects reloaded before import = 0
Number of asset objects unloaded after import = 3
========================================================================
Received Import Request.
  Time since last request: 0.000025 seconds.
  path: Assets/Imported Assets/TextMesh Pro/Examples & Extras/Fonts/Anton OFL.txt
  artifactKey: Guid(73a79399807f4e8388c2cbb5494681ca) Importer(2089858483,0ecaa5967403d082aa24f35e1b516d23)
Start importing Assets/Imported Assets/TextMesh Pro/Examples & Extras/Fonts/Anton OFL.txt using Guid(73a79399807f4e8388c2cbb5494681ca) Importer(2089858483,0ecaa5967403d082aa24f35e1b516d23) Generated GUIDs only implemented for interfaces!
 -> (artifact id: '1bd757c8a379b01024a7ce6d47d4c5c4') in 0.012513 seconds
Number of updated asset objects reloaded before import = 0
Number of asset objects unloaded after import = 1
========================================================================
Received Import Request.
  Time since last request: 0.000089 seconds.
  path: Assets/Imported Assets/L_FG_Assets_Pack_Lite/Perfabs/Wood_Stuff/Cart04.prefab
  artifactKey: Guid(55aa49c292af7574c9a84c4aa5b2faf0) Importer(2089858483,0ecaa5967403d082aa24f35e1b516d23)
Start importing Assets/Imported Assets/L_FG_Assets_Pack_Lite/Perfabs/Wood_Stuff/Cart04.prefab using Guid(55aa49c292af7574c9a84c4aa5b2faf0) Importer(2089858483,0ecaa5967403d082aa24f35e1b516d23) Generated GUIDs only implemented for interfaces!
 -> (artifact id: '86cdaa31f8e3fb64748ea35cc40115fd') in 0.020445 seconds
Number of updated asset objects reloaded before import = 0
Number of asset objects unloaded after import = 8
========================================================================
Received Import Request.
  Time since last request: 0.000061 seconds.
  path: Assets/Imported Assets/Sherbbs Particle Collection/Particles/Normal/Hollywood Spark Shower.prefab
  artifactKey: Guid(69418da21aaf4054dab4d022a61e1bd3) Importer(2089858483,0ecaa5967403d082aa24f35e1b516d23)
Start importing Assets/Imported Assets/Sherbbs Particle Collection/Particles/Normal/Hollywood Spark Shower.prefab using Guid(69418da21aaf4054dab4d022a61e1bd3) Importer(2089858483,0ecaa5967403d082aa24f35e1b516d23) Generated GUIDs only implemented for interfaces!
 -> (artifact id: 'e9e55b6006ae0203041bdc97a53e4b4b') in 0.070366 seconds
Number of updated asset objects reloaded before import = 0
Number of asset objects unloaded after import = 6
========================================================================
Received Import Request.
  Time since last request: 0.000019 seconds.
  path: Assets/Imported Assets/Sherbbs Particle Collection/Particles/Atmosphere/FireFlies.prefab
  artifactKey: Guid(0b28d04bc9a122543ae0f12a59c00b20) Importer(2089858483,0ecaa5967403d082aa24f35e1b516d23)
Start importing Assets/Imported Assets/Sherbbs Particle Collection/Particles/Atmosphere/FireFlies.prefab using Guid(0b28d04bc9a122543ae0f12a59c00b20) Importer(2089858483,0ecaa5967403d082aa24f35e1b516d23) Generated GUIDs only implemented for interfaces!
 -> (artifact id: '07bcc9ed614cc96a37023b95ea0a4bfe') in 0.070349 seconds
Number of updated asset objects reloaded before import = 0
Number of asset objects unloaded after import = 6
========================================================================
Received Import Request.
  Time since last request: 0.000018 seconds.
  path: Assets/Imported Assets/Sherbbs Particle Collection/Particles/Normal/MuzzleFlash TRIS.prefab
  artifactKey: Guid(fca4c80c52330524cbd4309c118af89c) Importer(2089858483,0ecaa5967403d082aa24f35e1b516d23)
Start importing Assets/Imported Assets/Sherbbs Particle Collection/Particles/Normal/MuzzleFlash TRIS.prefab using Guid(fca4c80c52330524cbd4309c118af89c) Importer(2089858483,0ecaa5967403d082aa24f35e1b516d23) Generated GUIDs only implemented for interfaces!
 -> (artifact id: '8c4fe2f976f3925885c0b95f66eab223') in 0.073611 seconds
Number of updated asset objects reloaded before import = 0
Number of asset objects unloaded after import = 23
========================================================================
Received Import Request.
  Time since last request: 0.000020 seconds.
  path: Assets/Imported Assets/L_FG_Assets_Pack_Lite/Perfabs/Plant/Plant05_a.prefab
  artifactKey: Guid(d00edb15831d56d45aad2405e133db67) Importer(2089858483,0ecaa5967403d082aa24f35e1b516d23)
Start importing Assets/Imported Assets/L_FG_Assets_Pack_Lite/Perfabs/Plant/Plant05_a.prefab using Guid(d00edb15831d56d45aad2405e133db67) Importer(2089858483,0ecaa5967403d082aa24f35e1b516d23) Generated GUIDs only implemented for interfaces!
 -> (artifact id: 'fbf43de0f8cf08908714628935046283') in 0.021957 seconds
Number of updated asset objects reloaded before import = 0
Number of asset objects unloaded after import = 8
========================================================================
Received Import Request.
  Time since last request: 0.000024 seconds.
  path: Assets/Imported Assets/Polytope Studio/Lowpoly Medieval Demos/Environment_Free/MouseLook.cs
  artifactKey: Guid(51763bafdae3792488a76927e0169d7a) Importer(2089858483,0ecaa5967403d082aa24f35e1b516d23)
Start importing Assets/Imported Assets/Polytope Studio/Lowpoly Medieval Demos/Environment_Free/MouseLook.cs using Guid(51763bafdae3792488a76927e0169d7a) Importer(2089858483,0ecaa5967403d082aa24f35e1b516d23) Generated GUIDs only implemented for interfaces!
 -> (artifact id: 'cd43319ed46cddda5643b551c540c752') in 0.016105 seconds
Number of updated asset objects reloaded before import = 0
Number of asset objects unloaded after import = 1
========================================================================
Received Import Request.
  Time since last request: 0.000023 seconds.
  path: Assets/Imported Assets/TextMesh Pro/Examples & Extras/Scenes/06 - Extra Rich Text Examples.unity
  artifactKey: Guid(39a1fa96ad2a449b908fca29d4297a74) Importer(2089858483,0ecaa5967403d082aa24f35e1b516d23)
Start importing Assets/Imported Assets/TextMesh Pro/Examples & Extras/Scenes/06 - Extra Rich Text Examples.unity using Guid(39a1fa96ad2a449b908fca29d4297a74) Importer(2089858483,0ecaa5967403d082aa24f35e1b516d23) Generated GUIDs only implemented for interfaces!
 -> (artifact id: '0d89d79b1a3d7e4fa64b5f50ab2ad55f') in 0.014189 seconds
Number of updated asset objects reloaded before import = 0
Number of asset objects unloaded after import = 1
========================================================================
Received Import Request.
  Time since last request: 0.000028 seconds.
  path: Assets/Imported Assets/L_FG_Assets_Pack_Lite/Perfabs/Plant/Plant07_c.prefab
  artifactKey: Guid(6bb87a11c15512945baf00bb0e26e4bd) Importer(2089858483,0ecaa5967403d082aa24f35e1b516d23)
Start importing Assets/Imported Assets/L_FG_Assets_Pack_Lite/Perfabs/Plant/Plant07_c.prefab using Guid(6bb87a11c15512945baf00bb0e26e4bd) Importer(2089858483,0ecaa5967403d082aa24f35e1b516d23) Generated GUIDs only implemented for interfaces!
 -> (artifact id: '313e223c5a48bbfcc03a7071feddd386') in 0.018991 seconds
Number of updated asset objects reloaded before import = 0
Number of asset objects unloaded after import = 7
========================================================================
Received Import Request.
  Time since last request: 0.000016 seconds.
  path: Assets/Imported Assets/Polytope Studio/Lowpoly Medieval Demos/Environment_Free/Plane mat.mat
  artifactKey: Guid(4c216a70af6ef22419431af877580ddb) Importer(2089858483,0ecaa5967403d082aa24f35e1b516d23)
Start importing Assets/Imported Assets/Polytope Studio/Lowpoly Medieval Demos/Environment_Free/Plane mat.mat using Guid(4c216a70af6ef22419431af877580ddb) Importer(2089858483,0ecaa5967403d082aa24f35e1b516d23) Generated GUIDs only implemented for interfaces!
 -> (artifact id: 'cbe3700fa1134f885f3a420ed5fb6bb6') in 0.014670 seconds
Number of updated asset objects reloaded before import = 0
Number of asset objects unloaded after import = 1
========================================================================
Received Import Request.
  Time since last request: 0.000018 seconds.
  path: Assets/Imported Assets/TextMesh Pro/Examples & Extras/Scripts/VertexShakeA.cs
  artifactKey: Guid(f7cfa58e417a46ea8889989684c2522e) Importer(2089858483,0ecaa5967403d082aa24f35e1b516d23)
Start importing Assets/Imported Assets/TextMesh Pro/Examples & Extras/Scripts/VertexShakeA.cs using Guid(f7cfa58e417a46ea8889989684c2522e) Importer(2089858483,0ecaa5967403d082aa24f35e1b516d23) Generated GUIDs only implemented for interfaces!
 -> (artifact id: 'b7d4999577038a74e03f6238a8891ca3') in 0.015959 seconds
Number of updated asset objects reloaded before import = 0
Number of asset objects unloaded after import = 1
========================================================================
Received Import Request.
  Time since last request: 0.000019 seconds.
  path: Assets/Imported Assets/TextMesh Pro/Examples & Extras/Scripts/ShaderPropAnimator.cs
  artifactKey: Guid(2787a46a4dc848c1b4b7b9307b614bfd) Importer(2089858483,0ecaa5967403d082aa24f35e1b516d23)
Start importing Assets/Imported Assets/TextMesh Pro/Examples & Extras/Scripts/ShaderPropAnimator.cs using Guid(2787a46a4dc848c1b4b7b9307b614bfd) Importer(2089858483,0ecaa5967403d082aa24f35e1b516d23) Generated GUIDs only implemented for interfaces!
 -> (artifact id: '2bf9a30975e9726306fc43b5e0473d03') in 0.014897 seconds
Number of updated asset objects reloaded before import = 0
Number of asset objects unloaded after import = 1
========================================================================
Received Import Request.
  Time since last request: 0.000096 seconds.
  path: Assets/Resources/Models/Laika/LaikaTextures/Image_17.png
  artifactKey: Guid(26215672028500d40ad6dd3f38cdafce) Importer(2089858483,0ecaa5967403d082aa24f35e1b516d23)
Start importing Assets/Resources/Models/Laika/LaikaTextures/Image_17.png using Guid(26215672028500d40ad6dd3f38cdafce) Importer(2089858483,0ecaa5967403d082aa24f35e1b516d23) Generated GUIDs only implemented for interfaces!
 -> (artifact id: '0025b192263a8d2e632a69a2c32345b5') in 0.038346 seconds
Number of updated asset objects reloaded before import = 0
Number of asset objects unloaded after import = 1
========================================================================
Received Import Request.
  Time since last request: 0.000023 seconds.
  path: Assets/Imported Assets/TextMesh Pro/Examples & Extras/Scripts/Benchmark01_UGUI.cs
  artifactKey: Guid(8ef7be1c625941f7ba8ed7cc71718c0d) Importer(2089858483,0ecaa5967403d082aa24f35e1b516d23)
Start importing Assets/Imported Assets/TextMesh Pro/Examples & Extras/Scripts/Benchmark01_UGUI.cs using Guid(8ef7be1c625941f7ba8ed7cc71718c0d) Importer(2089858483,0ecaa5967403d082aa24f35e1b516d23) Generated GUIDs only implemented for interfaces!
 -> (artifact id: 'bec8af812ba18a41019afbca190c3285') in 0.013720 seconds
Number of updated asset objects reloaded before import = 0
Number of asset objects unloaded after import = 1
========================================================================
Received Import Request.
  Time since last request: 0.000022 seconds.
  path: Assets/Imported Assets/L_FG_Assets_Pack_Lite/Perfabs/Plant/Plant07_b.prefab
  artifactKey: Guid(ac97007c9d09db94db05b0a5bb306b6d) Importer(2089858483,0ecaa5967403d082aa24f35e1b516d23)
Start importing Assets/Imported Assets/L_FG_Assets_Pack_Lite/Perfabs/Plant/Plant07_b.prefab using Guid(ac97007c9d09db94db05b0a5bb306b6d) Importer(2089858483,0ecaa5967403d082aa24f35e1b516d23) Generated GUIDs only implemented for interfaces!
 -> (artifact id: '84042a8483794e2bde8a3123984ceb4f') in 0.022347 seconds
Number of updated asset objects reloaded before import = 0
Number of asset objects unloaded after import = 7
========================================================================
Received Import Request.
  Time since last request: 0.000019 seconds.
  path: Assets/Imported Assets/Sherbbs Particle Collection/Particles/Normal/Instability (loop).prefab
  artifactKey: Guid(2111d2eee3769bf45925d85467473212) Importer(2089858483,0ecaa5967403d082aa24f35e1b516d23)
Start importing Assets/Imported Assets/Sherbbs Particle Collection/Particles/Normal/Instability (loop).prefab using Guid(2111d2eee3769bf45925d85467473212) Importer(2089858483,0ecaa5967403d082aa24f35e1b516d23) Generated GUIDs only implemented for interfaces!
 -> (artifact id: '5d00445425209bcfb377b4e75bd613c4') in 0.067042 seconds
Number of updated asset objects reloaded before import = 0
Number of asset objects unloaded after import = 10
========================================================================
Received Import Request.
  Time since last request: 0.000024 seconds.
  path: Assets/Imported Assets/TextMesh Pro/Examples & Extras/Scenes/13 - Soft Hyphenation.unity
  artifactKey: Guid(875684baf40f4d008ce806d03e2a81b2) Importer(2089858483,0ecaa5967403d082aa24f35e1b516d23)
Start importing Assets/Imported Assets/TextMesh Pro/Examples & Extras/Scenes/13 - Soft Hyphenation.unity using Guid(875684baf40f4d008ce806d03e2a81b2) Importer(2089858483,0ecaa5967403d082aa24f35e1b516d23) Generated GUIDs only implemented for interfaces!
 -> (artifact id: '342fb5472ddd9fd540119a053e5911c6') in 0.013721 seconds
Number of updated asset objects reloaded before import = 0
Number of asset objects unloaded after import = 1
========================================================================
Received Import Request.
  Time since last request: 0.000022 seconds.
  path: Assets/Imported Assets/L_FG_Assets_Pack_Lite/Perfabs/Wood_Stuff/Paling01_a.prefab
  artifactKey: Guid(20a1eaca4a6b8364badf4eee56be445e) Importer(2089858483,0ecaa5967403d082aa24f35e1b516d23)
Start importing Assets/Imported Assets/L_FG_Assets_Pack_Lite/Perfabs/Wood_Stuff/Paling01_a.prefab using Guid(20a1eaca4a6b8364badf4eee56be445e) Importer(2089858483,0ecaa5967403d082aa24f35e1b516d23) Generated GUIDs only implemented for interfaces!
 -> (artifact id: 'becf31e4be6b82a780a8e69691afb87f') in 0.019890 seconds
Number of updated asset objects reloaded before import = 0
Number of asset objects unloaded after import = 8
========================================================================
Received Import Request.
  Time since last request: 0.000017 seconds.
  path: Assets/Imported Assets/L_FG_Assets_Pack_Lite/Perfabs/Wood_Stuff/Cart03.prefab
  artifactKey: Guid(cb7da01bec49705469e0d8e9e9e6d703) Importer(2089858483,0ecaa5967403d082aa24f35e1b516d23)
Start importing Assets/Imported Assets/L_FG_Assets_Pack_Lite/Perfabs/Wood_Stuff/Cart03.prefab using Guid(cb7da01bec49705469e0d8e9e9e6d703) Importer(2089858483,0ecaa5967403d082aa24f35e1b516d23) Generated GUIDs only implemented for interfaces!
 -> (artifact id: '5618a9268cc21761acc71a20d03e1e78') in 0.025895 seconds
Number of updated asset objects reloaded before import = 0
Number of asset objects unloaded after import = 9
========================================================================
Received Import Request.
  Time since last request: 0.000021 seconds.
  path: Assets/Imported Assets/TextMesh Pro/Examples & Extras/Scenes/22 - Basic Scripting Example.unity
  artifactKey: Guid(6250f98e58fe4abbaada5d84b7ca846d) Importer(2089858483,0ecaa5967403d082aa24f35e1b516d23)
Start importing Assets/Imported Assets/TextMesh Pro/Examples & Extras/Scenes/22 - Basic Scripting Example.unity using Guid(6250f98e58fe4abbaada5d84b7ca846d) Importer(2089858483,0ecaa5967403d082aa24f35e1b516d23) Generated GUIDs only implemented for interfaces!
 -> (artifact id: '9d24b0123be54fd9eb6fd89c1f2d77e2') in 0.013628 seconds
Number of updated asset objects reloaded before import = 0
Number of asset objects unloaded after import = 1
========================================================================
Received Import Request.
  Time since last request: 0.000021 seconds.
  path: Assets/Imported Assets/L_FG_Assets_Pack_Lite/Perfabs/Cemetery/Tomb05_b.prefab
  artifactKey: Guid(d18aa3056fe911e429d78f93e1c379ae) Importer(2089858483,0ecaa5967403d082aa24f35e1b516d23)
Start importing Assets/Imported Assets/L_FG_Assets_Pack_Lite/Perfabs/Cemetery/Tomb05_b.prefab using Guid(d18aa3056fe911e429d78f93e1c379ae) Importer(2089858483,0ecaa5967403d082aa24f35e1b516d23) Generated GUIDs only implemented for interfaces!
 -> (artifact id: 'd7182338cd2a185aaa57ea4bb431f91a') in 0.019119 seconds
Number of updated asset objects reloaded before import = 0
Number of asset objects unloaded after import = 9
========================================================================
Received Import Request.
  Time since last request: 0.000019 seconds.
  path: Assets/Imported Assets/L_FG_Assets_Pack_Lite/Perfabs/Cemetery/Tomb04_d.prefab
  artifactKey: Guid(89fb70595d629f54f9a37654e25913aa) Importer(2089858483,0ecaa5967403d082aa24f35e1b516d23)
Start importing Assets/Imported Assets/L_FG_Assets_Pack_Lite/Perfabs/Cemetery/Tomb04_d.prefab using Guid(89fb70595d629f54f9a37654e25913aa) Importer(2089858483,0ecaa5967403d082aa24f35e1b516d23) Generated GUIDs only implemented for interfaces!
 -> (artifact id: 'e6612c2a0db2056ba9bd9edfe55a8835') in 0.027140 seconds
Number of updated asset objects reloaded before import = 0
Number of asset objects unloaded after import = 9
========================================================================
Received Import Request.
  Time since last request: 0.000028 seconds.
  path: Assets/Imported Assets/TextMesh Pro/Examples & Extras/Scripts/Benchmark01.cs
  artifactKey: Guid(f970ea55f9f84bf79b05dab180b8c125) Importer(2089858483,0ecaa5967403d082aa24f35e1b516d23)
Start importing Assets/Imported Assets/TextMesh Pro/Examples & Extras/Scripts/Benchmark01.cs using Guid(f970ea55f9f84bf79b05dab180b8c125) Importer(2089858483,0ecaa5967403d082aa24f35e1b516d23) Generated GUIDs only implemented for interfaces!
 -> (artifact id: '5a34dbb4932c2d8e533222231f223a6a') in 0.017097 seconds
Number of updated asset objects reloaded before import = 0
Number of asset objects unloaded after import = 1
========================================================================
Received Import Request.
  Time since last request: 0.000023 seconds.
  path: Assets/Imported Assets/L_FG_Assets_Pack_Lite/Perfabs/Plant/Plant09_b.prefab
  artifactKey: Guid(e4ef381af6c1a8d49ab9a6acdea75902) Importer(2089858483,0ecaa5967403d082aa24f35e1b516d23)
Start importing Assets/Imported Assets/L_FG_Assets_Pack_Lite/Perfabs/Plant/Plant09_b.prefab using Guid(e4ef381af6c1a8d49ab9a6acdea75902) Importer(2089858483,0ecaa5967403d082aa24f35e1b516d23) Generated GUIDs only implemented for interfaces!
 -> (artifact id: '44f041da46f8f69bedebc9109088dfa0') in 0.015243 seconds
Number of updated asset objects reloaded before import = 0
Number of asset objects unloaded after import = 7
========================================================================
Received Import Request.
  Time since last request: 0.000018 seconds.
  path: Assets/Resources/Models/Laika/LaikaTextures/Image_5.png
  artifactKey: Guid(c2da2e63bc9d39e4089e3317894f1566) Importer(2089858483,0ecaa5967403d082aa24f35e1b516d23)
Start importing Assets/Resources/Models/Laika/LaikaTextures/Image_5.png using Guid(c2da2e63bc9d39e4089e3317894f1566) Importer(2089858483,0ecaa5967403d082aa24f35e1b516d23) Generated GUIDs only implemented for interfaces!
 -> (artifact id: 'b19d5ecda356940e502251892450559a') in 0.031808 seconds
Number of updated asset objects reloaded before import = 0
Number of asset objects unloaded after import = 1
========================================================================
Received Import Request.
  Time since last request: 0.000018 seconds.
  path: Assets/Imported Assets/TileableBricksWall/Materials/MyStuff/BattleWalls.mat
  artifactKey: Guid(03ba56ae669b23c46aaad37811403d5a) Importer(2089858483,0ecaa5967403d082aa24f35e1b516d23)
Start importing Assets/Imported Assets/TileableBricksWall/Materials/MyStuff/BattleWalls.mat using Guid(03ba56ae669b23c46aaad37811403d5a) Importer(2089858483,0ecaa5967403d082aa24f35e1b516d23) Generated GUIDs only implemented for interfaces!
 -> (artifact id: 'ad69b46d3c1f6ca122861afd6fe719a1') in 0.021393 seconds
Number of updated asset objects reloaded before import = 0
Number of asset objects unloaded after import = 4
========================================================================
Received Import Request.
  Time since last request: 0.000025 seconds.
  path: Assets/Resources/Models/Lucas/LucasAnimations/Lucas_NoBones@Pointing.fbx
  artifactKey: Guid(0f8f4077ec13c7943bbc6e7f6966349e) Importer(2089858483,0ecaa5967403d082aa24f35e1b516d23)
Start importing Assets/Resources/Models/Lucas/LucasAnimations/Lucas_NoBones@Pointing.fbx using Guid(0f8f4077ec13c7943bbc6e7f6966349e) Importer(2089858483,0ecaa5967403d082aa24f35e1b516d23) Generated GUIDs only implemented for interfaces!
 -> (artifact id: '351707dbe76d9da775d468c64663c1a7') in 0.035684 seconds
Number of updated asset objects reloaded before import = 0
Number of asset objects unloaded after import = 135
========================================================================
Received Import Request.
  Time since last request: 0.000023 seconds.
  path: Assets/Resources/Models/Lucas/LucasAnimations/Lucas_NoBones@Yelling.fbx
  artifactKey: Guid(25fc48f36efa7244a8c167b58413b2f1) Importer(2089858483,0ecaa5967403d082aa24f35e1b516d23)
Start importing Assets/Resources/Models/Lucas/LucasAnimations/Lucas_NoBones@Yelling.fbx using Guid(25fc48f36efa7244a8c167b58413b2f1) Importer(2089858483,0ecaa5967403d082aa24f35e1b516d23) Generated GUIDs only implemented for interfaces!
 -> (artifact id: '22dd38a3948ea69986e75f81a049dffa') in 0.033129 seconds
Number of updated asset objects reloaded before import = 0
Number of asset objects unloaded after import = 135
========================================================================
Received Import Request.
  Time since last request: 0.000017 seconds.
  path: Assets/Resources/Models/Lucas/LucasTextures/Image_6.png
  artifactKey: Guid(42588053e7949084e9286387dd5525e5) Importer(2089858483,0ecaa5967403d082aa24f35e1b516d23)
Start importing Assets/Resources/Models/Lucas/LucasTextures/Image_6.png using Guid(42588053e7949084e9286387dd5525e5) Importer(2089858483,0ecaa5967403d082aa24f35e1b516d23) Generated GUIDs only implemented for interfaces!
 -> (artifact id: '8c23b796fd356560ef89ff466f89ab23') in 0.035211 seconds
Number of updated asset objects reloaded before import = 0
Number of asset objects unloaded after import = 1
========================================================================
Received Import Request.
  Time since last request: 0.000028 seconds.
  path: Assets/Resources/Models/Rufio/RufioAnimations/Rufio_NoBones@Standing 1H Magic Attack 01.fbx
  artifactKey: Guid(10b25a0377c6f76438f7fd870a8f43d7) Importer(2089858483,0ecaa5967403d082aa24f35e1b516d23)
Start importing Assets/Resources/Models/Rufio/RufioAnimations/Rufio_NoBones@Standing 1H Magic Attack 01.fbx using Guid(10b25a0377c6f76438f7fd870a8f43d7) Importer(2089858483,0ecaa5967403d082aa24f35e1b516d23) Generated GUIDs only implemented for interfaces!
 -> (artifact id: '4c9f86f1b924ae35fabd632d1d82077a') in 0.040720 seconds
Number of updated asset objects reloaded before import = 0
Number of asset objects unloaded after import = 136
========================================================================
Received Import Request.
  Time since last request: 0.000022 seconds.
  path: Assets/Imported Assets/TextMesh Pro/Examples & Extras/Scripts/CameraController.cs
  artifactKey: Guid(2d687537154440a3913a9a3c7977978c) Importer(2089858483,0ecaa5967403d082aa24f35e1b516d23)
Start importing Assets/Imported Assets/TextMesh Pro/Examples & Extras/Scripts/CameraController.cs using Guid(2d687537154440a3913a9a3c7977978c) Importer(2089858483,0ecaa5967403d082aa24f35e1b516d23) Generated GUIDs only implemented for interfaces!
 -> (artifact id: 'd50ae4dff482183b5cf10228f7d2a156') in 0.017524 seconds
Number of updated asset objects reloaded before import = 0
Number of asset objects unloaded after import = 1
========================================================================
Received Import Request.
  Time since last request: 0.000022 seconds.
  path: Assets/Imported Assets/Sherbbs Particle Collection/Particles/Normal/BasicSpark 4 (Shower).prefab
  artifactKey: Guid(1bee58de964145a42bfce895cf98666d) Importer(2089858483,0ecaa5967403d082aa24f35e1b516d23)
Start importing Assets/Imported Assets/Sherbbs Particle Collection/Particles/Normal/BasicSpark 4 (Shower).prefab using Guid(1bee58de964145a42bfce895cf98666d) Importer(2089858483,0ecaa5967403d082aa24f35e1b516d23) Generated GUIDs only implemented for interfaces!
 -> (artifact id: '85379218d783dcfe4b5f86b297584dff') in 0.070545 seconds
Number of updated asset objects reloaded before import = 0
Number of asset objects unloaded after import = 18
========================================================================
Received Import Request.
  Time since last request: 0.000024 seconds.
  path: Assets/Imported Assets/Sherbbs Particle Collection/Particles/Normal/BasicSpark 2.prefab
  artifactKey: Guid(49011e57640af4346b984abcfb1cf581) Importer(2089858483,0ecaa5967403d082aa24f35e1b516d23)
Start importing Assets/Imported Assets/Sherbbs Particle Collection/Particles/Normal/BasicSpark 2.prefab using Guid(49011e57640af4346b984abcfb1cf581) Importer(2089858483,0ecaa5967403d082aa24f35e1b516d23) Generated GUIDs only implemented for interfaces!
 -> (artifact id: '9c3c97f316d8c94547f71dd143c4863f') in 0.072011 seconds
Number of updated asset objects reloaded before import = 0
Number of asset objects unloaded after import = 18
========================================================================
Received Import Request.
  Time since last request: 0.000030 seconds.
  path: Assets/Imported Assets/Polytope Studio/Lowpoly Medieval Demos/Environment_Free/PT_Generic_Tree_Leaves_mat 2.mat
  artifactKey: Guid(40e61747f5ab72d409498dd1603b8289) Importer(2089858483,0ecaa5967403d082aa24f35e1b516d23)
Start importing Assets/Imported Assets/Polytope Studio/Lowpoly Medieval Demos/Environment_Free/PT_Generic_Tree_Leaves_mat 2.mat using Guid(40e61747f5ab72d409498dd1603b8289) Importer(2089858483,0ecaa5967403d082aa24f35e1b516d23) Generated GUIDs only implemented for interfaces!
 -> (artifact id: 'ed736bef37a557f2af3393a42a9b4b82') in 0.022007 seconds
Number of updated asset objects reloaded before import = 0
Number of asset objects unloaded after import = 2
========================================================================
Received Import Request.
  Time since last request: 0.000023 seconds.
  path: Assets/Resources/Models/Rufio/Rufio Textures/_13.png
  artifactKey: Guid(370b90e4c7976be4984ed1f309bb2e7e) Importer(2089858483,0ecaa5967403d082aa24f35e1b516d23)
Start importing Assets/Resources/Models/Rufio/Rufio Textures/_13.png using Guid(370b90e4c7976be4984ed1f309bb2e7e) Importer(2089858483,0ecaa5967403d082aa24f35e1b516d23) Generated GUIDs only implemented for interfaces!
 -> (artifact id: 'daab547a8c70c5d1f64566574774e523') in 0.036741 seconds
Number of updated asset objects reloaded before import = 0
Number of asset objects unloaded after import = 1
========================================================================
Received Import Request.
  Time since last request: 0.000020 seconds.
  path: Assets/Imported Assets/L_FG_Assets_Pack_Lite/Perfabs/Plant/Plant09_a.prefab
  artifactKey: Guid(6ae44550bab8fed43ba59b2257356bd7) Importer(2089858483,0ecaa5967403d082aa24f35e1b516d23)
Start importing Assets/Imported Assets/L_FG_Assets_Pack_Lite/Perfabs/Plant/Plant09_a.prefab using Guid(6ae44550bab8fed43ba59b2257356bd7) Importer(2089858483,0ecaa5967403d082aa24f35e1b516d23) Generated GUIDs only implemented for interfaces!
 -> (artifact id: 'e7d52e4193a36570bad7ea5c8bce21c9') in 0.017777 seconds
Number of updated asset objects reloaded before import = 0
Number of asset objects unloaded after import = 7
========================================================================
Received Import Request.
  Time since last request: 0.000020 seconds.
  path: Assets/Resources/Models/Laika/LaikaMaterials/N00_000_00_EyeHighlight_00_EYE (Instance).mat
  artifactKey: Guid(15495878ade7dd949ad6f028914f941d) Importer(2089858483,0ecaa5967403d082aa24f35e1b516d23)
Start importing Assets/Resources/Models/Laika/LaikaMaterials/N00_000_00_EyeHighlight_00_EYE (Instance).mat using Guid(15495878ade7dd949ad6f028914f941d) Importer(2089858483,0ecaa5967403d082aa24f35e1b516d23) Generated GUIDs only implemented for interfaces!
 -> (artifact id: 'c687fd67c2e71b76ab8cccfd2c72d7d2') in 0.020227 seconds
Number of updated asset objects reloaded before import = 0
Number of asset objects unloaded after import = 2
========================================================================
Received Import Request.
  Time since last request: 0.000015 seconds.
  path: Assets/Imported Assets/TextMesh Pro/Examples & Extras/Scripts/EnvMapAnimator.cs
  artifactKey: Guid(a4b6f99e8bc54541bbd149b014ff441c) Importer(2089858483,0ecaa5967403d082aa24f35e1b516d23)
Start importing Assets/Imported Assets/TextMesh Pro/Examples & Extras/Scripts/EnvMapAnimator.cs using Guid(a4b6f99e8bc54541bbd149b014ff441c) Importer(2089858483,0ecaa5967403d082aa24f35e1b516d23) Generated GUIDs only implemented for interfaces!
 -> (artifact id: 'd693823282ba90b47e7e073564acb77e') in 0.013509 seconds
Number of updated asset objects reloaded before import = 0
Number of asset objects unloaded after import = 1
========================================================================
Received Import Request.
  Time since last request: 0.000013 seconds.
  path: Assets/Imported Assets/Polytope Studio/Lowpoly Medieval Village/Prefabs/PT_Medieval_Village_Fence_01.prefab
  artifactKey: Guid(2d6aaf9ece74c8e4a9fe0dc776b4334c) Importer(2089858483,0ecaa5967403d082aa24f35e1b516d23)
Start importing Assets/Imported Assets/Polytope Studio/Lowpoly Medieval Village/Prefabs/PT_Medieval_Village_Fence_01.prefab using Guid(2d6aaf9ece74c8e4a9fe0dc776b4334c) Importer(2089858483,0ecaa5967403d082aa24f35e1b516d23) Generated GUIDs only implemented for interfaces!
 -> (artifact id: 'd6fe207814f3075270a78fe998413fee') in 0.020366 seconds
Number of updated asset objects reloaded before import = 0
Number of asset objects unloaded after import = 8
========================================================================
Received Import Request.
  Time since last request: 0.000019 seconds.
  path: Assets/Resources/Models/Rufio/RufioMaterials/N00_000_00_EyeHighlight_00_EYE (Instance).mat
  artifactKey: Guid(6694a4f3a6667f346be95721e3c323bd) Importer(2089858483,0ecaa5967403d082aa24f35e1b516d23)
Start importing Assets/Resources/Models/Rufio/RufioMaterials/N00_000_00_EyeHighlight_00_EYE (Instance).mat using Guid(6694a4f3a6667f346be95721e3c323bd) Importer(2089858483,0ecaa5967403d082aa24f35e1b516d23) Generated GUIDs only implemented for interfaces!
 -> (artifact id: 'dae4c80c116c103f56131e21b6ab0270') in 0.021687 seconds
Number of updated asset objects reloaded before import = 0
Number of asset objects unloaded after import = 2
========================================================================
Received Import Request.
  Time since last request: 0.000019 seconds.
  path: Assets/Resources/Models/Rufio/RufioMaterials/N00_004_01_Tops_01_CLOTH (Instance).mat
  artifactKey: Guid(0a994dca5aa23cf4eaace1b5305ff949) Importer(2089858483,0ecaa5967403d082aa24f35e1b516d23)
Start importing Assets/Resources/Models/Rufio/RufioMaterials/N00_004_01_Tops_01_CLOTH (Instance).mat using Guid(0a994dca5aa23cf4eaace1b5305ff949) Importer(2089858483,0ecaa5967403d082aa24f35e1b516d23) Generated GUIDs only implemented for interfaces!
 -> (artifact id: 'cf0f003160ecee30f3460d45ae6e59c3') in 0.021364 seconds
Number of updated asset objects reloaded before import = 0
Number of asset objects unloaded after import = 2
========================================================================
Received Import Request.
  Time since last request: 0.000025 seconds.
  path: Assets/Resources/Prefabs/LevelModels/Floor1/Level1_1.prefab
  artifactKey: Guid(4947b3e7747a60541abbd4a5611dce2c) Importer(2089858483,0ecaa5967403d082aa24f35e1b516d23)
Start importing Assets/Resources/Prefabs/LevelModels/Floor1/Level1_1.prefab using Guid(4947b3e7747a60541abbd4a5611dce2c) Importer(2089858483,0ecaa5967403d082aa24f35e1b516d23) Generated GUIDs only implemented for interfaces!
 -> (artifact id: 'fd7cee58aecb1bb28bed4286a404221a') in 0.021440 seconds
Number of updated asset objects reloaded before import = 0
Number of asset objects unloaded after import = 662
========================================================================
Received Import Request.
  Time since last request: 0.000024 seconds.
  path: Assets/Resources/Prefabs/LevelModels/Floor3/Level1_3.prefab
  artifactKey: Guid(3d29e2e9a6531d9488fac91a96d77847) Importer(2089858483,0ecaa5967403d082aa24f35e1b516d23)
Start importing Assets/Resources/Prefabs/LevelModels/Floor3/Level1_3.prefab using Guid(3d29e2e9a6531d9488fac91a96d77847) Importer(2089858483,0ecaa5967403d082aa24f35e1b516d23) Generated GUIDs only implemented for interfaces!
 -> (artifact id: '5e426e7d13affeed1944f904f23e9bcf') in 0.020992 seconds
Number of updated asset objects reloaded before import = 0
Number of asset objects unloaded after import = 774
========================================================================
Received Import Request.
  Time since last request: 0.000017 seconds.
  path: Assets/Resources/Prefabs/LevelModels/Floor2/Level1_2.prefab
  artifactKey: Guid(07446fcabe5547c4fa6eaf53e6a320b3) Importer(2089858483,0ecaa5967403d082aa24f35e1b516d23)
Start importing Assets/Resources/Prefabs/LevelModels/Floor2/Level1_2.prefab using Guid(07446fcabe5547c4fa6eaf53e6a320b3) Importer(2089858483,0ecaa5967403d082aa24f35e1b516d23) Generated GUIDs only implemented for interfaces!
 -> (artifact id: '49b446bf29e36a11c8af4191722e5f2d') in 0.022367 seconds
Number of updated asset objects reloaded before import = 0
Number of asset objects unloaded after import = 749
========================================================================
Received Import Request.
  Time since last request: 0.000017 seconds.
  path: Assets/Imported Assets/Polytope Studio/Lowpoly Medieval Demos/Environment_Free/Terrain/TerrainData_6dc76592-a48a-4163-91df-c29ec1a99c66.asset
  artifactKey: Guid(c40d5572f8d7d6843bd8d20c21f1c0be) Importer(2089858483,0ecaa5967403d082aa24f35e1b516d23)
Start importing Assets/Imported Assets/Polytope Studio/Lowpoly Medieval Demos/Environment_Free/Terrain/TerrainData_6dc76592-a48a-4163-91df-c29ec1a99c66.asset using Guid(c40d5572f8d7d6843bd8d20c21f1c0be) Importer(2089858483,0ecaa5967403d082aa24f35e1b516d23) Generated GUIDs only implemented for interfaces!
 -> (artifact id: 'caf1d6a67c52e11f1fe5c06f8c4b5773') in 0.046805 seconds
Number of updated asset objects reloaded before import = 0
Number of asset objects unloaded after import = 182
========================================================================
Received Import Request.
  Time since last request: 0.000023 seconds.
  path: Assets/Imported Assets/TextMesh Pro/Examples & Extras/Scripts/TMPro_InstructionOverlay.cs
  artifactKey: Guid(c3c1afeda5e545e0b19add5373896d2e) Importer(2089858483,0ecaa5967403d082aa24f35e1b516d23)
Start importing Assets/Imported Assets/TextMesh Pro/Examples & Extras/Scripts/TMPro_InstructionOverlay.cs using Guid(c3c1afeda5e545e0b19add5373896d2e) Importer(2089858483,0ecaa5967403d082aa24f35e1b516d23) Generated GUIDs only implemented for interfaces!
 -> (artifact id: '06e057e6dda41ddc6cf2cb4431f16b7b') in 0.020681 seconds
Number of updated asset objects reloaded before import = 0
Number of asset objects unloaded after import = 1
========================================================================
Received Import Request.
  Time since last request: 0.000016 seconds.
  path: Assets/Imported Assets/TextMesh Pro/Examples & Extras/Textures/Gradient Vertical (Color).jpg
  artifactKey: Guid(03d0538de6e24c0f819bfc9ce084dfa9) Importer(2089858483,0ecaa5967403d082aa24f35e1b516d23)
Start importing Assets/Imported Assets/TextMesh Pro/Examples & Extras/Textures/Gradient Vertical (Color).jpg using Guid(03d0538de6e24c0f819bfc9ce084dfa9) Importer(2089858483,0ecaa5967403d082aa24f35e1b516d23) Generated GUIDs only implemented for interfaces!
 -> (artifact id: 'd047f89521fcb23c440d5e87c721e199') in 0.036196 seconds
Number of updated asset objects reloaded before import = 0
Number of asset objects unloaded after import = 1
========================================================================
Received Import Request.
  Time since last request: 0.000021 seconds.
  path: Assets/Imported Assets/TextMesh Pro/Examples & Extras/Fonts/Roboto-Bold.ttf
  artifactKey: Guid(4beb055f07aaff244873dec698d0363e) Importer(2089858483,0ecaa5967403d082aa24f35e1b516d23)
Start importing Assets/Imported Assets/TextMesh Pro/Examples & Extras/Fonts/Roboto-Bold.ttf using Guid(4beb055f07aaff244873dec698d0363e) Importer(2089858483,0ecaa5967403d082aa24f35e1b516d23) Generated GUIDs only implemented for interfaces!
 -> (artifact id: 'd6f8947516556f90a2e7936b5bbb19d6') in 0.023479 seconds
Number of updated asset objects reloaded before import = 0
Number of asset objects unloaded after import = 3
========================================================================
Received Import Request.
  Time since last request: 0.000025 seconds.
  path: Assets/Resources/Models/Rufio/Rufio Textures/_09.png
  artifactKey: Guid(405d8c0f7bcd97b41b2579858beeda98) Importer(2089858483,0ecaa5967403d082aa24f35e1b516d23)
Start importing Assets/Resources/Models/Rufio/Rufio Textures/_09.png using Guid(405d8c0f7bcd97b41b2579858beeda98) Importer(2089858483,0ecaa5967403d082aa24f35e1b516d23) Generated GUIDs only implemented for interfaces!
 -> (artifact id: '867baa90fab5ea8f0b9c5d8f5fd7729e') in 0.038579 seconds
Number of updated asset objects reloaded before import = 0
Number of asset objects unloaded after import = 1
========================================================================
Received Import Request.
  Time since last request: 0.000018 seconds.
  path: Assets/Imported Assets/L_FG_Assets_Pack_Lite/Perfabs/Decal/Bloom02.prefab
  artifactKey: Guid(43c9cb2d40638da4d90a7303eeef2520) Importer(2089858483,0ecaa5967403d082aa24f35e1b516d23)
Start importing Assets/Imported Assets/L_FG_Assets_Pack_Lite/Perfabs/Decal/Bloom02.prefab using Guid(43c9cb2d40638da4d90a7303eeef2520) Importer(2089858483,0ecaa5967403d082aa24f35e1b516d23) Generated GUIDs only implemented for interfaces!
 -> (artifact id: 'a4361c4449a87d4c2cea2b3877c5be08') in 0.016728 seconds
Number of updated asset objects reloaded before import = 0
Number of asset objects unloaded after import = 11
========================================================================
Received Import Request.
  Time since last request: 0.000022 seconds.
  path: Assets/Imported Assets/TextMesh Pro/Examples & Extras/Textures/Sunny Days - Seamless.jpg
  artifactKey: Guid(17c350171f7a3ca479f830547c66d187) Importer(2089858483,0ecaa5967403d082aa24f35e1b516d23)
Start importing Assets/Imported Assets/TextMesh Pro/Examples & Extras/Textures/Sunny Days - Seamless.jpg using Guid(17c350171f7a3ca479f830547c66d187) Importer(2089858483,0ecaa5967403d082aa24f35e1b516d23) Generated GUIDs only implemented for interfaces!
 -> (artifact id: '0fc046c1900b39c54975f087b6e3f729') in 0.033021 seconds
Number of updated asset objects reloaded before import = 0
Number of asset objects unloaded after import = 1
========================================================================
Received Import Request.
  Time since last request: 0.000022 seconds.
  path: Assets/Resources/Models/Laika/LaikaAnimations/Laika_NewClothes_Boneless@Waving.fbx
  artifactKey: Guid(f8d83c533f4f97046a18e79e8bbcc220) Importer(2089858483,0ecaa5967403d082aa24f35e1b516d23)
Start importing Assets/Resources/Models/Laika/LaikaAnimations/Laika_NewClothes_Boneless@Waving.fbx using Guid(f8d83c533f4f97046a18e79e8bbcc220) Importer(2089858483,0ecaa5967403d082aa24f35e1b516d23) Generated GUIDs only implemented for interfaces!
 -> (artifact id: '268c9366b34bc31ee2a7eb20f8afbf81') in 0.044767 seconds
Number of updated asset objects reloaded before import = 0
Number of asset objects unloaded after import = 136
========================================================================
Received Import Request.
  Time since last request: 0.000017 seconds.
  path: Assets/Resources/Models/Rufio/Rufio Textures/_15.png
  artifactKey: Guid(55955ba2e75f9bf429fe694757233cae) Importer(2089858483,0ecaa5967403d082aa24f35e1b516d23)
Start importing Assets/Resources/Models/Rufio/Rufio Textures/_15.png using Guid(55955ba2e75f9bf429fe694757233cae) Importer(2089858483,0ecaa5967403d082aa24f35e1b516d23) Generated GUIDs only implemented for interfaces!
 -> (artifact id: '0c9b3c7d5645605fa2fdad6a98f95e9d') in 0.036915 seconds
Number of updated asset objects reloaded before import = 0
Number of asset objects unloaded after import = 1
========================================================================
Received Import Request.
  Time since last request: 0.000017 seconds.
  path: Assets/Imported Assets/Polytope Studio/Lowpoly Medieval Environments/Sources/Materials/PT_Skybox_mat.mat
  artifactKey: Guid(59573b088aaea0442bf29e0a0e9d1339) Importer(2089858483,0ecaa5967403d082aa24f35e1b516d23)
Start importing Assets/Imported Assets/Polytope Studio/Lowpoly Medieval Environments/Sources/Materials/PT_Skybox_mat.mat using Guid(59573b088aaea0442bf29e0a0e9d1339) Importer(2089858483,0ecaa5967403d082aa24f35e1b516d23) Generated GUIDs only implemented for interfaces!
 -> (artifact id: '6adb575304a07044c7a2f1cac4d1b3c7') in 0.038376 seconds
Number of updated asset objects reloaded before import = 0
Number of asset objects unloaded after import = 2
========================================================================
Received Import Request.
  Time since last request: 0.000035 seconds.
  path: Assets/Imported Assets/Polytope Studio/Lowpoly Medieval Environments/Sources/Materials/PT_Generic_Tree_Leaves_mat.mat
  artifactKey: Guid(066ded06e6a8eb240893ea7b8efb66b4) Importer(2089858483,0ecaa5967403d082aa24f35e1b516d23)
Start importing Assets/Imported Assets/Polytope Studio/Lowpoly Medieval Environments/Sources/Materials/PT_Generic_Tree_Leaves_mat.mat using Guid(066ded06e6a8eb240893ea7b8efb66b4) Importer(2089858483,0ecaa5967403d082aa24f35e1b516d23) Generated GUIDs only implemented for interfaces!
 -> (artifact id: 'e3700a3beaa3662f3958efdb1bfafb72') in 0.023158 seconds
Number of updated asset objects reloaded before import = 0
Number of asset objects unloaded after import = 2
========================================================================
Received Import Request.
  Time since last request: 0.000031 seconds.
  path: Assets/Imported Assets/Polytope Studio/Lowpoly Medieval Environments/Prefabs/Rocks/PT_Menhir_Rock_02.prefab
  artifactKey: Guid(335946c4528dd1e4cb26cd4893d8ac70) Importer(2089858483,0ecaa5967403d082aa24f35e1b516d23)
Start importing Assets/Imported Assets/Polytope Studio/Lowpoly Medieval Environments/Prefabs/Rocks/PT_Menhir_Rock_02.prefab using Guid(335946c4528dd1e4cb26cd4893d8ac70) Importer(2089858483,0ecaa5967403d082aa24f35e1b516d23) Generated GUIDs only implemented for interfaces!
 -> (artifact id: '85d041da211f5194ee3c69a358a60840') in 0.017127 seconds
Number of updated asset objects reloaded before import = 0
Number of asset objects unloaded after import = 20
========================================================================
Received Import Request.
  Time since last request: 0.000020 seconds.
  path: Assets/Imported Assets/Polytope Studio/Lowpoly Medieval Environments/Prefabs/Shrubs/PT_Generic_Shrub_01_green.prefab
  artifactKey: Guid(ee612942e9d74fe4baea785dfe2eaa52) Importer(2089858483,0ecaa5967403d082aa24f35e1b516d23)
Start importing Assets/Imported Assets/Polytope Studio/Lowpoly Medieval Environments/Prefabs/Shrubs/PT_Generic_Shrub_01_green.prefab using Guid(ee612942e9d74fe4baea785dfe2eaa52) Importer(2089858483,0ecaa5967403d082aa24f35e1b516d23) Generated GUIDs only implemented for interfaces!
 -> (artifact id: 'f099d95e60d2686fef837db00f83223c') in 0.015878 seconds
Number of updated asset objects reloaded before import = 0
Number of asset objects unloaded after import = 20
========================================================================
Received Import Request.
  Time since last request: 0.000020 seconds.
  path: Assets/Imported Assets/Polytope Studio/Lowpoly Medieval Demos/Environment_Free/Terrain/TerrainData_ff4b5190-b520-4d46-b960-ee1d0967df26.asset
  artifactKey: Guid(3349f3f4495a62f40895e095545b535e) Importer(2089858483,0ecaa5967403d082aa24f35e1b516d23)
Start importing Assets/Imported Assets/Polytope Studio/Lowpoly Medieval Demos/Environment_Free/Terrain/TerrainData_ff4b5190-b520-4d46-b960-ee1d0967df26.asset using Guid(3349f3f4495a62f40895e095545b535e) Importer(2089858483,0ecaa5967403d082aa24f35e1b516d23) The tree PT_Pine_Tree_03_stump must use the Nature/Soft Occlusion shader. Otherwise billboarding/lighting will not work correctly.
UnityEngine.StackTraceUtility:ExtractStackTrace ()
UnityEditor.Search.AssetIndexer:IndexProperties (int&,string&,bool&)
UnityEditor.Search.AssetIndexer:IndexDocument (string,bool)
UnityEditor.Search.SearchIndexEntryImporter:OnImportAsset (UnityEditor.AssetImporters.AssetImportContext)
UnityEditor.AssetImporters.ScriptedImporter:GenerateAssetData (UnityEditor.AssetImporters.AssetImportContext)

[C:\build\output\unity\unity\Modules\Terrain\Public\TreeDatabase.cpp line 337]

The tree PT_Fruit_Tree_01_logs must use the Nature/Soft Occlusion shader. Otherwise billboarding/lighting will not work correctly.
UnityEngine.StackTraceUtility:ExtractStackTrace ()
UnityEditor.Search.AssetIndexer:IndexProperties (int&,string&,bool&)
UnityEditor.Search.AssetIndexer:IndexDocument (string,bool)
UnityEditor.Search.SearchIndexEntryImporter:OnImportAsset (UnityEditor.AssetImporters.AssetImportContext)
UnityEditor.AssetImporters.ScriptedImporter:GenerateAssetData (UnityEditor.AssetImporters.AssetImportContext)

[C:\build\output\unity\unity\Modules\Terrain\Public\TreeDatabase.cpp line 337]

Generated GUIDs only implemented for interfaces!
 -> (artifact id: 'ce68d0949ce605804d4964036120efeb') in 0.052976 seconds
Number of updated asset objects reloaded before import = 0
Number of asset objects unloaded after import = 309
========================================================================
Received Import Request.
  Time since last request: 0.000029 seconds.
  path: Assets/Imported Assets/Polytope Studio/Lowpoly Medieval Environments/Sources/Materials/PT_Fruit_Tree_Foliage_Mat.mat
  artifactKey: Guid(0a1f44318dd467a45bfef81ad0e8855a) Importer(2089858483,0ecaa5967403d082aa24f35e1b516d23)
Start importing Assets/Imported Assets/Polytope Studio/Lowpoly Medieval Environments/Sources/Materials/PT_Fruit_Tree_Foliage_Mat.mat using Guid(0a1f44318dd467a45bfef81ad0e8855a) Importer(2089858483,0ecaa5967403d082aa24f35e1b516d23) Generated GUIDs only implemented for interfaces!
 -> (artifact id: 'fbd20a5c972c4224fb78db9a0e45c615') in 0.023104 seconds
Number of updated asset objects reloaded before import = 0
Number of asset objects unloaded after import = 2
========================================================================
Received Import Request.
  Time since last request: 0.000014 seconds.
  path: Assets/Imported Assets/Polytope Studio/Lowpoly Medieval Environments/Prefabs/Rocks/PT_Generic_Rock_01.prefab
  artifactKey: Guid(16cfe0f76e1afc24ca16a7080d66f082) Importer(2089858483,0ecaa5967403d082aa24f35e1b516d23)
Start importing Assets/Imported Assets/Polytope Studio/Lowpoly Medieval Environments/Prefabs/Rocks/PT_Generic_Rock_01.prefab using Guid(16cfe0f76e1afc24ca16a7080d66f082) Importer(2089858483,0ecaa5967403d082aa24f35e1b516d23) Generated GUIDs only implemented for interfaces!
 -> (artifact id: 'b6d25ee9c1af4a8a3e0b76baa0e602d0') in 0.023527 seconds
Number of updated asset objects reloaded before import = 0
Number of asset objects unloaded after import = 20
========================================================================
Received Import Request.
  Time since last request: 0.000019 seconds.
  path: Assets/Imported Assets/Polytope Studio/Lowpoly Medieval Environments/Prefabs/Trees/PT_Fruit_Tree_01_plums.prefab
  artifactKey: Guid(c80fbf850ad97a34694544deb65b7fa2) Importer(2089858483,0ecaa5967403d082aa24f35e1b516d23)
Start importing Assets/Imported Assets/Polytope Studio/Lowpoly Medieval Environments/Prefabs/Trees/PT_Fruit_Tree_01_plums.prefab using Guid(c80fbf850ad97a34694544deb65b7fa2) Importer(2089858483,0ecaa5967403d082aa24f35e1b516d23) Generated GUIDs only implemented for interfaces!
 -> (artifact id: 'd226b1475adfdec3010b498d5d27ed78') in 0.015714 seconds
Number of updated asset objects reloaded before import = 0
Number of asset objects unloaded after import = 20
========================================================================
Received Import Request.
  Time since last request: 0.000017 seconds.
  path: Assets/Imported Assets/Polytope Studio/Lowpoly Medieval Environments/Prefabs/Trees/PT_Fruit_Tree_01_logs.prefab
  artifactKey: Guid(3148b0057757c5e49a1d7284d605de90) Importer(2089858483,0ecaa5967403d082aa24f35e1b516d23)
Start importing Assets/Imported Assets/Polytope Studio/Lowpoly Medieval Environments/Prefabs/Trees/PT_Fruit_Tree_01_logs.prefab using Guid(3148b0057757c5e49a1d7284d605de90) Importer(2089858483,0ecaa5967403d082aa24f35e1b516d23) Generated GUIDs only implemented for interfaces!
 -> (artifact id: '000e28e471f219bd4d29e6be69cb0631') in 0.018472 seconds
Number of updated asset objects reloaded before import = 0
Number of asset objects unloaded after import = 7
========================================================================
Received Import Request.
  Time since last request: 0.000029 seconds.
  path: Assets/Imported Assets/Polytope Studio/Lowpoly Medieval Environments/Prefabs/Trees/PT_Pine_Tree_03_green.prefab
  artifactKey: Guid(ceda9be89f930ac42b32ff5ae10598cd) Importer(2089858483,0ecaa5967403d082aa24f35e1b516d23)
Start importing Assets/Imported Assets/Polytope Studio/Lowpoly Medieval Environments/Prefabs/Trees/PT_Pine_Tree_03_green.prefab using Guid(ceda9be89f930ac42b32ff5ae10598cd) Importer(2089858483,0ecaa5967403d082aa24f35e1b516d23) Generated GUIDs only implemented for interfaces!
 -> (artifact id: '93e3b0ba25693fcdfd559e82dc3fff0f') in 0.015993 seconds
Number of updated asset objects reloaded before import = 0
Number of asset objects unloaded after import = 20
========================================================================
Received Import Request.
  Time since last request: 0.000032 seconds.
  path: Assets/Imported Assets/Polytope Studio/Lowpoly Medieval Environments/Prefabs/Trees/PT_Pine_Tree_03_dead_cut.prefab
  artifactKey: Guid(7bbef63b5bd52bc4bb03cdc6cbb94a6f) Importer(2089858483,0ecaa5967403d082aa24f35e1b516d23)
Start importing Assets/Imported Assets/Polytope Studio/Lowpoly Medieval Environments/Prefabs/Trees/PT_Pine_Tree_03_dead_cut.prefab using Guid(7bbef63b5bd52bc4bb03cdc6cbb94a6f) Importer(2089858483,0ecaa5967403d082aa24f35e1b516d23) Generated GUIDs only implemented for interfaces!
 -> (artifact id: 'd32b4641eafb7f2dc7dcaf8628bb9b2e') in 0.019808 seconds
Number of updated asset objects reloaded before import = 0
Number of asset objects unloaded after import = 7
========================================================================
Received Import Request.
  Time since last request: 0.000017 seconds.
  path: Assets/Imported Assets/Sherbbs Particle Collection/Particles/Atmosphere/Wind.prefab
  artifactKey: Guid(292bfa542cd61114883916af45c0c4f3) Importer(2089858483,0ecaa5967403d082aa24f35e1b516d23)
Start importing Assets/Imported Assets/Sherbbs Particle Collection/Particles/Atmosphere/Wind.prefab using Guid(292bfa542cd61114883916af45c0c4f3) Importer(2089858483,0ecaa5967403d082aa24f35e1b516d23) Generated GUIDs only implemented for interfaces!
 -> (artifact id: '2644d716a2b4540bc44ac22e8ab84b71') in 0.067247 seconds
Number of updated asset objects reloaded before import = 0
Number of asset objects unloaded after import = 6
========================================================================
Received Import Request.
  Time since last request: 0.000022 seconds.
  path: Assets/Imported Assets/Sherbbs Particle Collection/Particles/Normal/Tris Spark 2.prefab
  artifactKey: Guid(05bc110473df9574f8a94afc5484e1b0) Importer(2089858483,0ecaa5967403d082aa24f35e1b516d23)
Start importing Assets/Imported Assets/Sherbbs Particle Collection/Particles/Normal/Tris Spark 2.prefab using Guid(05bc110473df9574f8a94afc5484e1b0) Importer(2089858483,0ecaa5967403d082aa24f35e1b516d23) Generated GUIDs only implemented for interfaces!
 -> (artifact id: '92124a96e35d550006456cd7686b4508') in 0.074289 seconds
Number of updated asset objects reloaded before import = 0
Number of asset objects unloaded after import = 27
========================================================================
Received Import Request.
  Time since last request: 0.000015 seconds.
  path: Assets/Imported Assets/Polytope Studio/Lowpoly Medieval Environments/Sources/Shaders/PT_Vegetation_Flowers_Shader.shader
  artifactKey: Guid(69e2e8c890f00e04e945ccd10e764372) Importer(2089858483,0ecaa5967403d082aa24f35e1b516d23)
Start importing Assets/Imported Assets/Polytope Studio/Lowpoly Medieval Environments/Sources/Shaders/PT_Vegetation_Flowers_Shader.shader using Guid(69e2e8c890f00e04e945ccd10e764372) Importer(2089858483,0ecaa5967403d082aa24f35e1b516d23) Generated GUIDs only implemented for interfaces!
 -> (artifact id: 'fca3947fe38fa2a9e43ac421e9feb78e') in 0.024807 seconds
Number of updated asset objects reloaded before import = 0
Number of asset objects unloaded after import = 1
========================================================================
Received Import Request.
  Time since last request: 0.000022 seconds.
  path: Assets/Imported Assets/Polytope Studio/Lowpoly Medieval Environments/Sources/Textures/PT_Grass_High_01.png
  artifactKey: Guid(b458cb1c79cb9894196830046f2621fa) Importer(2089858483,0ecaa5967403d082aa24f35e1b516d23)
Start importing Assets/Imported Assets/Polytope Studio/Lowpoly Medieval Environments/Sources/Textures/PT_Grass_High_01.png using Guid(b458cb1c79cb9894196830046f2621fa) Importer(2089858483,0ecaa5967403d082aa24f35e1b516d23) Generated GUIDs only implemented for interfaces!
 -> (artifact id: 'fc8fe20568d5e532cc1d7af6e4eb5386') in 0.037490 seconds
Number of updated asset objects reloaded before import = 0
Number of asset objects unloaded after import = 1
========================================================================
Received Import Request.
  Time since last request: 0.000025 seconds.
  path: Assets/Imported Assets/Polytope Studio/Lowpoly Medieval Environments/Sources/Textures/PT_Generic_Leaves_01.png
  artifactKey: Guid(55a083d549e055045948e2083099df16) Importer(2089858483,0ecaa5967403d082aa24f35e1b516d23)
Start importing Assets/Imported Assets/Polytope Studio/Lowpoly Medieval Environments/Sources/Textures/PT_Generic_Leaves_01.png using Guid(55a083d549e055045948e2083099df16) Importer(2089858483,0ecaa5967403d082aa24f35e1b516d23) Generated GUIDs only implemented for interfaces!
 -> (artifact id: '02773be74ab3694214166b9d182778dc') in 0.040241 seconds
Number of updated asset objects reloaded before import = 0
Number of asset objects unloaded after import = 1
========================================================================
Received Import Request.
  Time since last request: 0.000017 seconds.
  path: Assets/Imported Assets/TextMesh Pro/Examples & Extras/Scenes/19 - Masking Texture & Soft Mask.unity
  artifactKey: Guid(9abcd5bd764646568a6ea70d00f9264c) Importer(2089858483,0ecaa5967403d082aa24f35e1b516d23)
Start importing Assets/Imported Assets/TextMesh Pro/Examples & Extras/Scenes/19 - Masking Texture & Soft Mask.unity using Guid(9abcd5bd764646568a6ea70d00f9264c) Importer(2089858483,0ecaa5967403d082aa24f35e1b516d23) Generated GUIDs only implemented for interfaces!
 -> (artifact id: '953b9aa4ccb71dafd9a5562e327f6d74') in 0.012601 seconds
Number of updated asset objects reloaded before import = 0
Number of asset objects unloaded after import = 1
========================================================================
Received Import Request.
  Time since last request: 0.000017 seconds.
  path: Assets/Imported Assets/TextMesh Pro/Examples & Extras/Scripts/TMP_UiFrameRateCounter.cs
  artifactKey: Guid(24b0dc2d1d494adbbec1f4db26b4cf83) Importer(2089858483,0ecaa5967403d082aa24f35e1b516d23)
Start importing Assets/Imported Assets/TextMesh Pro/Examples & Extras/Scripts/TMP_UiFrameRateCounter.cs using Guid(24b0dc2d1d494adbbec1f4db26b4cf83) Importer(2089858483,0ecaa5967403d082aa24f35e1b516d23) Generated GUIDs only implemented for interfaces!
 -> (artifact id: '10109a36e97ee2594767e1333433954d') in 0.017110 seconds
Number of updated asset objects reloaded before import = 0
Number of asset objects unloaded after import = 1
========================================================================
Received Import Request.
  Time since last request: 0.000019 seconds.
  path: Assets/Resources/Models/Rufio/RufioMaterials/N00_001_01_Bottoms_01_CLOTH (Instance).mat
  artifactKey: Guid(5fb3f3ac258c2824e857930c2d70fcb0) Importer(2089858483,0ecaa5967403d082aa24f35e1b516d23)
Start importing Assets/Resources/Models/Rufio/RufioMaterials/N00_001_01_Bottoms_01_CLOTH (Instance).mat using Guid(5fb3f3ac258c2824e857930c2d70fcb0) Importer(2089858483,0ecaa5967403d082aa24f35e1b516d23) Generated GUIDs only implemented for interfaces!
 -> (artifact id: '6d1bff9f0903622280b36974596e6ffd') in 0.018416 seconds
Number of updated asset objects reloaded before import = 0
Number of asset objects unloaded after import = 2
========================================================================
Received Import Request.
  Time since last request: 0.000016 seconds.
  path: Assets/Resources/Models/Laika/LaikaAnimations/Laika_NewClothes_Boneless@Talking.fbx
  artifactKey: Guid(ef36763ea02faf548896a50d7ea5ccc1) Importer(2089858483,0ecaa5967403d082aa24f35e1b516d23)
Start importing Assets/Resources/Models/Laika/LaikaAnimations/Laika_NewClothes_Boneless@Talking.fbx using Guid(ef36763ea02faf548896a50d7ea5ccc1) Importer(2089858483,0ecaa5967403d082aa24f35e1b516d23) Generated GUIDs only implemented for interfaces!
 -> (artifact id: 'da856c34ece42872d6968193e5ae5735') in 0.044522 seconds
Number of updated asset objects reloaded before import = 0
Number of asset objects unloaded after import = 136
========================================================================
Received Import Request.
  Time since last request: 0.000020 seconds.
  path: Assets/Imported Assets/TextMesh Pro/Examples & Extras/Scripts/TMP_TextSelector_A.cs
  artifactKey: Guid(103e0a6a1d404693b9fb1a5173e0e979) Importer(2089858483,0ecaa5967403d082aa24f35e1b516d23)
Start importing Assets/Imported Assets/TextMesh Pro/Examples & Extras/Scripts/TMP_TextSelector_A.cs using Guid(103e0a6a1d404693b9fb1a5173e0e979) Importer(2089858483,0ecaa5967403d082aa24f35e1b516d23) Generated GUIDs only implemented for interfaces!
 -> (artifact id: 'b988c16f2e34a430c6e5d11ddb45dbbc') in 0.019842 seconds
Number of updated asset objects reloaded before import = 0
Number of asset objects unloaded after import = 1
========================================================================
Received Import Request.
  Time since last request: 0.000023 seconds.
  path: Assets/Imported Assets/Sherbbs Particle Collection/Particles/Normal/Tris Spark.prefab
  artifactKey: Guid(f23ca344d22b7d84b848fb882e92bf51) Importer(2089858483,0ecaa5967403d082aa24f35e1b516d23)
Start importing Assets/Imported Assets/Sherbbs Particle Collection/Particles/Normal/Tris Spark.prefab using Guid(f23ca344d22b7d84b848fb882e92bf51) Importer(2089858483,0ecaa5967403d082aa24f35e1b516d23) Generated GUIDs only implemented for interfaces!
 -> (artifact id: 'c61499491e6c5e2561a0da080f3c8385') in 0.073135 seconds
Number of updated asset objects reloaded before import = 0
Number of asset objects unloaded after import = 23
========================================================================
Received Import Request.
  Time since last request: 0.000020 seconds.
  path: Assets/Imported Assets/Polytope Studio/Lowpoly Medieval Environments/Sources/Shaders/PT_Rock_Shader.shader
  artifactKey: Guid(cd18bd550ff6630468660d0150eed511) Importer(2089858483,0ecaa5967403d082aa24f35e1b516d23)
Start importing Assets/Imported Assets/Polytope Studio/Lowpoly Medieval Environments/Sources/Shaders/PT_Rock_Shader.shader using Guid(cd18bd550ff6630468660d0150eed511) Importer(2089858483,0ecaa5967403d082aa24f35e1b516d23) Generated GUIDs only implemented for interfaces!
 -> (artifact id: 'f4d64f81b645f9eb838db701cdf7923b') in 0.025992 seconds
Number of updated asset objects reloaded before import = 0
Number of asset objects unloaded after import = 1
========================================================================
Received Import Request.
  Time since last request: 0.000026 seconds.
  path: Assets/Imported Assets/L_FG_Assets_Pack_Lite/Perfabs/Wood_Stuff/Paling01_c.prefab
  artifactKey: Guid(0428c5911e17b6c4f89698fda6695338) Importer(2089858483,0ecaa5967403d082aa24f35e1b516d23)
Start importing Assets/Imported Assets/L_FG_Assets_Pack_Lite/Perfabs/Wood_Stuff/Paling01_c.prefab using Guid(0428c5911e17b6c4f89698fda6695338) Importer(2089858483,0ecaa5967403d082aa24f35e1b516d23) Generated GUIDs only implemented for interfaces!
 -> (artifact id: '59265c49215311f8337be271a35ebf25') in 0.020816 seconds
Number of updated asset objects reloaded before import = 0
Number of asset objects unloaded after import = 8
========================================================================
Received Import Request.
  Time since last request: 0.000024 seconds.
  path: Assets/Imported Assets/TextMesh Pro/Examples & Extras/Textures/Wipe Pattern - Circle.psd
  artifactKey: Guid(10c49fcd9c64421db7c0133e61e55f97) Importer(2089858483,0ecaa5967403d082aa24f35e1b516d23)
Start importing Assets/Imported Assets/TextMesh Pro/Examples & Extras/Textures/Wipe Pattern - Circle.psd using Guid(10c49fcd9c64421db7c0133e61e55f97) Importer(2089858483,0ecaa5967403d082aa24f35e1b516d23) Generated GUIDs only implemented for interfaces!
 -> (artifact id: '9b011e4bc734871678a04fa7ca3b5524') in 0.038756 seconds
Number of updated asset objects reloaded before import = 0
Number of asset objects unloaded after import = 1
========================================================================
Received Import Request.
  Time since last request: 0.000029 seconds.
  path: Assets/Imported Assets/Polytope Studio/Lowpoly Medieval Environments/Sources/Materials/PT_Grass_Mat.mat
  artifactKey: Guid(09473d06882d1414b84b1fdb7a095516) Importer(2089858483,0ecaa5967403d082aa24f35e1b516d23)
Start importing Assets/Imported Assets/Polytope Studio/Lowpoly Medieval Environments/Sources/Materials/PT_Grass_Mat.mat using Guid(09473d06882d1414b84b1fdb7a095516) Importer(2089858483,0ecaa5967403d082aa24f35e1b516d23) Generated GUIDs only implemented for interfaces!
 -> (artifact id: '16a3e45a4d447bea610d3094a40c5cc8') in 0.105689 seconds
Number of updated asset objects reloaded before import = 0
Number of asset objects unloaded after import = 2
========================================================================
Received Import Request.
  Time since last request: 0.000038 seconds.
  path: Assets/Imported Assets/Polytope Studio/Lowpoly Medieval Environments/Sources/Meshes/Rocks/PT_Ore_Rock_01_split.fbx
  artifactKey: Guid(e011a827265c38e44baeae9310a2a9e2) Importer(2089858483,0ecaa5967403d082aa24f35e1b516d23)
Start importing Assets/Imported Assets/Polytope Studio/Lowpoly Medieval Environments/Sources/Meshes/Rocks/PT_Ore_Rock_01_split.fbx using Guid(e011a827265c38e44baeae9310a2a9e2) Importer(2089858483,0ecaa5967403d082aa24f35e1b516d23) Generated GUIDs only implemented for interfaces!
 -> (artifact id: '4ad3ca45a6047483a188df56543800e8') in 0.034219 seconds
Number of updated asset objects reloaded before import = 0
Number of asset objects unloaded after import = 20
========================================================================
Received Import Request.
  Time since last request: 0.000022 seconds.
  path: Assets/Imported Assets/Polytope Studio/Lowpoly Medieval Environments/Sources/Meshes/Rocks/PT_Menhir_Rock_02.fbx
  artifactKey: Guid(e0fe1b80592a0144babd1bf297ad32ad) Importer(2089858483,0ecaa5967403d082aa24f35e1b516d23)
Start importing Assets/Imported Assets/Polytope Studio/Lowpoly Medieval Environments/Sources/Meshes/Rocks/PT_Menhir_Rock_02.fbx using Guid(e0fe1b80592a0144babd1bf297ad32ad) Importer(2089858483,0ecaa5967403d082aa24f35e1b516d23) Generated GUIDs only implemented for interfaces!
 -> (artifact id: '0808f5df924dd5f253fde2e69eb5890a') in 0.033288 seconds
Number of updated asset objects reloaded before import = 0
Number of asset objects unloaded after import = 20
========================================================================
Received Import Request.
  Time since last request: 0.000029 seconds.
  path: Assets/Imported Assets/TextMesh Pro/Examples & Extras/Resources/Fonts & Materials/Roboto-Bold SDF.asset
  artifactKey: Guid(5302535af1044152a457ed104f1f4b91) Importer(2089858483,0ecaa5967403d082aa24f35e1b516d23)
Start importing Assets/Imported Assets/TextMesh Pro/Examples & Extras/Resources/Fonts & Materials/Roboto-Bold SDF.asset using Guid(5302535af1044152a457ed104f1f4b91) Importer(2089858483,0ecaa5967403d082aa24f35e1b516d23) Generated GUIDs only implemented for interfaces!
 -> (artifact id: 'a8f913b7a07f09b5126345ac3dae9f17') in 0.051580 seconds
Number of updated asset objects reloaded before import = 0
Number of asset objects unloaded after import = 5
========================================================================
Received Import Request.
  Time since last request: 0.000017 seconds.
  path: Assets/Resources/Models/Laika/LaikaMaterials/N00_000_Hair_00_HAIR (Instance).mat
  artifactKey: Guid(e1fde7c7b1d19554faf6887b8241beeb) Importer(2089858483,0ecaa5967403d082aa24f35e1b516d23)
Start importing Assets/Resources/Models/Laika/LaikaMaterials/N00_000_Hair_00_HAIR (Instance).mat using Guid(e1fde7c7b1d19554faf6887b8241beeb) Importer(2089858483,0ecaa5967403d082aa24f35e1b516d23) Generated GUIDs only implemented for interfaces!
 -> (artifact id: '4c8243c7938d751e3cb379e5002e73eb') in 0.018603 seconds
Number of updated asset objects reloaded before import = 0
Number of asset objects unloaded after import = 2
========================================================================
Received Import Request.
  Time since last request: 0.000017 seconds.
  path: Assets/Imported Assets/TextMesh Pro/Examples & Extras/Prefabs/TextMeshPro - Prefab 2.prefab
  artifactKey: Guid(fdad9d952ae84cafb74c63f2e694d042) Importer(2089858483,0ecaa5967403d082aa24f35e1b516d23)
Start importing Assets/Imported Assets/TextMesh Pro/Examples & Extras/Prefabs/TextMeshPro - Prefab 2.prefab using Guid(fdad9d952ae84cafb74c63f2e694d042) Importer(2089858483,0ecaa5967403d082aa24f35e1b516d23) Generated GUIDs only implemented for interfaces!
 -> (artifact id: 'a192c5db0a8d4164c1b4768fdf579fe2') in 0.067946 seconds
Number of updated asset objects reloaded before import = 0
Number of asset objects unloaded after import = 16
========================================================================
Received Import Request.
  Time since last request: 0.000018 seconds.
  path: Assets/Imported Assets/L_FG_Assets_Pack_Lite/Perfabs/Rock/Rock02.prefab
  artifactKey: Guid(ee310940381d5f3409a44456d948e8e3) Importer(2089858483,0ecaa5967403d082aa24f35e1b516d23)
Start importing Assets/Imported Assets/L_FG_Assets_Pack_Lite/Perfabs/Rock/Rock02.prefab using Guid(ee310940381d5f3409a44456d948e8e3) Importer(2089858483,0ecaa5967403d082aa24f35e1b516d23) Generated GUIDs only implemented for interfaces!
 -> (artifact id: 'e76de1c32eb2f40202db8eeff8c4c140') in 0.021152 seconds
Number of updated asset objects reloaded before import = 0
Number of asset objects unloaded after import = 7
========================================================================
Received Import Request.
  Time since last request: 0.000016 seconds.
  path: Assets/Resources/Models/Lucas/LucasTextures/Image_10.png
  artifactKey: Guid(c4a255599df83cc458805e92c80fe0cd) Importer(2089858483,0ecaa5967403d082aa24f35e1b516d23)
Start importing Assets/Resources/Models/Lucas/LucasTextures/Image_10.png using Guid(c4a255599df83cc458805e92c80fe0cd) Importer(2089858483,0ecaa5967403d082aa24f35e1b516d23) Generated GUIDs only implemented for interfaces!
 -> (artifact id: '0e6f91d792fc322def7cc7ab0be6385e') in 0.036962 seconds
Number of updated asset objects reloaded before import = 0
Number of asset objects unloaded after import = 1
========================================================================
Received Import Request.
  Time since last request: 0.000020 seconds.
  path: Assets/Imported Assets/TextMesh Pro/Examples & Extras/Fonts/Bangers - OFL.txt
  artifactKey: Guid(efe0bf4ac872451e91612d1ae593f480) Importer(2089858483,0ecaa5967403d082aa24f35e1b516d23)
Start importing Assets/Imported Assets/TextMesh Pro/Examples & Extras/Fonts/Bangers - OFL.txt using Guid(efe0bf4ac872451e91612d1ae593f480) Importer(2089858483,0ecaa5967403d082aa24f35e1b516d23) Generated GUIDs only implemented for interfaces!
 -> (artifact id: '905c0e981d3148f53c092aa8259ef44f') in 0.014576 seconds
Number of updated asset objects reloaded before import = 0
Number of asset objects unloaded after import = 1
========================================================================
Received Import Request.
  Time since last request: 0.000024 seconds.
  path: Assets/Imported Assets/Polytope Studio/Lowpoly Medieval Environments/Sources/Textures/PT_Tree_Trunk_01.png
  artifactKey: Guid(5733ec0c27e7c9d41a230d27ca7b85d4) Importer(2089858483,0ecaa5967403d082aa24f35e1b516d23)
Start importing Assets/Imported Assets/Polytope Studio/Lowpoly Medieval Environments/Sources/Textures/PT_Tree_Trunk_01.png using Guid(5733ec0c27e7c9d41a230d27ca7b85d4) Importer(2089858483,0ecaa5967403d082aa24f35e1b516d23) Generated GUIDs only implemented for interfaces!
 -> (artifact id: 'e74d9f90855dd22f3b5ae44ffa534485') in 0.036332 seconds
Number of updated asset objects reloaded before import = 0
Number of asset objects unloaded after import = 1
========================================================================
Received Import Request.
  Time since last request: 0.000100 seconds.
  path: Assets/Imported Assets/TextMesh Pro/Resources/Fonts & Materials/LiberationSans SDF - Fallback.asset
  artifactKey: Guid(2e498d1c8094910479dc3e1b768306a4) Importer(2089858483,0ecaa5967403d082aa24f35e1b516d23)
Start importing Assets/Imported Assets/TextMesh Pro/Resources/Fonts & Materials/LiberationSans SDF - Fallback.asset using Guid(2e498d1c8094910479dc3e1b768306a4) Importer(2089858483,0ecaa5967403d082aa24f35e1b516d23) Generated GUIDs only implemented for interfaces!
 -> (artifact id: 'b62bab2229ee6471665222b55e16be31') in 0.039069 seconds
Number of updated asset objects reloaded before import = 0
Number of asset objects unloaded after import = 5
========================================================================
Received Import Request.
  Time since last request: 0.000018 seconds.
  path: Assets/Resources/Models/Rufio/RufioAnimations/Rufio_NoBones@Running New.fbx
  artifactKey: Guid(2995eaf2bae34b549940b4ad93d3ec32) Importer(2089858483,0ecaa5967403d082aa24f35e1b516d23)
Start importing Assets/Resources/Models/Rufio/RufioAnimations/Rufio_NoBones@Running New.fbx using Guid(2995eaf2bae34b549940b4ad93d3ec32) Importer(2089858483,0ecaa5967403d082aa24f35e1b516d23) Generated GUIDs only implemented for interfaces!
 -> (artifact id: 'aef073a3a521468fd8d2836095a43e48') in 0.039918 seconds
Number of updated asset objects reloaded before import = 0
Number of asset objects unloaded after import = 136
========================================================================
Received Import Request.
  Time since last request: 0.000015 seconds.
  path: Assets/Imported Assets/Polytope Studio/Lowpoly Medieval Environments/Sources/Meshes/Trees/PT_Fruit_Tree_01_green_cut.fbx
  artifactKey: Guid(1500a5535a073af4797d5ba960824cb3) Importer(2089858483,0ecaa5967403d082aa24f35e1b516d23)
Start importing Assets/Imported Assets/Polytope Studio/Lowpoly Medieval Environments/Sources/Meshes/Trees/PT_Fruit_Tree_01_green_cut.fbx using Guid(1500a5535a073af4797d5ba960824cb3) Importer(2089858483,0ecaa5967403d082aa24f35e1b516d23) Generated GUIDs only implemented for interfaces!
 -> (artifact id: 'a7502f3c8b63b8979023a20a2f0348d8') in 0.043564 seconds
Number of updated asset objects reloaded before import = 0
Number of asset objects unloaded after import = 7
========================================================================
Received Import Request.
  Time since last request: 0.000019 seconds.
  path: Assets/Imported Assets/Polytope Studio/Lowpoly Medieval Environments/Sources/Meshes/Trees/PT_Pine_Tree_03_dead.fbx
  artifactKey: Guid(021e9eaa88033da4c94bcdeddffe6562) Importer(2089858483,0ecaa5967403d082aa24f35e1b516d23)
Start importing Assets/Imported Assets/Polytope Studio/Lowpoly Medieval Environments/Sources/Meshes/Trees/PT_Pine_Tree_03_dead.fbx using Guid(021e9eaa88033da4c94bcdeddffe6562) Importer(2089858483,0ecaa5967403d082aa24f35e1b516d23) Generated GUIDs only implemented for interfaces!
 -> (artifact id: '78b962b80e89dd8510ad7e7807a69627') in 0.035203 seconds
Number of updated asset objects reloaded before import = 0
Number of asset objects unloaded after import = 20
========================================================================
Received Import Request.
  Time since last request: 0.000020 seconds.
  path: Assets/Imported Assets/StylizedHandPaintedDungeon(Free)/Demo/Demo_Scene/Demo_Scene/Lightmap-0_comp_dir.png
  artifactKey: Guid(d3aa747dc98f5bb49b3d381f5d6ad16c) Importer(2089858483,0ecaa5967403d082aa24f35e1b516d23)
Start importing Assets/Imported Assets/StylizedHandPaintedDungeon(Free)/Demo/Demo_Scene/Demo_Scene/Lightmap-0_comp_dir.png using Guid(d3aa747dc98f5bb49b3d381f5d6ad16c) Importer(2089858483,0ecaa5967403d082aa24f35e1b516d23) Generated GUIDs only implemented for interfaces!
 -> (artifact id: '735667a386e8d1a13ab9aaa77f201f82') in 0.035791 seconds
Number of updated asset objects reloaded before import = 0
Number of asset objects unloaded after import = 1
========================================================================
Received Import Request.
  Time since last request: 0.000028 seconds.
  path: Assets/Resources/Models/Laika/LaikaAnimations/Laika_NewClothes_Boneless@Sitting.fbx
  artifactKey: Guid(5c777bdfd131be640a6329476e60c04a) Importer(2089858483,0ecaa5967403d082aa24f35e1b516d23)
Start importing Assets/Resources/Models/Laika/LaikaAnimations/Laika_NewClothes_Boneless@Sitting.fbx using Guid(5c777bdfd131be640a6329476e60c04a) Importer(2089858483,0ecaa5967403d082aa24f35e1b516d23) Generated GUIDs only implemented for interfaces!
 -> (artifact id: 'd8ae81aae0dbecea900f2dfd6f926a78') in 0.039541 seconds
Number of updated asset objects reloaded before import = 0
Number of asset objects unloaded after import = 136
========================================================================
Received Import Request.
  Time since last request: 0.000024 seconds.
  path: Assets/Imported Assets/Sherbbs Particle Collection/Particles/Normal/BasicSpark.prefab
  artifactKey: Guid(f34d53a9f8cd409428b8d1e3addf4807) Importer(2089858483,0ecaa5967403d082aa24f35e1b516d23)
Start importing Assets/Imported Assets/Sherbbs Particle Collection/Particles/Normal/BasicSpark.prefab using Guid(f34d53a9f8cd409428b8d1e3addf4807) Importer(2089858483,0ecaa5967403d082aa24f35e1b516d23) Generated GUIDs only implemented for interfaces!
 -> (artifact id: '1843f28794763830fc3f9ff11a665406') in 0.070831 seconds
Number of updated asset objects reloaded before import = 0
Number of asset objects unloaded after import = 18
========================================================================
Received Import Request.
  Time since last request: 0.000021 seconds.
  path: Assets/Resources/Models/Rufio/RufioMaterials/N00_000_00_FaceEyeline_00_FACE (Instance).mat
  artifactKey: Guid(6eae7cb18a1e81043a80b5d01c0fb2bd) Importer(2089858483,0ecaa5967403d082aa24f35e1b516d23)
Start importing Assets/Resources/Models/Rufio/RufioMaterials/N00_000_00_FaceEyeline_00_FACE (Instance).mat using Guid(6eae7cb18a1e81043a80b5d01c0fb2bd) Importer(2089858483,0ecaa5967403d082aa24f35e1b516d23) Generated GUIDs only implemented for interfaces!
 -> (artifact id: '0f41d847d6b911ac6f2bd169656f9667') in 0.021663 seconds
Number of updated asset objects reloaded before import = 0
Number of asset objects unloaded after import = 2
========================================================================
Received Import Request.
  Time since last request: 0.000025 seconds.
  path: Assets/Imported Assets/Sherbbs Particle Collection/Particles/Normal/SmokeyExplosion.prefab
  artifactKey: Guid(abf8d5b763621654486813c5c8af8234) Importer(2089858483,0ecaa5967403d082aa24f35e1b516d23)
Start importing Assets/Imported Assets/Sherbbs Particle Collection/Particles/Normal/SmokeyExplosion.prefab using Guid(abf8d5b763621654486813c5c8af8234) Importer(2089858483,0ecaa5967403d082aa24f35e1b516d23) Generated GUIDs only implemented for interfaces!
 -> (artifact id: '3a9193fa19fdb8a1bc923e100010d12f') in 0.068573 seconds
Number of updated asset objects reloaded before import = 0
Number of asset objects unloaded after import = 42
========================================================================
Received Import Request.
  Time since last request: 0.000022 seconds.
  path: Assets/Resources/Models/Lucas/LucasTextures/Image_4.png
  artifactKey: Guid(6b0e4410c3d5ba749b7931962feb897b) Importer(2089858483,0ecaa5967403d082aa24f35e1b516d23)
Start importing Assets/Resources/Models/Lucas/LucasTextures/Image_4.png using Guid(6b0e4410c3d5ba749b7931962feb897b) Importer(2089858483,0ecaa5967403d082aa24f35e1b516d23) Generated GUIDs only implemented for interfaces!
 -> (artifact id: '192a1a096ac2a46931e927e3d7c7cb65') in 0.036468 seconds
Number of updated asset objects reloaded before import = 0
Number of asset objects unloaded after import = 1
========================================================================
Received Import Request.
  Time since last request: 0.000033 seconds.
  path: Assets/Imported Assets/Sherbbs Particle Collection/Particles/Trails/EtherialStreaksTrail.prefab
  artifactKey: Guid(797ee248261f4504f9071cdf2c4300d4) Importer(2089858483,0ecaa5967403d082aa24f35e1b516d23)
Start importing Assets/Imported Assets/Sherbbs Particle Collection/Particles/Trails/EtherialStreaksTrail.prefab using Guid(797ee248261f4504f9071cdf2c4300d4) Importer(2089858483,0ecaa5967403d082aa24f35e1b516d23) Generated GUIDs only implemented for interfaces!
 -> (artifact id: 'ec8cf0100e8c17d18b14a1c80b0ada80') in 0.069149 seconds
Number of updated asset objects reloaded before import = 0
Number of asset objects unloaded after import = 6
========================================================================
Received Import Request.
  Time since last request: 0.000030 seconds.
  path: Assets/Imported Assets/TextMesh Pro/Examples & Extras/Fonts/Oswald-Bold - OFL.txt
  artifactKey: Guid(d2cf87a8a7a94aa8b80dff1c807c1178) Importer(2089858483,0ecaa5967403d082aa24f35e1b516d23)
Start importing Assets/Imported Assets/TextMesh Pro/Examples & Extras/Fonts/Oswald-Bold - OFL.txt using Guid(d2cf87a8a7a94aa8b80dff1c807c1178) Importer(2089858483,0ecaa5967403d082aa24f35e1b516d23) Generated GUIDs only implemented for interfaces!
 -> (artifact id: '1d62e963f8f0c5e5d14fde997529bd50') in 0.014701 seconds
Number of updated asset objects reloaded before import = 0
Number of asset objects unloaded after import = 1
========================================================================
Received Import Request.
  Time since last request: 0.000016 seconds.
  path: Assets/Imported Assets/TextMesh Pro/Examples & Extras/Sprites/DropCap Numbers.psd
  artifactKey: Guid(fd09957580ac4326916010f1f260975b) Importer(2089858483,0ecaa5967403d082aa24f35e1b516d23)
Start importing Assets/Imported Assets/TextMesh Pro/Examples & Extras/Sprites/DropCap Numbers.psd using Guid(fd09957580ac4326916010f1f260975b) Importer(2089858483,0ecaa5967403d082aa24f35e1b516d23) Generated GUIDs only implemented for interfaces!
 -> (artifact id: '28e6e6303bb0ecc2b93fa70267d2502b') in 0.042619 seconds
Number of updated asset objects reloaded before import = 0
Number of asset objects unloaded after import = 1
========================================================================
Received Import Request.
  Time since last request: 0.000020 seconds.
  path: Assets/Imported Assets/Polytope Studio/Lowpoly Medieval Environments/Sources/Shaders/PT_Vegetation_Plants_Shader_VS.shader
  artifactKey: Guid(8a9c9453b796d9b4e8af20c911d7eab7) Importer(2089858483,0ecaa5967403d082aa24f35e1b516d23)
Start importing Assets/Imported Assets/Polytope Studio/Lowpoly Medieval Environments/Sources/Shaders/PT_Vegetation_Plants_Shader_VS.shader using Guid(8a9c9453b796d9b4e8af20c911d7eab7) Importer(2089858483,0ecaa5967403d082aa24f35e1b516d23) Generated GUIDs only implemented for interfaces!
 -> (artifact id: '78eab7f8471b48d96bce202b9e301aa2') in 0.020334 seconds
Number of updated asset objects reloaded before import = 0
Number of asset objects unloaded after import = 1
========================================================================
Received Import Request.
  Time since last request: 0.000022 seconds.
  path: Assets/Imported Assets/Polytope Studio/Lowpoly Medieval Environments/Sources/Meshes/Rocks/PT_River_Rock_Pile_02.fbx
  artifactKey: Guid(e5e1b3c0d2be60b47981235187af0936) Importer(2089858483,0ecaa5967403d082aa24f35e1b516d23)
Start importing Assets/Imported Assets/Polytope Studio/Lowpoly Medieval Environments/Sources/Meshes/Rocks/PT_River_Rock_Pile_02.fbx using Guid(e5e1b3c0d2be60b47981235187af0936) Importer(2089858483,0ecaa5967403d082aa24f35e1b516d23) Generated GUIDs only implemented for interfaces!
 -> (artifact id: 'bccf5743ac5227e585569d63fae8bb6f') in 0.031540 seconds
Number of updated asset objects reloaded before import = 0
Number of asset objects unloaded after import = 20
========================================================================
Received Import Request.
  Time since last request: 0.000028 seconds.
  path: Assets/Imported Assets/TextMesh Pro/Examples & Extras/Resources/Fonts & Materials/LiberationSans SDF - Metalic Green.mat
  artifactKey: Guid(8b29aaa3eec7468097ff07adfcf29ac9) Importer(2089858483,0ecaa5967403d082aa24f35e1b516d23)
Start importing Assets/Imported Assets/TextMesh Pro/Examples & Extras/Resources/Fonts & Materials/LiberationSans SDF - Metalic Green.mat using Guid(8b29aaa3eec7468097ff07adfcf29ac9) Importer(2089858483,0ecaa5967403d082aa24f35e1b516d23) Generated GUIDs only implemented for interfaces!
 -> (artifact id: '6e7515b23b5afdc40f75611860ae92f8') in 0.032815 seconds
Number of updated asset objects reloaded before import = 0
Number of asset objects unloaded after import = 4
========================================================================
Received Import Request.
  Time since last request: 0.000030 seconds.
  path: Assets/Imported Assets/TextMesh Pro/Examples & Extras/Resources/Fonts & Materials/Anton SDF - Sunny Days.mat
  artifactKey: Guid(6522f30e342599e4e9dd4cc2cc03c830) Importer(2089858483,0ecaa5967403d082aa24f35e1b516d23)
Start importing Assets/Imported Assets/TextMesh Pro/Examples & Extras/Resources/Fonts & Materials/Anton SDF - Sunny Days.mat using Guid(6522f30e342599e4e9dd4cc2cc03c830) Importer(2089858483,0ecaa5967403d082aa24f35e1b516d23) Generated GUIDs only implemented for interfaces!
 -> (artifact id: '4c7f5dc325b8a1081711c8a978072e2e') in 0.026780 seconds
Number of updated asset objects reloaded before import = 0
Number of asset objects unloaded after import = 4
========================================================================
Received Import Request.
  Time since last request: 0.000025 seconds.
  path: Assets/Imported Assets/Polytope Studio/Lowpoly Medieval Environments/Sources/Textures/PT_Grass_02.png
  artifactKey: Guid(f2a86d9c4950f4c4e81271677d2e2624) Importer(2089858483,0ecaa5967403d082aa24f35e1b516d23)
Start importing Assets/Imported Assets/Polytope Studio/Lowpoly Medieval Environments/Sources/Textures/PT_Grass_02.png using Guid(f2a86d9c4950f4c4e81271677d2e2624) Importer(2089858483,0ecaa5967403d082aa24f35e1b516d23) Generated GUIDs only implemented for interfaces!
 -> (artifact id: 'd6116cd157ba6eae9d6d60d97156dbd1') in 0.038603 seconds
Number of updated asset objects reloaded before import = 0
Number of asset objects unloaded after import = 1
========================================================================
Received Import Request.
  Time since last request: 0.000018 seconds.
  path: Assets/Imported Assets/Polytope Studio/Lowpoly Medieval Village/Sources/Meshes/PT_Medieval_Village_Fence_02.fbx
  artifactKey: Guid(b67d2b761d3397348831d776dbb33e03) Importer(2089858483,0ecaa5967403d082aa24f35e1b516d23)
Start importing Assets/Imported Assets/Polytope Studio/Lowpoly Medieval Village/Sources/Meshes/PT_Medieval_Village_Fence_02.fbx using Guid(b67d2b761d3397348831d776dbb33e03) Importer(2089858483,0ecaa5967403d082aa24f35e1b516d23) Generated GUIDs only implemented for interfaces!
 -> (artifact id: 'cb72bff0405d8ceb4d51f945f59f11db') in 0.036983 seconds
Number of updated asset objects reloaded before import = 0
Number of asset objects unloaded after import = 8
========================================================================
Received Import Request.
  Time since last request: 0.000029 seconds.
  path: Assets/Imported Assets/Polytope Studio/Lowpoly Medieval Environments/Sources/Meshes/Trees/PT_Fruit_Tree_01_green.fbx
  artifactKey: Guid(f222748f1796b2e49a56a2fbf7563247) Importer(2089858483,0ecaa5967403d082aa24f35e1b516d23)
Start importing Assets/Imported Assets/Polytope Studio/Lowpoly Medieval Environments/Sources/Meshes/Trees/PT_Fruit_Tree_01_green.fbx using Guid(f222748f1796b2e49a56a2fbf7563247) Importer(2089858483,0ecaa5967403d082aa24f35e1b516d23) Generated GUIDs only implemented for interfaces!
 -> (artifact id: '50865adaa076fad53d9b917467455c08') in 0.038130 seconds
Number of updated asset objects reloaded before import = 0
Number of asset objects unloaded after import = 20
========================================================================
Received Import Request.
  Time since last request: 0.000024 seconds.
  path: Assets/Imported Assets/Polytope Studio/Lowpoly Medieval Environments/Sources/Shaders/PT_Vegetation_Plants_Shader.shader
  artifactKey: Guid(233be0623027421449b81f7423abaf79) Importer(2089858483,0ecaa5967403d082aa24f35e1b516d23)
Start importing Assets/Imported Assets/Polytope Studio/Lowpoly Medieval Environments/Sources/Shaders/PT_Vegetation_Plants_Shader.shader using Guid(233be0623027421449b81f7423abaf79) Importer(2089858483,0ecaa5967403d082aa24f35e1b516d23) Generated GUIDs only implemented for interfaces!
 -> (artifact id: '0c7e9dde9f17063912685a8403fe6b3f') in 0.021006 seconds
Number of updated asset objects reloaded before import = 0
Number of asset objects unloaded after import = 1
========================================================================
Received Import Request.
  Time since last request: 0.000022 seconds.
  path: Assets/Imported Assets/Polytope Studio/Lowpoly Medieval Environments/Sources/Meshes/Trees/PT_Fruit_Tree_01_pears.fbx
  artifactKey: Guid(ab5654911e4a8494190af9551d81ea81) Importer(2089858483,0ecaa5967403d082aa24f35e1b516d23)
Start importing Assets/Imported Assets/Polytope Studio/Lowpoly Medieval Environments/Sources/Meshes/Trees/PT_Fruit_Tree_01_pears.fbx using Guid(ab5654911e4a8494190af9551d81ea81) Importer(2089858483,0ecaa5967403d082aa24f35e1b516d23) Generated GUIDs only implemented for interfaces!
 -> (artifact id: 'c2087c3dc97618e50d2991e1e19bb8ab') in 0.036673 seconds
Number of updated asset objects reloaded before import = 0
Number of asset objects unloaded after import = 20
========================================================================
Received Import Request.
  Time since last request: 0.000025 seconds.
  path: Assets/Imported Assets/Polytope Studio/Lowpoly Medieval Environments/Sources/Shaders/VS_indirect.cginc
  artifactKey: Guid(3e336216065dbd84f94c41015a5d29ef) Importer(2089858483,0ecaa5967403d082aa24f35e1b516d23)
Start importing Assets/Imported Assets/Polytope Studio/Lowpoly Medieval Environments/Sources/Shaders/VS_indirect.cginc using Guid(3e336216065dbd84f94c41015a5d29ef) Importer(2089858483,0ecaa5967403d082aa24f35e1b516d23) Generated GUIDs only implemented for interfaces!
 -> (artifact id: 'bc2e6c4d56f9e90c683433007f349681') in 0.015436 seconds
Number of updated asset objects reloaded before import = 0
Number of asset objects unloaded after import = 1
========================================================================
Received Import Request.
  Time since last request: 0.000027 seconds.
  path: Assets/Imported Assets/TextMesh Pro/Examples & Extras/Scripts/ChatController.cs
  artifactKey: Guid(53d91f98a2664f5cb9af11de72ac54ec) Importer(2089858483,0ecaa5967403d082aa24f35e1b516d23)
Start importing Assets/Imported Assets/TextMesh Pro/Examples & Extras/Scripts/ChatController.cs using Guid(53d91f98a2664f5cb9af11de72ac54ec) Importer(2089858483,0ecaa5967403d082aa24f35e1b516d23) Generated GUIDs only implemented for interfaces!
 -> (artifact id: 'ea3afdc7dea7d6b981f8fa42ee7a11c3') in 0.016207 seconds
Number of updated asset objects reloaded before import = 0
Number of asset objects unloaded after import = 1
========================================================================
Received Import Request.
  Time since last request: 0.000016 seconds.
  path: Assets/Resources/Models/Rufio/RufioMaterials/N00_000_00_Body_00_SKIN (Instance).mat
  artifactKey: Guid(274d2e726977250458fc38ad8bac8d5c) Importer(2089858483,0ecaa5967403d082aa24f35e1b516d23)
Start importing Assets/Resources/Models/Rufio/RufioMaterials/N00_000_00_Body_00_SKIN (Instance).mat using Guid(274d2e726977250458fc38ad8bac8d5c) Importer(2089858483,0ecaa5967403d082aa24f35e1b516d23) Generated GUIDs only implemented for interfaces!
 -> (artifact id: 'd1cf8c1c12c07eca3ff0bd02eb199716') in 0.017135 seconds
Number of updated asset objects reloaded before import = 0
Number of asset objects unloaded after import = 2
========================================================================
Received Import Request.
  Time since last request: 0.000017 seconds.
  path: Assets/Imported Assets/TextMesh Pro/Examples & Extras/Textures/Gradient Horizontal (Color).jpg
  artifactKey: Guid(6eb184de103d4b3f812b38561065192f) Importer(2089858483,0ecaa5967403d082aa24f35e1b516d23)
Start importing Assets/Imported Assets/TextMesh Pro/Examples & Extras/Textures/Gradient Horizontal (Color).jpg using Guid(6eb184de103d4b3f812b38561065192f) Importer(2089858483,0ecaa5967403d082aa24f35e1b516d23) Generated GUIDs only implemented for interfaces!
 -> (artifact id: '3afff170cc119a8ef22ec3c36029a2ae') in 0.033024 seconds
Number of updated asset objects reloaded before import = 0
Number of asset objects unloaded after import = 1
========================================================================
Received Import Request.
  Time since last request: 0.000018 seconds.
  path: Assets/Imported Assets/Polytope Studio/Lowpoly Medieval Environments/Sources/Shaders/PT_Vegetation_Opaque_Shader_VS.shader
  artifactKey: Guid(9644638587573544181f148540ce0ce0) Importer(2089858483,0ecaa5967403d082aa24f35e1b516d23)
Start importing Assets/Imported Assets/Polytope Studio/Lowpoly Medieval Environments/Sources/Shaders/PT_Vegetation_Opaque_Shader_VS.shader using Guid(9644638587573544181f148540ce0ce0) Importer(2089858483,0ecaa5967403d082aa24f35e1b516d23) Generated GUIDs only implemented for interfaces!
 -> (artifact id: 'd3f82337f0e711c87a38e3607fd4126a') in 0.025000 seconds
Number of updated asset objects reloaded before import = 0
Number of asset objects unloaded after import = 1
========================================================================
Received Import Request.
  Time since last request: 0.000018 seconds.
  path: Assets/Resources/Models/Lucas/LucasAnimations/Lucas_NoBones@Strut Walking.fbx
  artifactKey: Guid(787edd4c717a2f046a00260211cd8242) Importer(2089858483,0ecaa5967403d082aa24f35e1b516d23)
Start importing Assets/Resources/Models/Lucas/LucasAnimations/Lucas_NoBones@Strut Walking.fbx using Guid(787edd4c717a2f046a00260211cd8242) Importer(2089858483,0ecaa5967403d082aa24f35e1b516d23) Generated GUIDs only implemented for interfaces!
 -> (artifact id: '0c3749025f2fe7d2471e32d32bc7aa73') in 0.038235 seconds
Number of updated asset objects reloaded before import = 0
Number of asset objects unloaded after import = 136
========================================================================
Received Import Request.
  Time since last request: 0.000017 seconds.
  path: Assets/Resources/Models/Rufio/RufioAnimations/Rufio_NoBones@Walking (1) 1.fbx
  artifactKey: Guid(5391ab75a37621b4781d8f8093fc515f) Importer(2089858483,0ecaa5967403d082aa24f35e1b516d23)
Start importing Assets/Resources/Models/Rufio/RufioAnimations/Rufio_NoBones@Walking (1) 1.fbx using Guid(5391ab75a37621b4781d8f8093fc515f) Importer(2089858483,0ecaa5967403d082aa24f35e1b516d23) Generated GUIDs only implemented for interfaces!
 -> (artifact id: '4e9908760bf51abf6d6d086221e6ce75') in 0.039040 seconds
Number of updated asset objects reloaded before import = 0
Number of asset objects unloaded after import = 136
========================================================================
Received Import Request.
  Time since last request: 0.000025 seconds.
  path: Assets/Imported Assets/Polytope Studio/Lowpoly Medieval Village/Sources/Textures/PT_Medieval_texture.tga
  artifactKey: Guid(16357eda3fc18dd459a8218b92769643) Importer(2089858483,0ecaa5967403d082aa24f35e1b516d23)
Start importing Assets/Imported Assets/Polytope Studio/Lowpoly Medieval Village/Sources/Textures/PT_Medieval_texture.tga using Guid(16357eda3fc18dd459a8218b92769643) Importer(2089858483,0ecaa5967403d082aa24f35e1b516d23) Generated GUIDs only implemented for interfaces!
 -> (artifact id: 'f4b786f27334006047524eb6d842bd36') in 0.037379 seconds
Number of updated asset objects reloaded before import = 0
Number of asset objects unloaded after import = 1
========================================================================
Received Import Request.
  Time since last request: 0.000091 seconds.
  path: Assets/Imported Assets/TextMesh Pro/Examples & Extras/Scripts/TextConsoleSimulator.cs
  artifactKey: Guid(43bcd35a1c0c40ccb6d472893fe2093f) Importer(2089858483,0ecaa5967403d082aa24f35e1b516d23)
Start importing Assets/Imported Assets/TextMesh Pro/Examples & Extras/Scripts/TextConsoleSimulator.cs using Guid(43bcd35a1c0c40ccb6d472893fe2093f) Importer(2089858483,0ecaa5967403d082aa24f35e1b516d23) Generated GUIDs only implemented for interfaces!
 -> (artifact id: '7be1f2a24e2fbb8c85497827b402185f') in 0.014886 seconds
Number of updated asset objects reloaded before import = 0
Number of asset objects unloaded after import = 1
========================================================================
Received Import Request.
  Time since last request: 0.000019 seconds.
  path: Assets/Resources/Models/Rufio/RufioAnimations/Rufio_NoBones@Sword And Shield Slash.fbx
  artifactKey: Guid(ceb4b2a0353846b45aed3dd830f4187a) Importer(2089858483,0ecaa5967403d082aa24f35e1b516d23)
Start importing Assets/Resources/Models/Rufio/RufioAnimations/Rufio_NoBones@Sword And Shield Slash.fbx using Guid(ceb4b2a0353846b45aed3dd830f4187a) Importer(2089858483,0ecaa5967403d082aa24f35e1b516d23) Generated GUIDs only implemented for interfaces!
 -> (artifact id: '8917e810699c2ee04019351c63979467') in 0.041998 seconds
Number of updated asset objects reloaded before import = 0
Number of asset objects unloaded after import = 136
========================================================================
Received Import Request.
  Time since last request: 0.000033 seconds.
  path: Assets/Imported Assets/TextMesh Pro/Examples & Extras/Scripts/TMP_DigitValidator.cs
  artifactKey: Guid(1a7eb92a01ed499a987bde9def05fbce) Importer(2089858483,0ecaa5967403d082aa24f35e1b516d23)
Start importing Assets/Imported Assets/TextMesh Pro/Examples & Extras/Scripts/TMP_DigitValidator.cs using Guid(1a7eb92a01ed499a987bde9def05fbce) Importer(2089858483,0ecaa5967403d082aa24f35e1b516d23) Generated GUIDs only implemented for interfaces!
 -> (artifact id: '899fe17b6635a7108297adf31581888b') in 0.014049 seconds
Number of updated asset objects reloaded before import = 0
Number of asset objects unloaded after import = 1
========================================================================
Received Import Request.
  Time since last request: 0.000021 seconds.
  path: Assets/Imported Assets/Polytope Studio/Lowpoly Medieval Environments/Sources/Meshes/Trees/PT_Pine_Tree_03_dead_cut.fbx
  artifactKey: Guid(3b8d3c0077d69eb4db5ee5754518f067) Importer(2089858483,0ecaa5967403d082aa24f35e1b516d23)
Start importing Assets/Imported Assets/Polytope Studio/Lowpoly Medieval Environments/Sources/Meshes/Trees/PT_Pine_Tree_03_dead_cut.fbx using Guid(3b8d3c0077d69eb4db5ee5754518f067) Importer(2089858483,0ecaa5967403d082aa24f35e1b516d23) Generated GUIDs only implemented for interfaces!
 -> (artifact id: '5c0d1e866911d88bdc5c11514c475df4') in 0.029622 seconds
Number of updated asset objects reloaded before import = 0
Number of asset objects unloaded after import = 7
========================================================================
Received Import Request.
  Time since last request: 0.000018 seconds.
  path: Assets/Resources/Models/Rufio/Rufio Textures/_04.png
  artifactKey: Guid(70f565ad27d726c4f9c3e2947d3ec1ec) Importer(2089858483,0ecaa5967403d082aa24f35e1b516d23)
Start importing Assets/Resources/Models/Rufio/Rufio Textures/_04.png using Guid(70f565ad27d726c4f9c3e2947d3ec1ec) Importer(2089858483,0ecaa5967403d082aa24f35e1b516d23) Generated GUIDs only implemented for interfaces!
 -> (artifact id: 'e0804ddf211f62142f439223730d4778') in 0.036462 seconds
Number of updated asset objects reloaded before import = 0
Number of asset objects unloaded after import = 1
========================================================================
Received Import Request.
  Time since last request: 0.000016 seconds.
  path: Assets/Imported Assets/TextMesh Pro/Examples & Extras/Scripts/VertexJitter.cs
  artifactKey: Guid(2ed57967c52645d390a89dcf8f61ba73) Importer(2089858483,0ecaa5967403d082aa24f35e1b516d23)
Start importing Assets/Imported Assets/TextMesh Pro/Examples & Extras/Scripts/VertexJitter.cs using Guid(2ed57967c52645d390a89dcf8f61ba73) Importer(2089858483,0ecaa5967403d082aa24f35e1b516d23) Generated GUIDs only implemented for interfaces!
 -> (artifact id: '67e7daa27b937dd9288707115300a8c3') in 0.017406 seconds
Number of updated asset objects reloaded before import = 0
Number of asset objects unloaded after import = 1
========================================================================
Received Import Request.
  Time since last request: 0.000022 seconds.
  path: Assets/Imported Assets/Polytope Studio/Lowpoly Medieval Demos/Environment_Free/Display.unity
  artifactKey: Guid(609a9dec2c5b5cf4a8c1929202710647) Importer(2089858483,0ecaa5967403d082aa24f35e1b516d23)
Start importing Assets/Imported Assets/Polytope Studio/Lowpoly Medieval Demos/Environment_Free/Display.unity using Guid(609a9dec2c5b5cf4a8c1929202710647) Importer(2089858483,0ecaa5967403d082aa24f35e1b516d23) Generated GUIDs only implemented for interfaces!
 -> (artifact id: 'af47819fdf19b3a3eea59fff7989cd08') in 0.011892 seconds
Number of updated asset objects reloaded before import = 0
Number of asset objects unloaded after import = 1
========================================================================
Received Import Request.
  Time since last request: 0.000023 seconds.
  path: Assets/Resources/Models/Laika/Pose/Laika_NewClothes_Boneless@Male Action Pose.fbx
  artifactKey: Guid(d79e2be6f15e4c04ea930f1907cf95f3) Importer(2089858483,0ecaa5967403d082aa24f35e1b516d23)
Start importing Assets/Resources/Models/Laika/Pose/Laika_NewClothes_Boneless@Male Action Pose.fbx using Guid(d79e2be6f15e4c04ea930f1907cf95f3) Importer(2089858483,0ecaa5967403d082aa24f35e1b516d23) Generated GUIDs only implemented for interfaces!
 -> (artifact id: '811bd32a2ad75e3a31cd79944182bfb9') in 0.033669 seconds
Number of updated asset objects reloaded before import = 0
Number of asset objects unloaded after import = 135
========================================================================
Received Import Request.
  Time since last request: 0.000028 seconds.
  path: Assets/Imported Assets/Polytope Studio/Lowpoly Medieval Village/Sources/Meshes/PT_Medieval_Village_Fence_05.fbx
  artifactKey: Guid(24a99b8cff644764dab7dd0e2764579c) Importer(2089858483,0ecaa5967403d082aa24f35e1b516d23)
Start importing Assets/Imported Assets/Polytope Studio/Lowpoly Medieval Village/Sources/Meshes/PT_Medieval_Village_Fence_05.fbx using Guid(24a99b8cff644764dab7dd0e2764579c) Importer(2089858483,0ecaa5967403d082aa24f35e1b516d23) Generated GUIDs only implemented for interfaces!
 -> (artifact id: '07721bae8067ee9bf684d36eba05cf52') in 0.031246 seconds
Number of updated asset objects reloaded before import = 0
Number of asset objects unloaded after import = 8
========================================================================
Received Import Request.
  Time since last request: 0.000020 seconds.
  path: Assets/Imported Assets/TextMesh Pro/Examples & Extras/Resources/Color Gradient Presets/Dark to Light Green - Vertical.asset
  artifactKey: Guid(4c86a3366cd840348ebe8dc438570ee4) Importer(2089858483,0ecaa5967403d082aa24f35e1b516d23)
Start importing Assets/Imported Assets/TextMesh Pro/Examples & Extras/Resources/Color Gradient Presets/Dark to Light Green - Vertical.asset using Guid(4c86a3366cd840348ebe8dc438570ee4) Importer(2089858483,0ecaa5967403d082aa24f35e1b516d23) Generated GUIDs only implemented for interfaces!
 -> (artifact id: 'e19d5dbc9def0addd91cd8eee69037f8') in 0.017086 seconds
Number of updated asset objects reloaded before import = 0
Number of asset objects unloaded after import = 1
========================================================================
Received Import Request.
  Time since last request: 0.000015 seconds.
  path: Assets/Resources/Models/Rufio/RufioAnimations/Rufio_NoBones@Sword And Shield Death.fbx
  artifactKey: Guid(3cf4758475c7a6d4dbcbe9ef41fa851b) Importer(2089858483,0ecaa5967403d082aa24f35e1b516d23)
Start importing Assets/Resources/Models/Rufio/RufioAnimations/Rufio_NoBones@Sword And Shield Death.fbx using Guid(3cf4758475c7a6d4dbcbe9ef41fa851b) Importer(2089858483,0ecaa5967403d082aa24f35e1b516d23) Generated GUIDs only implemented for interfaces!
 -> (artifact id: '401fab5aa9bf21a252ea33c0e5a858ac') in 0.037458 seconds
Number of updated asset objects reloaded before import = 0
Number of asset objects unloaded after import = 136
========================================================================
Received Import Request.
  Time since last request: 0.000025 seconds.
  path: Assets/Imported Assets/TileableBricksWall/Materials/MyStuff/Pillar.mat
  artifactKey: Guid(68ef5a52baa455b4fbf72d4607fd794d) Importer(2089858483,0ecaa5967403d082aa24f35e1b516d23)
Start importing Assets/Imported Assets/TileableBricksWall/Materials/MyStuff/Pillar.mat using Guid(68ef5a52baa455b4fbf72d4607fd794d) Importer(2089858483,0ecaa5967403d082aa24f35e1b516d23) Generated GUIDs only implemented for interfaces!
 -> (artifact id: '6f5908eb514c5ef2cc1c1fa0f451aef9') in 0.020765 seconds
Number of updated asset objects reloaded before import = 0
Number of asset objects unloaded after import = 4
========================================================================
Received Import Request.
  Time since last request: 0.000021 seconds.
  path: Assets/Imported Assets/TextMesh Pro/Examples & Extras/Resources/Fonts & Materials/Bangers SDF Glow.mat
  artifactKey: Guid(d75b8f41e959450c84ac6e967084d3e1) Importer(2089858483,0ecaa5967403d082aa24f35e1b516d23)
Start importing Assets/Imported Assets/TextMesh Pro/Examples & Extras/Resources/Fonts & Materials/Bangers SDF Glow.mat using Guid(d75b8f41e959450c84ac6e967084d3e1) Importer(2089858483,0ecaa5967403d082aa24f35e1b516d23) Generated GUIDs only implemented for interfaces!
 -> (artifact id: 'c691eb6470bb102723d1625ba6f5a2b9') in 0.031677 seconds
Number of updated asset objects reloaded before import = 0
Number of asset objects unloaded after import = 3
========================================================================
Received Import Request.
  Time since last request: 0.000019 seconds.
  path: Assets/Imported Assets/Polytope Studio/Lowpoly Medieval Village/Prefabs/PT_Medieval_Village_Fence_03.prefab
  artifactKey: Guid(4bc0b8b152bdcf441a118343c02d5d81) Importer(2089858483,0ecaa5967403d082aa24f35e1b516d23)
Start importing Assets/Imported Assets/Polytope Studio/Lowpoly Medieval Village/Prefabs/PT_Medieval_Village_Fence_03.prefab using Guid(4bc0b8b152bdcf441a118343c02d5d81) Importer(2089858483,0ecaa5967403d082aa24f35e1b516d23) Generated GUIDs only implemented for interfaces!
 -> (artifact id: '02a2129a832100f3ccaa6b9de67f973d') in 0.033753 seconds
Number of updated asset objects reloaded before import = 0
Number of asset objects unloaded after import = 8
========================================================================
Received Import Request.
  Time since last request: 0.000024 seconds.
  path: Assets/Imported Assets/L_FG_Assets_Pack_Lite/Perfabs/Cemetery/Tomb04_e.prefab
  artifactKey: Guid(74bd3cef71d0f3d4f97c84a2f2e002af) Importer(2089858483,0ecaa5967403d082aa24f35e1b516d23)
Start importing Assets/Imported Assets/L_FG_Assets_Pack_Lite/Perfabs/Cemetery/Tomb04_e.prefab using Guid(74bd3cef71d0f3d4f97c84a2f2e002af) Importer(2089858483,0ecaa5967403d082aa24f35e1b516d23) Generated GUIDs only implemented for interfaces!
 -> (artifact id: '8a88b18ab6de52cb310baa38a5ffa534') in 0.014879 seconds
Number of updated asset objects reloaded before import = 0
Number of asset objects unloaded after import = 18
========================================================================
Received Import Request.
  Time since last request: 0.000025 seconds.
  path: Assets/Resources/Models/Laika/LaikaTextures/Image_16.png
  artifactKey: Guid(3184e747acd2066449b181ce2bcef020) Importer(2089858483,0ecaa5967403d082aa24f35e1b516d23)
Start importing Assets/Resources/Models/Laika/LaikaTextures/Image_16.png using Guid(3184e747acd2066449b181ce2bcef020) Importer(2089858483,0ecaa5967403d082aa24f35e1b516d23) Generated GUIDs only implemented for interfaces!
 -> (artifact id: 'a9f6ac96571bb99914b7911962e955d7') in 0.034027 seconds
Number of updated asset objects reloaded before import = 0
Number of asset objects unloaded after import = 1
========================================================================
Received Import Request.
  Time since last request: 0.000021 seconds.
  path: Assets/Imported Assets/Sherbbs Particle Collection/Particles/Atmosphere/Rain (Basic).prefab
  artifactKey: Guid(e6c8b773db6089b46bedb5d125fc5d63) Importer(2089858483,0ecaa5967403d082aa24f35e1b516d23)
Start importing Assets/Imported Assets/Sherbbs Particle Collection/Particles/Atmosphere/Rain (Basic).prefab using Guid(e6c8b773db6089b46bedb5d125fc5d63) Importer(2089858483,0ecaa5967403d082aa24f35e1b516d23) Generated GUIDs only implemented for interfaces!
 -> (artifact id: '8e8cf5ce9c994b9be6d38303fa18d8e0') in 0.071340 seconds
Number of updated asset objects reloaded before import = 0
Number of asset objects unloaded after import = 6
========================================================================
Received Import Request.
  Time since last request: 0.000015 seconds.
  path: Assets/Imported Assets/Polytope Studio/Lowpoly Medieval Demos/Environment_Free/Ground_Layer_02.terrainlayer
  artifactKey: Guid(f7ce30ec9b280b34cacb1a1005349890) Importer(2089858483,0ecaa5967403d082aa24f35e1b516d23)
Start importing Assets/Imported Assets/Polytope Studio/Lowpoly Medieval Demos/Environment_Free/Ground_Layer_02.terrainlayer using Guid(f7ce30ec9b280b34cacb1a1005349890) Importer(2089858483,0ecaa5967403d082aa24f35e1b516d23) Generated GUIDs only implemented for interfaces!
 -> (artifact id: '3e87c1e2d3fa9c2dff094a3a5a9a6b08') in 0.016321 seconds
Number of updated asset objects reloaded before import = 0
Number of asset objects unloaded after import = 2
========================================================================
Received Import Request.
  Time since last request: 0.000019 seconds.
  path: Assets/Imported Assets/TextMesh Pro/Examples & Extras/Textures/Small Crate_diffuse.jpg
  artifactKey: Guid(602cb87b6a29443b8636370ea0751574) Importer(2089858483,0ecaa5967403d082aa24f35e1b516d23)
Start importing Assets/Imported Assets/TextMesh Pro/Examples & Extras/Textures/Small Crate_diffuse.jpg using Guid(602cb87b6a29443b8636370ea0751574) Importer(2089858483,0ecaa5967403d082aa24f35e1b516d23) Generated GUIDs only implemented for interfaces!
 -> (artifact id: 'b1aa6f0438e73b75ae5c2c772a30c95b') in 0.034516 seconds
Number of updated asset objects reloaded before import = 0
Number of asset objects unloaded after import = 1
========================================================================
Received Import Request.
  Time since last request: 0.000023 seconds.
  path: Assets/Imported Assets/Polytope Studio/Lowpoly Medieval Environments/Prefabs/Shrubs/PT_Generic_Shrub_01_dead.prefab
  artifactKey: Guid(06d032abe82fad741b5025b9013bb63a) Importer(2089858483,0ecaa5967403d082aa24f35e1b516d23)
Start importing Assets/Imported Assets/Polytope Studio/Lowpoly Medieval Environments/Prefabs/Shrubs/PT_Generic_Shrub_01_dead.prefab using Guid(06d032abe82fad741b5025b9013bb63a) Importer(2089858483,0ecaa5967403d082aa24f35e1b516d23) Generated GUIDs only implemented for interfaces!
 -> (artifact id: 'db27b76cb182f900156759bd25ba72ef') in 0.016424 seconds
Number of updated asset objects reloaded before import = 0
Number of asset objects unloaded after import = 20
========================================================================
Received Import Request.
  Time since last request: 0.000025 seconds.
  path: Assets/Imported Assets/Polytope Studio/Lowpoly Medieval Environments/Sources/Meshes/Mushrooms/PT_Caesars_Mushroom_01.fbx
  artifactKey: Guid(2ec966d90911a454c9760fa28789a4f8) Importer(2089858483,0ecaa5967403d082aa24f35e1b516d23)
Start importing Assets/Imported Assets/Polytope Studio/Lowpoly Medieval Environments/Sources/Meshes/Mushrooms/PT_Caesars_Mushroom_01.fbx using Guid(2ec966d90911a454c9760fa28789a4f8) Importer(2089858483,0ecaa5967403d082aa24f35e1b516d23) Generated GUIDs only implemented for interfaces!
 -> (artifact id: 'f81f31cd03242c52d9a8471cad0f76a7') in 0.034391 seconds
Number of updated asset objects reloaded before import = 0
Number of asset objects unloaded after import = 7
========================================================================
Received Import Request.
  Time since last request: 0.000030 seconds.
  path: Assets/Imported Assets/L_FG_Assets_Pack_Lite/Perfabs/Plant/Plant08_d.prefab
  artifactKey: Guid(03736b030e8f2f0429fac2ece81ea352) Importer(2089858483,0ecaa5967403d082aa24f35e1b516d23)
Start importing Assets/Imported Assets/L_FG_Assets_Pack_Lite/Perfabs/Plant/Plant08_d.prefab using Guid(03736b030e8f2f0429fac2ece81ea352) Importer(2089858483,0ecaa5967403d082aa24f35e1b516d23) Generated GUIDs only implemented for interfaces!
 -> (artifact id: '5ce03f6270d8ac3b72172116ddb0afc0') in 0.021436 seconds
Number of updated asset objects reloaded before import = 0
Number of asset objects unloaded after import = 7
========================================================================
Received Import Request.
  Time since last request: 0.000021 seconds.
  path: Assets/Imported Assets/TextMesh Pro/Examples & Extras/Scripts/TMP_FrameRateCounter.cs
  artifactKey: Guid(686ec78b56aa445795335fbadafcfaa4) Importer(2089858483,0ecaa5967403d082aa24f35e1b516d23)
Start importing Assets/Imported Assets/TextMesh Pro/Examples & Extras/Scripts/TMP_FrameRateCounter.cs using Guid(686ec78b56aa445795335fbadafcfaa4) Importer(2089858483,0ecaa5967403d082aa24f35e1b516d23) Generated GUIDs only implemented for interfaces!
 -> (artifact id: '4c0a6a57e77a6bb7eb5a2c260eecb3e5') in 0.014230 seconds
Number of updated asset objects reloaded before import = 0
Number of asset objects unloaded after import = 1
========================================================================
Received Import Request.
  Time since last request: 0.000017 seconds.
  path: Assets/Imported Assets/Sherbbs Particle Collection/Particles/Normal/BirthdaySpark.prefab
  artifactKey: Guid(028315ff90f3b77478f6282592e23c74) Importer(2089858483,0ecaa5967403d082aa24f35e1b516d23)
Start importing Assets/Imported Assets/Sherbbs Particle Collection/Particles/Normal/BirthdaySpark.prefab using Guid(028315ff90f3b77478f6282592e23c74) Importer(2089858483,0ecaa5967403d082aa24f35e1b516d23) Generated GUIDs only implemented for interfaces!
 -> (artifact id: '4d9b3b3026394a5dba4e500858fca1fd') in 0.075875 seconds
Number of updated asset objects reloaded before import = 0
Number of asset objects unloaded after import = 22
========================================================================
Received Import Request.
  Time since last request: 0.000028 seconds.
  path: Assets/Resources/Models/Rufio/RufioMaterials/N00_000_00_EyeWhite_00_EYE (Instance).mat
  artifactKey: Guid(de85f1540c5adc847aeebe3521f1c1f7) Importer(2089858483,0ecaa5967403d082aa24f35e1b516d23)
Start importing Assets/Resources/Models/Rufio/RufioMaterials/N00_000_00_EyeWhite_00_EYE (Instance).mat using Guid(de85f1540c5adc847aeebe3521f1c1f7) Importer(2089858483,0ecaa5967403d082aa24f35e1b516d23) Generated GUIDs only implemented for interfaces!
 -> (artifact id: 'f3059901257a1d597a5cc51d0b4407a4') in 0.016883 seconds
Number of updated asset objects reloaded before import = 0
Number of asset objects unloaded after import = 2
========================================================================
Received Import Request.
  Time since last request: 0.000016 seconds.
  path: Assets/Imported Assets/TextMesh Pro/Examples & Extras/Resources/Color Gradient Presets/Light to Dark Green - Vertical.asset
  artifactKey: Guid(5cf8ae092ca54931b443bec5148f3c59) Importer(2089858483,0ecaa5967403d082aa24f35e1b516d23)
Start importing Assets/Imported Assets/TextMesh Pro/Examples & Extras/Resources/Color Gradient Presets/Light to Dark Green - Vertical.asset using Guid(5cf8ae092ca54931b443bec5148f3c59) Importer(2089858483,0ecaa5967403d082aa24f35e1b516d23) Generated GUIDs only implemented for interfaces!
 -> (artifact id: '1d8412802d6742d2713d4a7f368ec725') in 0.015289 seconds
Number of updated asset objects reloaded before import = 0
Number of asset objects unloaded after import = 1
========================================================================
Received Import Request.
  Time since last request: 0.000017 seconds.
  path: Assets/Imported Assets/Polytope Studio/Lowpoly Medieval Environments/Prefabs/Trees/PT_Fruit_Tree_01_dead.prefab
  artifactKey: Guid(3ad58da949d5de343b7c21cee04361ce) Importer(2089858483,0ecaa5967403d082aa24f35e1b516d23)
Start importing Assets/Imported Assets/Polytope Studio/Lowpoly Medieval Environments/Prefabs/Trees/PT_Fruit_Tree_01_dead.prefab using Guid(3ad58da949d5de343b7c21cee04361ce) Importer(2089858483,0ecaa5967403d082aa24f35e1b516d23) Generated GUIDs only implemented for interfaces!
 -> (artifact id: '486db8ca93cbabb7173d4f70b38ea8f0') in 0.020026 seconds
Number of updated asset objects reloaded before import = 0
Number of asset objects unloaded after import = 20
========================================================================
Received Import Request.
  Time since last request: 0.000017 seconds.
  path: Assets/Resources/Models/Lucas/LucasTextures/Image_5.png
  artifactKey: Guid(a8527d64e2cbfd3469e4b753bc27cd1d) Importer(2089858483,0ecaa5967403d082aa24f35e1b516d23)
Start importing Assets/Resources/Models/Lucas/LucasTextures/Image_5.png using Guid(a8527d64e2cbfd3469e4b753bc27cd1d) Importer(2089858483,0ecaa5967403d082aa24f35e1b516d23) Generated GUIDs only implemented for interfaces!
 -> (artifact id: '66d3d6f4efda8fd1bc8c07ba354a9cf4') in 0.036310 seconds
Number of updated asset objects reloaded before import = 0
Number of asset objects unloaded after import = 1
========================================================================
Received Import Request.
  Time since last request: 0.000034 seconds.
  path: Assets/Imported Assets/TextMesh Pro/Examples & Extras/Textures/Gradient Diagonal (Color).jpg
  artifactKey: Guid(2ce5c55e85304b819a1826ecbc839aa5) Importer(2089858483,0ecaa5967403d082aa24f35e1b516d23)
Start importing Assets/Imported Assets/TextMesh Pro/Examples & Extras/Textures/Gradient Diagonal (Color).jpg using Guid(2ce5c55e85304b819a1826ecbc839aa5) Importer(2089858483,0ecaa5967403d082aa24f35e1b516d23) Generated GUIDs only implemented for interfaces!
 -> (artifact id: '552e16f53ee2a74bd1f24b545554bada') in 0.038902 seconds
Number of updated asset objects reloaded before import = 0
Number of asset objects unloaded after import = 1
========================================================================
Received Import Request.
  Time since last request: 0.000016 seconds.
  path: Assets/Resources/Models/Rufio/RufioMaterials/N00_000_00_FaceBrow_00_FACE (Instance).mat
  artifactKey: Guid(9dce59b54ac5a0b4181e86f1303c005e) Importer(2089858483,0ecaa5967403d082aa24f35e1b516d23)
Start importing Assets/Resources/Models/Rufio/RufioMaterials/N00_000_00_FaceBrow_00_FACE (Instance).mat using Guid(9dce59b54ac5a0b4181e86f1303c005e) Importer(2089858483,0ecaa5967403d082aa24f35e1b516d23) Generated GUIDs only implemented for interfaces!
 -> (artifact id: 'f827e1bb7f222f544faa151b713f8eed') in 0.019567 seconds
Number of updated asset objects reloaded before import = 0
Number of asset objects unloaded after import = 2
========================================================================
Received Import Request.
  Time since last request: 0.000018 seconds.
  path: Assets/Imported Assets/TextMesh Pro/Examples & Extras/Textures/Text Overflow - Linked Text UI Screenshot.png
  artifactKey: Guid(c76d18757a194d618355f05f815cb0a1) Importer(2089858483,0ecaa5967403d082aa24f35e1b516d23)
Start importing Assets/Imported Assets/TextMesh Pro/Examples & Extras/Textures/Text Overflow - Linked Text UI Screenshot.png using Guid(c76d18757a194d618355f05f815cb0a1) Importer(2089858483,0ecaa5967403d082aa24f35e1b516d23) Generated GUIDs only implemented for interfaces!
 -> (artifact id: '2799d10428fd2307e7e582acf93cb572') in 0.033901 seconds
Number of updated asset objects reloaded before import = 0
Number of asset objects unloaded after import = 1
========================================================================
Received Import Request.
  Time since last request: 0.000018 seconds.
  path: Assets/Imported Assets/L_FG_Assets_Pack_Lite/Perfabs/Plant/Plant05_e.prefab
  artifactKey: Guid(bd97246339b157b41a7f144c569ec77f) Importer(2089858483,0ecaa5967403d082aa24f35e1b516d23)
Start importing Assets/Imported Assets/L_FG_Assets_Pack_Lite/Perfabs/Plant/Plant05_e.prefab using Guid(bd97246339b157b41a7f144c569ec77f) Importer(2089858483,0ecaa5967403d082aa24f35e1b516d23) Generated GUIDs only implemented for interfaces!
 -> (artifact id: 'a06aab33593482516dcc9fc7d2dedea5') in 0.020411 seconds
Number of updated asset objects reloaded before import = 0
Number of asset objects unloaded after import = 8
========================================================================
Received Import Request.
  Time since last request: 0.000018 seconds.
  path: Assets/Imported Assets/Polytope Studio/Lowpoly Medieval Demos/Environment_Free/Terrain/TerrainData_c82c1fc5-a7ad-4f88-a7ff-c071a4dae8e5.asset
  artifactKey: Guid(d9f3564d21751d046890366f3fc55400) Importer(2089858483,0ecaa5967403d082aa24f35e1b516d23)
Start importing Assets/Imported Assets/Polytope Studio/Lowpoly Medieval Demos/Environment_Free/Terrain/TerrainData_c82c1fc5-a7ad-4f88-a7ff-c071a4dae8e5.asset using Guid(d9f3564d21751d046890366f3fc55400) Importer(2089858483,0ecaa5967403d082aa24f35e1b516d23) Generated GUIDs only implemented for interfaces!
 -> (artifact id: '94a76f5fc9b4db643c77e668a6f0dcde') in 0.033395 seconds
Number of updated asset objects reloaded before import = 0
Number of asset objects unloaded after import = 125
========================================================================
Received Import Request.
  Time since last request: 0.000020 seconds.
  path: Assets/Imported Assets/Polytope Studio/Lowpoly Medieval Environments/Sources/Textures/PT_Mushrooms_01.png
  artifactKey: Guid(9a9ed1d4f54a1ce4a9331c6a1a926976) Importer(2089858483,0ecaa5967403d082aa24f35e1b516d23)
Start importing Assets/Imported Assets/Polytope Studio/Lowpoly Medieval Environments/Sources/Textures/PT_Mushrooms_01.png using Guid(9a9ed1d4f54a1ce4a9331c6a1a926976) Importer(2089858483,0ecaa5967403d082aa24f35e1b516d23) Generated GUIDs only implemented for interfaces!
 -> (artifact id: 'f4ad67d9b3ddc5e4e90f0151b96913ab') in 0.040466 seconds
Number of updated asset objects reloaded before import = 0
Number of asset objects unloaded after import = 1
========================================================================
Received Import Request.
  Time since last request: 0.000022 seconds.
  path: Assets/Resources/Models/Laika/Pose/Laika_NewClothes_Boneless@Male Action Pose 1.fbx
  artifactKey: Guid(5cabb25bce0c91c4287052a39a410bcf) Importer(2089858483,0ecaa5967403d082aa24f35e1b516d23)
Start importing Assets/Resources/Models/Laika/Pose/Laika_NewClothes_Boneless@Male Action Pose 1.fbx using Guid(5cabb25bce0c91c4287052a39a410bcf) Importer(2089858483,0ecaa5967403d082aa24f35e1b516d23) Generated GUIDs only implemented for interfaces!
 -> (artifact id: '1f95839f8e4ea3f37b4aa1203a5fefc1') in 0.035561 seconds
Number of updated asset objects reloaded before import = 0
Number of asset objects unloaded after import = 135
========================================================================
Received Import Request.
  Time since last request: 0.000028 seconds.
  path: Assets/Imported Assets/TextMesh Pro/Examples & Extras/Scripts/SkewTextExample.cs
  artifactKey: Guid(d412675cfb3441efa3bf8dcd9b7624dc) Importer(2089858483,0ecaa5967403d082aa24f35e1b516d23)
Start importing Assets/Imported Assets/TextMesh Pro/Examples & Extras/Scripts/SkewTextExample.cs using Guid(d412675cfb3441efa3bf8dcd9b7624dc) Importer(2089858483,0ecaa5967403d082aa24f35e1b516d23) Generated GUIDs only implemented for interfaces!
 -> (artifact id: '1426f23d5026e0661907e8a012bfca5d') in 0.017572 seconds
Number of updated asset objects reloaded before import = 0
Number of asset objects unloaded after import = 1
========================================================================
Received Prepare
Begin MonoManager ReloadAssembly
- Loaded All Assemblies, in  0.673 seconds
Refreshing native plugins compatible for Editor in 3.98 ms, found 2 plugins.
Native extension for WindowsStandalone target not found
[Package Manager] Server::EnsureServerProcessIsRunning -- launch failed, reason: Unity was launched with the -noUpm command-line argument
[Package Manager] UpmClient::Send -- Unable to send message (not connected to UPM process).
[Package Manager] Cannot connect to Unity Package Manager local server
Mono: successfully reloaded assembly
- Finished resetting the current domain, in  1.701 seconds
Domain Reload Profiling: 2369ms
	BeginReloadAssembly (219ms)
		ExecutionOrderSort (0ms)
		DisableScriptedObjects (5ms)
		BackupInstance (0ms)
		ReleaseScriptingObjects (0ms)
		CreateAndSetChildDomain (66ms)
	RebuildCommonClasses (39ms)
	RebuildNativeTypeToScriptingClass (11ms)
	initialDomainReloadingComplete (42ms)
	LoadAllAssembliesAndSetupDomain (355ms)
		LoadAssemblies (408ms)
		RebuildTransferFunctionScriptingTraits (0ms)
		AnalyzeDomain (55ms)
			TypeCache.Refresh (17ms)
				TypeCache.ScanAssembly (8ms)
			ScanForSourceGeneratedMonoScriptInfo (26ms)
			ResolveRequiredComponents (11ms)
	FinalizeReload (1702ms)
		ReleaseScriptCaches (0ms)
		RebuildScriptCaches (0ms)
		SetupLoadedEditorAssemblies (691ms)
			LogAssemblyErrors (0ms)
			InitializePlatformSupportModulesInManaged (6ms)
			SetLoadedEditorAssemblies (5ms)
			RefreshPlugins (0ms)
			BeforeProcessingInitializeOnLoad (155ms)
			ProcessInitializeOnLoadAttributes (444ms)
			ProcessInitializeOnLoadMethodAttributes (73ms)
			AfterProcessingInitializeOnLoad (8ms)
			EditorAssembliesLoaded (0ms)
		ExecutionOrderSort2 (0ms)
		AwakeInstancesAfterBackupRestoration (7ms)
OnLevelWasLoaded was found on LevelManager
This message has been deprecated and will be removed in a later version of Unity.
Add a delegate to SceneManager.sceneLoaded instead to get notifications after scene loading has completed
Refreshing native plugins compatible for Editor in 6.21 ms, found 2 plugins.
Preloading 0 native plugins for Editor in 0.00 ms.
Unloading 4137 Unused Serialized files (Serialized files now loaded: 0)
Unloading 61 unused Assets / (2.0 MB). Loaded Objects now: 4835.
Memory consumption went from 321.0 MB to 318.9 MB.
Total: 5.534500 ms (FindLiveObjects: 0.425200 ms CreateObjectMapping: 0.281100 ms MarkObjects: 3.924100 ms  DeleteObjects: 0.902700 ms)

Prepare: number of updated asset objects reloaded= 0
AssetImportParameters requested are different than current active one (requested -> active):
  custom:container-demuxer-ogg: 62fdf1f143b41e24485cea50d1cbac27 -> 
  custom:video-decoder-ogg-theora: a1e56fd34408186e4bbccfd4996cb3dc -> 
  custom:framework-win-MediaFoundation: 216162199b28c13a410421893ffa2e32 -> 
  custom:CustomObjectIndexerAttribute: d54d2f2da18e7612c182cf67624b6b12 -> 
  custom:container-demuxer-webm: 4f35f7cbe854078d1ac9338744f61a02 -> 
  custom:container-muxer-webm: aa71ff27fc2769a1b78a27578f13a17b -> 
  custom:video-decoder-webm-vp8: 9c59270c3fd7afecdb556c50c9e8de78 -> 
  custom:SearchIndexIgnoredProperties: e643bd26f0fe6173181afceb89e7c659 -> 
  custom:AudioImporter_EditorPlatform: d09bf68614088b80899f8185d706f6e7 -> 
  custom:video-encoder-webm-vp8: eb34c28f22e8b96e1ab97ce403110664 -> 
  custom:audio-decoder-ogg-vorbis: bf7c407c2cedff20999df2af8eb42d56 -> 
  custom:audio-encoder-webm-vorbis: bf7c407c2cedff20999df2af8eb42d56 -> 
Editor requested this worker to shutdown with reason: Scaling down because of idle timeout
TcpMessagingSession - receive error
AssetImportWorkerClient::OnTransportError - code=2 error=End of file
AssetImportWorker is now disconnected from the server
Process exiting
Exiting without the bug reporter. Application will terminate with return code 0