Using pre-set license
Built from '2022.3/staging' branch; Version is '2022.3.14f1 (eff2de9070d8) revision 15725278'; Using compiler version '192829333'; Build Type 'Release'
OS: 'Windows 11  (10.0.26100) 64bit Core' Language: 'en' Physical Memory: 16239 MB
BatchMode: 1, IsHumanControllingUs: 0, StartBugReporterOnCrash: 0, Is64bit: 1, IsPro: 1

COMMAND LINE ARGUMENTS:
C:\Program Files\Unity\Hub\Editor\2022.3.14f1\Editor\Unity.exe
-adb2
-batchMode
-noUpm
-name
AssetImportWorker7
-projectPath
C:/Users/gamer/OneDrive/Documents/Github Repos/Project_Labyrinth/ProjectLabyrinth_V001
-logFile
Logs/AssetImportWorker7.log
-srvPort
52338
Successfully changed project path to: C:/Users/gamer/OneDrive/Documents/Github Repos/Project_Labyrinth/ProjectLabyrinth_V001
C:/Users/gamer/OneDrive/Documents/Github Repos/Project_Labyrinth/ProjectLabyrinth_V001
[UnityMemory] Configuration Parameters - Can be set up in boot.config
    "memorysetup-bucket-allocator-granularity=16"
    "memorysetup-bucket-allocator-bucket-count=8"
    "memorysetup-bucket-allocator-block-size=33554432"
    "memorysetup-bucket-allocator-block-count=8"
    "memorysetup-main-allocator-block-size=16777216"
    "memorysetup-thread-allocator-block-size=16777216"
    "memorysetup-gfx-main-allocator-block-size=16777216"
    "memorysetup-gfx-thread-allocator-block-size=16777216"
    "memorysetup-cache-allocator-block-size=4194304"
    "memorysetup-typetree-allocator-block-size=2097152"
    "memorysetup-profiler-bucket-allocator-granularity=16"
    "memorysetup-profiler-bucket-allocator-bucket-count=8"
    "memorysetup-profiler-bucket-allocator-block-size=33554432"
    "memorysetup-profiler-bucket-allocator-block-count=8"
    "memorysetup-profiler-allocator-block-size=16777216"
    "memorysetup-profiler-editor-allocator-block-size=1048576"
    "memorysetup-temp-allocator-size-main=16777216"
    "memorysetup-job-temp-allocator-block-size=2097152"
    "memorysetup-job-temp-allocator-block-size-background=1048576"
    "memorysetup-job-temp-allocator-reduction-small-platforms=262144"
    "memorysetup-allocator-temp-initial-block-size-main=262144"
    "memorysetup-allocator-temp-initial-block-size-worker=262144"
    "memorysetup-temp-allocator-size-background-worker=32768"
    "memorysetup-temp-allocator-size-job-worker=262144"
    "memorysetup-temp-allocator-size-preload-manager=33554432"
    "memorysetup-temp-allocator-size-nav-mesh-worker=65536"
    "memorysetup-temp-allocator-size-audio-worker=65536"
    "memorysetup-temp-allocator-size-cloud-worker=32768"
    "memorysetup-temp-allocator-size-gi-baking-worker=262144"
    "memorysetup-temp-allocator-size-gfx=262144"
Player connection [31300] Host "[IP] 192.168.4.22 [Port] 0 [Flags] 2 [Guid] 831035880 [EditorId] 831035880 [Version] 1048832 [Id] WindowsEditor(7,DESKTOP-KLK6U7O) [Debug] 1 [PackageName] WindowsEditor [ProjectName] Editor" joined multi-casting on [225.0.0.222:54997]...

Player connection [31300] Host "[IP] 192.168.4.22 [Port] 0 [Flags] 2 [Guid] 831035880 [EditorId] 831035880 [Version] 1048832 [Id] WindowsEditor(7,DESKTOP-KLK6U7O) [Debug] 1 [PackageName] WindowsEditor [ProjectName] Editor" joined alternative multi-casting on [225.0.0.222:34997]...

[Physics::Module] Initialized MultithreadedJobDispatcher with 11 workers.
Refreshing native plugins compatible for Editor in 7.42 ms, found 2 plugins.
Preloading 0 native plugins for Editor in 0.00 ms.
Initialize engine version: 2022.3.14f1 (eff2de9070d8)
[Subsystems] Discovering subsystems at path C:/Program Files/Unity/Hub/Editor/2022.3.14f1/Editor/Data/Resources/UnitySubsystems
[Subsystems] Discovering subsystems at path C:/Users/gamer/OneDrive/Documents/Github Repos/Project_Labyrinth/ProjectLabyrinth_V001/Assets
GfxDevice: creating device client; threaded=0; jobified=0
Direct3D:
    Version:  Direct3D 11.0 [level 11.1]
    Renderer: NVIDIA GeForce RTX 3060 Ti (ID=0x2486)
    Vendor:   NVIDIA
    VRAM:     8024 MB
    Driver:   32.0.15.7270
Initialize mono
Mono path[0] = 'C:/Program Files/Unity/Hub/Editor/2022.3.14f1/Editor/Data/Managed'
Mono path[1] = 'C:/Program Files/Unity/Hub/Editor/2022.3.14f1/Editor/Data/MonoBleedingEdge/lib/mono/unityjit-win32'
Mono config path = 'C:/Program Files/Unity/Hub/Editor/2022.3.14f1/Editor/Data/MonoBleedingEdge/etc'
Using monoOptions --debugger-agent=transport=dt_socket,embedding=1,server=y,suspend=n,address=127.0.0.1:56424
Begin MonoManager ReloadAssembly
Registering precompiled unity dll's ...
Register platform support module: C:/Program Files/Unity/Hub/Editor/2022.3.14f1/Editor/Data/PlaybackEngines/WindowsStandaloneSupport/UnityEditor.WindowsStandalone.Extensions.dll
Registered in 0.005966 seconds.
- Loaded All Assemblies, in  0.327 seconds
Native extension for WindowsStandalone target not found
Mono: successfully reloaded assembly
- Finished resetting the current domain, in  0.252 seconds
Domain Reload Profiling: 578ms
	BeginReloadAssembly (99ms)
		ExecutionOrderSort (0ms)
		DisableScriptedObjects (0ms)
		BackupInstance (0ms)
		ReleaseScriptingObjects (0ms)
		CreateAndSetChildDomain (1ms)
	RebuildCommonClasses (32ms)
	RebuildNativeTypeToScriptingClass (10ms)
	initialDomainReloadingComplete (57ms)
	LoadAllAssembliesAndSetupDomain (129ms)
		LoadAssemblies (96ms)
		RebuildTransferFunctionScriptingTraits (0ms)
		AnalyzeDomain (127ms)
			TypeCache.Refresh (126ms)
				TypeCache.ScanAssembly (114ms)
			ScanForSourceGeneratedMonoScriptInfo (0ms)
			ResolveRequiredComponents (1ms)
	FinalizeReload (253ms)
		ReleaseScriptCaches (0ms)
		RebuildScriptCaches (0ms)
		SetupLoadedEditorAssemblies (191ms)
			LogAssemblyErrors (0ms)
			InitializePlatformSupportModulesInManaged (10ms)
			SetLoadedEditorAssemblies (8ms)
			RefreshPlugins (0ms)
			BeforeProcessingInitializeOnLoad (2ms)
			ProcessInitializeOnLoadAttributes (125ms)
			ProcessInitializeOnLoadMethodAttributes (47ms)
			AfterProcessingInitializeOnLoad (0ms)
			EditorAssembliesLoaded (0ms)
		ExecutionOrderSort2 (0ms)
		AwakeInstancesAfterBackupRestoration (0ms)
========================================================================
Worker process is ready to serve import requests
Begin MonoManager ReloadAssembly
- Loaded All Assemblies, in  0.590 seconds
Refreshing native plugins compatible for Editor in 2.71 ms, found 2 plugins.
OnLevelWasLoaded was found on LevelManager
This message has been deprecated and will be removed in a later version of Unity.
Add a delegate to SceneManager.sceneLoaded instead to get notifications after scene loading has completed
Native extension for WindowsStandalone target not found
Package Manager log level set to [2]
[Package Manager] Server::EnsureServerProcessIsRunning -- launch failed, reason: Unity was launched with the -noUpm command-line argument
[Package Manager] UpmClient::Send -- Unable to send message (not connected to UPM process).
[Package Manager] Cannot connect to Unity Package Manager local server
Mono: successfully reloaded assembly
- Finished resetting the current domain, in  0.772 seconds
Domain Reload Profiling: 1359ms
	BeginReloadAssembly (129ms)
		ExecutionOrderSort (0ms)
		DisableScriptedObjects (5ms)
		BackupInstance (0ms)
		ReleaseScriptingObjects (0ms)
		CreateAndSetChildDomain (20ms)
	RebuildCommonClasses (31ms)
	RebuildNativeTypeToScriptingClass (9ms)
	initialDomainReloadingComplete (36ms)
	LoadAllAssembliesAndSetupDomain (381ms)
		LoadAssemblies (299ms)
		RebuildTransferFunctionScriptingTraits (0ms)
		AnalyzeDomain (153ms)
			TypeCache.Refresh (122ms)
				TypeCache.ScanAssembly (108ms)
			ScanForSourceGeneratedMonoScriptInfo (21ms)
			ResolveRequiredComponents (9ms)
	FinalizeReload (773ms)
		ReleaseScriptCaches (0ms)
		RebuildScriptCaches (0ms)
		SetupLoadedEditorAssemblies (598ms)
			LogAssemblyErrors (0ms)
			InitializePlatformSupportModulesInManaged (6ms)
			SetLoadedEditorAssemblies (6ms)
			RefreshPlugins (0ms)
			BeforeProcessingInitializeOnLoad (116ms)
			ProcessInitializeOnLoadAttributes (384ms)
			ProcessInitializeOnLoadMethodAttributes (80ms)
			AfterProcessingInitializeOnLoad (6ms)
			EditorAssembliesLoaded (0ms)
		ExecutionOrderSort2 (0ms)
		AwakeInstancesAfterBackupRestoration (6ms)
Launched and connected shader compiler UnityShaderCompiler.exe after 0.03 seconds
Refreshing native plugins compatible for Editor in 3.58 ms, found 2 plugins.
Preloading 0 native plugins for Editor in 0.00 ms.
Unloading 4356 Unused Serialized files (Serialized files now loaded: 0)
Unloading 92 unused Assets / (1.7 MB). Loaded Objects now: 4878.
Memory consumption went from 368.1 MB to 366.4 MB.
Total: 5.629500 ms (FindLiveObjects: 0.395300 ms CreateObjectMapping: 0.230700 ms MarkObjects: 4.100200 ms  DeleteObjects: 0.902100 ms)

AssetImportParameters requested are different than current active one (requested -> active):
  custom:container-demuxer-ogg: 62fdf1f143b41e24485cea50d1cbac27 -> 
  custom:video-decoder-ogg-theora: a1e56fd34408186e4bbccfd4996cb3dc -> 
  custom:framework-win-MediaFoundation: 216162199b28c13a410421893ffa2e32 -> 
  custom:CustomObjectIndexerAttribute: d54d2f2da18e7612c182cf67624b6b12 -> 
  custom:container-demuxer-webm: 4f35f7cbe854078d1ac9338744f61a02 -> 
  custom:container-muxer-webm: aa71ff27fc2769a1b78a27578f13a17b -> 
  custom:video-decoder-webm-vp8: 9c59270c3fd7afecdb556c50c9e8de78 -> 
  custom:SearchIndexIgnoredProperties: e643bd26f0fe6173181afceb89e7c659 -> 
  custom:AudioImporter_EditorPlatform: d09bf68614088b80899f8185d706f6e7 -> 
  custom:video-encoder-webm-vp8: eb34c28f22e8b96e1ab97ce403110664 -> 
  custom:audio-decoder-ogg-vorbis: bf7c407c2cedff20999df2af8eb42d56 -> 
  custom:audio-encoder-webm-vorbis: bf7c407c2cedff20999df2af8eb42d56 -> 
========================================================================
Received Import Request.
  Time since last request: 9791.871593 seconds.
  path: Assets/Imported Assets/L_FG_Assets_Pack_Lite/Materials/Gravestone01.mat
  artifactKey: Guid(f2fb1a394308b384582deebd5d58e5fc) Importer(815301076,1909f56bfc062723c751e8b465ee728b)
Start importing Assets/Imported Assets/L_FG_Assets_Pack_Lite/Materials/Gravestone01.mat using Guid(f2fb1a394308b384582deebd5d58e5fc) Importer(815301076,1909f56bfc062723c751e8b465ee728b)  -> (artifact id: 'ad048304ff67c96bb9b75014f613f9ed') in 0.271493 seconds
Number of updated asset objects reloaded before import = 0
Number of asset objects unloaded after import = 4
========================================================================
Received Prepare
Begin MonoManager ReloadAssembly
- Loaded All Assemblies, in  0.448 seconds
Refreshing native plugins compatible for Editor in 3.07 ms, found 2 plugins.
Native extension for WindowsStandalone target not found
[Package Manager] Server::EnsureServerProcessIsRunning -- launch failed, reason: Unity was launched with the -noUpm command-line argument
[Package Manager] UpmClient::Send -- Unable to send message (not connected to UPM process).
[Package Manager] Cannot connect to Unity Package Manager local server
Mono: successfully reloaded assembly
- Finished resetting the current domain, in  1.135 seconds
Domain Reload Profiling: 1580ms
	BeginReloadAssembly (163ms)
		ExecutionOrderSort (0ms)
		DisableScriptedObjects (12ms)
		BackupInstance (0ms)
		ReleaseScriptingObjects (0ms)
		CreateAndSetChildDomain (45ms)
	RebuildCommonClasses (28ms)
	RebuildNativeTypeToScriptingClass (9ms)
	initialDomainReloadingComplete (25ms)
	LoadAllAssembliesAndSetupDomain (219ms)
		LoadAssemblies (269ms)
		RebuildTransferFunctionScriptingTraits (0ms)
		AnalyzeDomain (18ms)
			TypeCache.Refresh (6ms)
				TypeCache.ScanAssembly (0ms)
			ScanForSourceGeneratedMonoScriptInfo (0ms)
			ResolveRequiredComponents (10ms)
	FinalizeReload (1136ms)
		ReleaseScriptCaches (0ms)
		RebuildScriptCaches (0ms)
		SetupLoadedEditorAssemblies (547ms)
			LogAssemblyErrors (0ms)
			InitializePlatformSupportModulesInManaged (6ms)
			SetLoadedEditorAssemblies (6ms)
			RefreshPlugins (0ms)
			BeforeProcessingInitializeOnLoad (115ms)
			ProcessInitializeOnLoadAttributes (351ms)
			ProcessInitializeOnLoadMethodAttributes (62ms)
			AfterProcessingInitializeOnLoad (7ms)
			EditorAssembliesLoaded (0ms)
		ExecutionOrderSort2 (0ms)
		AwakeInstancesAfterBackupRestoration (13ms)
OnLevelWasLoaded was found on LevelManager
This message has been deprecated and will be removed in a later version of Unity.
Add a delegate to SceneManager.sceneLoaded instead to get notifications after scene loading has completed
Refreshing native plugins compatible for Editor in 4.47 ms, found 2 plugins.
Preloading 0 native plugins for Editor in 0.00 ms.
Unloading 4140 Unused Serialized files (Serialized files now loaded: 0)
Unloading 52 unused Assets / (1.7 MB). Loaded Objects now: 4973.
Memory consumption went from 333.3 MB to 331.6 MB.
Total: 5.926600 ms (FindLiveObjects: 0.465700 ms CreateObjectMapping: 0.375800 ms MarkObjects: 4.433400 ms  DeleteObjects: 0.650200 ms)

Prepare: number of updated asset objects reloaded= 0
AssetImportParameters requested are different than current active one (requested -> active):
  custom:container-demuxer-ogg: 62fdf1f143b41e24485cea50d1cbac27 -> 
  custom:video-decoder-ogg-theora: a1e56fd34408186e4bbccfd4996cb3dc -> 
  custom:framework-win-MediaFoundation: 216162199b28c13a410421893ffa2e32 -> 
  custom:CustomObjectIndexerAttribute: d54d2f2da18e7612c182cf67624b6b12 -> 
  custom:container-demuxer-webm: 4f35f7cbe854078d1ac9338744f61a02 -> 
  custom:container-muxer-webm: aa71ff27fc2769a1b78a27578f13a17b -> 
  custom:video-decoder-webm-vp8: 9c59270c3fd7afecdb556c50c9e8de78 -> 
  custom:SearchIndexIgnoredProperties: e643bd26f0fe6173181afceb89e7c659 -> 
  custom:AudioImporter_EditorPlatform: d09bf68614088b80899f8185d706f6e7 -> 
  custom:video-encoder-webm-vp8: eb34c28f22e8b96e1ab97ce403110664 -> 
  custom:audio-decoder-ogg-vorbis: bf7c407c2cedff20999df2af8eb42d56 -> 
  custom:audio-encoder-webm-vorbis: bf7c407c2cedff20999df2af8eb42d56 -> 
========================================================================
Received Prepare
Begin MonoManager ReloadAssembly
- Loaded All Assemblies, in  0.455 seconds
Refreshing native plugins compatible for Editor in 3.76 ms, found 2 plugins.
Native extension for WindowsStandalone target not found
[Package Manager] Server::EnsureServerProcessIsRunning -- launch failed, reason: Unity was launched with the -noUpm command-line argument
[Package Manager] UpmClient::Send -- Unable to send message (not connected to UPM process).
[Package Manager] Cannot connect to Unity Package Manager local server
Mono: successfully reloaded assembly
- Finished resetting the current domain, in  1.148 seconds
Domain Reload Profiling: 1600ms
	BeginReloadAssembly (147ms)
		ExecutionOrderSort (0ms)
		DisableScriptedObjects (5ms)
		BackupInstance (0ms)
		ReleaseScriptingObjects (0ms)
		CreateAndSetChildDomain (36ms)
	RebuildCommonClasses (29ms)
	RebuildNativeTypeToScriptingClass (9ms)
	initialDomainReloadingComplete (26ms)
	LoadAllAssembliesAndSetupDomain (240ms)
		LoadAssemblies (275ms)
		RebuildTransferFunctionScriptingTraits (0ms)
		AnalyzeDomain (38ms)
			TypeCache.Refresh (9ms)
				TypeCache.ScanAssembly (1ms)
			ScanForSourceGeneratedMonoScriptInfo (18ms)
			ResolveRequiredComponents (9ms)
	FinalizeReload (1149ms)
		ReleaseScriptCaches (0ms)
		RebuildScriptCaches (0ms)
		SetupLoadedEditorAssemblies (568ms)
			LogAssemblyErrors (0ms)
			InitializePlatformSupportModulesInManaged (8ms)
			SetLoadedEditorAssemblies (6ms)
			RefreshPlugins (0ms)
			BeforeProcessingInitializeOnLoad (119ms)
			ProcessInitializeOnLoadAttributes (372ms)
			ProcessInitializeOnLoadMethodAttributes (59ms)
			AfterProcessingInitializeOnLoad (6ms)
			EditorAssembliesLoaded (0ms)
		ExecutionOrderSort2 (0ms)
		AwakeInstancesAfterBackupRestoration (12ms)
OnLevelWasLoaded was found on LevelManager
This message has been deprecated and will be removed in a later version of Unity.
Add a delegate to SceneManager.sceneLoaded instead to get notifications after scene loading has completed
Refreshing native plugins compatible for Editor in 4.78 ms, found 2 plugins.
Preloading 0 native plugins for Editor in 0.00 ms.
Unloading 4140 Unused Serialized files (Serialized files now loaded: 0)
Unloading 52 unused Assets / (1.7 MB). Loaded Objects now: 4989.
Memory consumption went from 335.2 MB to 333.5 MB.
Total: 21.981300 ms (FindLiveObjects: 0.434900 ms CreateObjectMapping: 0.262900 ms MarkObjects: 20.590000 ms  DeleteObjects: 0.691600 ms)

Prepare: number of updated asset objects reloaded= 0
AssetImportParameters requested are different than current active one (requested -> active):
  custom:container-demuxer-ogg: 62fdf1f143b41e24485cea50d1cbac27 -> 
  custom:video-decoder-ogg-theora: a1e56fd34408186e4bbccfd4996cb3dc -> 
  custom:framework-win-MediaFoundation: 216162199b28c13a410421893ffa2e32 -> 
  custom:CustomObjectIndexerAttribute: d54d2f2da18e7612c182cf67624b6b12 -> 
  custom:container-demuxer-webm: 4f35f7cbe854078d1ac9338744f61a02 -> 
  custom:container-muxer-webm: aa71ff27fc2769a1b78a27578f13a17b -> 
  custom:video-decoder-webm-vp8: 9c59270c3fd7afecdb556c50c9e8de78 -> 
  custom:SearchIndexIgnoredProperties: e643bd26f0fe6173181afceb89e7c659 -> 
  custom:AudioImporter_EditorPlatform: d09bf68614088b80899f8185d706f6e7 -> 
  custom:video-encoder-webm-vp8: eb34c28f22e8b96e1ab97ce403110664 -> 
  custom:audio-decoder-ogg-vorbis: bf7c407c2cedff20999df2af8eb42d56 -> 
  custom:audio-encoder-webm-vorbis: bf7c407c2cedff20999df2af8eb42d56 -> 
========================================================================
Received Prepare
Begin MonoManager ReloadAssembly
- Loaded All Assemblies, in  0.428 seconds
Refreshing native plugins compatible for Editor in 3.52 ms, found 2 plugins.
Native extension for WindowsStandalone target not found
[Package Manager] Server::EnsureServerProcessIsRunning -- launch failed, reason: Unity was launched with the -noUpm command-line argument
[Package Manager] UpmClient::Send -- Unable to send message (not connected to UPM process).
[Package Manager] Cannot connect to Unity Package Manager local server
Mono: successfully reloaded assembly
- Finished resetting the current domain, in  1.182 seconds
Domain Reload Profiling: 1606ms
	BeginReloadAssembly (145ms)
		ExecutionOrderSort (0ms)
		DisableScriptedObjects (6ms)
		BackupInstance (0ms)
		ReleaseScriptingObjects (0ms)
		CreateAndSetChildDomain (36ms)
	RebuildCommonClasses (28ms)
	RebuildNativeTypeToScriptingClass (9ms)
	initialDomainReloadingComplete (25ms)
	LoadAllAssembliesAndSetupDomain (218ms)
		LoadAssemblies (269ms)
		RebuildTransferFunctionScriptingTraits (0ms)
		AnalyzeDomain (17ms)
			TypeCache.Refresh (6ms)
				TypeCache.ScanAssembly (0ms)
			ScanForSourceGeneratedMonoScriptInfo (0ms)
			ResolveRequiredComponents (9ms)
	FinalizeReload (1182ms)
		ReleaseScriptCaches (0ms)
		RebuildScriptCaches (0ms)
		SetupLoadedEditorAssemblies (576ms)
			LogAssemblyErrors (0ms)
			InitializePlatformSupportModulesInManaged (6ms)
			SetLoadedEditorAssemblies (6ms)
			RefreshPlugins (0ms)
			BeforeProcessingInitializeOnLoad (110ms)
			ProcessInitializeOnLoadAttributes (383ms)
			ProcessInitializeOnLoadMethodAttributes (65ms)
			AfterProcessingInitializeOnLoad (7ms)
			EditorAssembliesLoaded (0ms)
		ExecutionOrderSort2 (0ms)
		AwakeInstancesAfterBackupRestoration (13ms)
OnLevelWasLoaded was found on LevelManager
This message has been deprecated and will be removed in a later version of Unity.
Add a delegate to SceneManager.sceneLoaded instead to get notifications after scene loading has completed
Refreshing native plugins compatible for Editor in 4.46 ms, found 2 plugins.
Preloading 0 native plugins for Editor in 0.00 ms.
Unloading 4140 Unused Serialized files (Serialized files now loaded: 0)
Unloading 52 unused Assets / (1.7 MB). Loaded Objects now: 5005.
Memory consumption went from 337.1 MB to 335.4 MB.
Total: 6.587900 ms (FindLiveObjects: 0.516800 ms CreateObjectMapping: 0.382000 ms MarkObjects: 4.961300 ms  DeleteObjects: 0.726600 ms)

Prepare: number of updated asset objects reloaded= 0
AssetImportParameters requested are different than current active one (requested -> active):
  custom:container-demuxer-ogg: 62fdf1f143b41e24485cea50d1cbac27 -> 
  custom:video-decoder-ogg-theora: a1e56fd34408186e4bbccfd4996cb3dc -> 
  custom:framework-win-MediaFoundation: 216162199b28c13a410421893ffa2e32 -> 
  custom:CustomObjectIndexerAttribute: d54d2f2da18e7612c182cf67624b6b12 -> 
  custom:container-demuxer-webm: 4f35f7cbe854078d1ac9338744f61a02 -> 
  custom:container-muxer-webm: aa71ff27fc2769a1b78a27578f13a17b -> 
  custom:video-decoder-webm-vp8: 9c59270c3fd7afecdb556c50c9e8de78 -> 
  custom:SearchIndexIgnoredProperties: e643bd26f0fe6173181afceb89e7c659 -> 
  custom:AudioImporter_EditorPlatform: d09bf68614088b80899f8185d706f6e7 -> 
  custom:video-encoder-webm-vp8: eb34c28f22e8b96e1ab97ce403110664 -> 
  custom:audio-decoder-ogg-vorbis: bf7c407c2cedff20999df2af8eb42d56 -> 
  custom:audio-encoder-webm-vorbis: bf7c407c2cedff20999df2af8eb42d56 -> 
========================================================================
Received Prepare
Begin MonoManager ReloadAssembly
- Loaded All Assemblies, in  0.653 seconds
Refreshing native plugins compatible for Editor in 4.64 ms, found 2 plugins.
Native extension for WindowsStandalone target not found
[Package Manager] Server::EnsureServerProcessIsRunning -- launch failed, reason: Unity was launched with the -noUpm command-line argument
[Package Manager] UpmClient::Send -- Unable to send message (not connected to UPM process).
[Package Manager] Cannot connect to Unity Package Manager local server
Mono: successfully reloaded assembly
- Finished resetting the current domain, in  1.466 seconds
Domain Reload Profiling: 2115ms
	BeginReloadAssembly (184ms)
		ExecutionOrderSort (0ms)
		DisableScriptedObjects (7ms)
		BackupInstance (0ms)
		ReleaseScriptingObjects (0ms)
		CreateAndSetChildDomain (36ms)
	RebuildCommonClasses (53ms)
	RebuildNativeTypeToScriptingClass (13ms)
	initialDomainReloadingComplete (36ms)
	LoadAllAssembliesAndSetupDomain (361ms)
		LoadAssemblies (400ms)
		RebuildTransferFunctionScriptingTraits (0ms)
		AnalyzeDomain (61ms)
			TypeCache.Refresh (14ms)
				TypeCache.ScanAssembly (2ms)
			ScanForSourceGeneratedMonoScriptInfo (33ms)
			ResolveRequiredComponents (14ms)
	FinalizeReload (1467ms)
		ReleaseScriptCaches (0ms)
		RebuildScriptCaches (0ms)
		SetupLoadedEditorAssemblies (644ms)
			LogAssemblyErrors (0ms)
			InitializePlatformSupportModulesInManaged (8ms)
			SetLoadedEditorAssemblies (7ms)
			RefreshPlugins (0ms)
			BeforeProcessingInitializeOnLoad (144ms)
			ProcessInitializeOnLoadAttributes (414ms)
			ProcessInitializeOnLoadMethodAttributes (63ms)
			AfterProcessingInitializeOnLoad (6ms)
			EditorAssembliesLoaded (0ms)
		ExecutionOrderSort2 (0ms)
		AwakeInstancesAfterBackupRestoration (14ms)
OnLevelWasLoaded was found on LevelManager
This message has been deprecated and will be removed in a later version of Unity.
Add a delegate to SceneManager.sceneLoaded instead to get notifications after scene loading has completed
Refreshing native plugins compatible for Editor in 4.33 ms, found 2 plugins.
Preloading 0 native plugins for Editor in 0.00 ms.
Unloading 4140 Unused Serialized files (Serialized files now loaded: 0)
Unloading 52 unused Assets / (1.7 MB). Loaded Objects now: 5021.
Memory consumption went from 339.0 MB to 337.4 MB.
Total: 6.956200 ms (FindLiveObjects: 0.484200 ms CreateObjectMapping: 0.381500 ms MarkObjects: 5.286800 ms  DeleteObjects: 0.802200 ms)

Prepare: number of updated asset objects reloaded= 0
AssetImportParameters requested are different than current active one (requested -> active):
  custom:container-demuxer-ogg: 62fdf1f143b41e24485cea50d1cbac27 -> 
  custom:video-decoder-ogg-theora: a1e56fd34408186e4bbccfd4996cb3dc -> 
  custom:framework-win-MediaFoundation: 216162199b28c13a410421893ffa2e32 -> 
  custom:CustomObjectIndexerAttribute: d54d2f2da18e7612c182cf67624b6b12 -> 
  custom:container-demuxer-webm: 4f35f7cbe854078d1ac9338744f61a02 -> 
  custom:container-muxer-webm: aa71ff27fc2769a1b78a27578f13a17b -> 
  custom:video-decoder-webm-vp8: 9c59270c3fd7afecdb556c50c9e8de78 -> 
  custom:SearchIndexIgnoredProperties: e643bd26f0fe6173181afceb89e7c659 -> 
  custom:AudioImporter_EditorPlatform: d09bf68614088b80899f8185d706f6e7 -> 
  custom:video-encoder-webm-vp8: eb34c28f22e8b96e1ab97ce403110664 -> 
  custom:audio-decoder-ogg-vorbis: bf7c407c2cedff20999df2af8eb42d56 -> 
  custom:audio-encoder-webm-vorbis: bf7c407c2cedff20999df2af8eb42d56 -> 
========================================================================
Received Prepare
Begin MonoManager ReloadAssembly
- Loaded All Assemblies, in  0.429 seconds
Refreshing native plugins compatible for Editor in 2.74 ms, found 2 plugins.
Native extension for WindowsStandalone target not found
[Package Manager] Server::EnsureServerProcessIsRunning -- launch failed, reason: Unity was launched with the -noUpm command-line argument
[Package Manager] UpmClient::Send -- Unable to send message (not connected to UPM process).
[Package Manager] Cannot connect to Unity Package Manager local server
Mono: successfully reloaded assembly
- Finished resetting the current domain, in  1.145 seconds
Domain Reload Profiling: 1571ms
	BeginReloadAssembly (140ms)
		ExecutionOrderSort (0ms)
		DisableScriptedObjects (6ms)
		BackupInstance (0ms)
		ReleaseScriptingObjects (0ms)
		CreateAndSetChildDomain (32ms)
	RebuildCommonClasses (27ms)
	RebuildNativeTypeToScriptingClass (9ms)
	initialDomainReloadingComplete (26ms)
	LoadAllAssembliesAndSetupDomain (225ms)
		LoadAssemblies (275ms)
		RebuildTransferFunctionScriptingTraits (0ms)
		AnalyzeDomain (17ms)
			TypeCache.Refresh (6ms)
				TypeCache.ScanAssembly (0ms)
			ScanForSourceGeneratedMonoScriptInfo (0ms)
			ResolveRequiredComponents (10ms)
	FinalizeReload (1145ms)
		ReleaseScriptCaches (0ms)
		RebuildScriptCaches (0ms)
		SetupLoadedEditorAssemblies (550ms)
			LogAssemblyErrors (0ms)
			InitializePlatformSupportModulesInManaged (6ms)
			SetLoadedEditorAssemblies (5ms)
			RefreshPlugins (0ms)
			BeforeProcessingInitializeOnLoad (112ms)
			ProcessInitializeOnLoadAttributes (357ms)
			ProcessInitializeOnLoadMethodAttributes (63ms)
			AfterProcessingInitializeOnLoad (7ms)
			EditorAssembliesLoaded (0ms)
		ExecutionOrderSort2 (0ms)
		AwakeInstancesAfterBackupRestoration (13ms)
OnLevelWasLoaded was found on LevelManager
This message has been deprecated and will be removed in a later version of Unity.
Add a delegate to SceneManager.sceneLoaded instead to get notifications after scene loading has completed
Refreshing native plugins compatible for Editor in 4.74 ms, found 2 plugins.
Preloading 0 native plugins for Editor in 0.00 ms.
Unloading 4140 Unused Serialized files (Serialized files now loaded: 0)
Unloading 52 unused Assets / (1.7 MB). Loaded Objects now: 5037.
Memory consumption went from 341.0 MB to 339.3 MB.
Total: 6.238000 ms (FindLiveObjects: 0.596700 ms CreateObjectMapping: 0.356200 ms MarkObjects: 4.576700 ms  DeleteObjects: 0.706800 ms)

Prepare: number of updated asset objects reloaded= 0
AssetImportParameters requested are different than current active one (requested -> active):
  custom:container-demuxer-ogg: 62fdf1f143b41e24485cea50d1cbac27 -> 
  custom:video-decoder-ogg-theora: a1e56fd34408186e4bbccfd4996cb3dc -> 
  custom:framework-win-MediaFoundation: 216162199b28c13a410421893ffa2e32 -> 
  custom:CustomObjectIndexerAttribute: d54d2f2da18e7612c182cf67624b6b12 -> 
  custom:container-demuxer-webm: 4f35f7cbe854078d1ac9338744f61a02 -> 
  custom:container-muxer-webm: aa71ff27fc2769a1b78a27578f13a17b -> 
  custom:video-decoder-webm-vp8: 9c59270c3fd7afecdb556c50c9e8de78 -> 
  custom:SearchIndexIgnoredProperties: e643bd26f0fe6173181afceb89e7c659 -> 
  custom:AudioImporter_EditorPlatform: d09bf68614088b80899f8185d706f6e7 -> 
  custom:video-encoder-webm-vp8: eb34c28f22e8b96e1ab97ce403110664 -> 
  custom:audio-decoder-ogg-vorbis: bf7c407c2cedff20999df2af8eb42d56 -> 
  custom:audio-encoder-webm-vorbis: bf7c407c2cedff20999df2af8eb42d56 -> 
========================================================================
Received Prepare
Begin MonoManager ReloadAssembly
- Loaded All Assemblies, in  0.449 seconds
Refreshing native plugins compatible for Editor in 2.80 ms, found 2 plugins.
Native extension for WindowsStandalone target not found
[Package Manager] Server::EnsureServerProcessIsRunning -- launch failed, reason: Unity was launched with the -noUpm command-line argument
[Package Manager] UpmClient::Send -- Unable to send message (not connected to UPM process).
[Package Manager] Cannot connect to Unity Package Manager local server
Mono: successfully reloaded assembly
- Finished resetting the current domain, in  1.169 seconds
Domain Reload Profiling: 1614ms
	BeginReloadAssembly (155ms)
		ExecutionOrderSort (0ms)
		DisableScriptedObjects (5ms)
		BackupInstance (0ms)
		ReleaseScriptingObjects (0ms)
		CreateAndSetChildDomain (40ms)
	RebuildCommonClasses (29ms)
	RebuildNativeTypeToScriptingClass (10ms)
	initialDomainReloadingComplete (25ms)
	LoadAllAssembliesAndSetupDomain (226ms)
		LoadAssemblies (282ms)
		RebuildTransferFunctionScriptingTraits (0ms)
		AnalyzeDomain (17ms)
			TypeCache.Refresh (6ms)
				TypeCache.ScanAssembly (0ms)
			ScanForSourceGeneratedMonoScriptInfo (0ms)
			ResolveRequiredComponents (9ms)
	FinalizeReload (1169ms)
		ReleaseScriptCaches (0ms)
		RebuildScriptCaches (0ms)
		SetupLoadedEditorAssemblies (572ms)
			LogAssemblyErrors (0ms)
			InitializePlatformSupportModulesInManaged (8ms)
			SetLoadedEditorAssemblies (5ms)
			RefreshPlugins (0ms)
			BeforeProcessingInitializeOnLoad (119ms)
			ProcessInitializeOnLoadAttributes (370ms)
			ProcessInitializeOnLoadMethodAttributes (63ms)
			AfterProcessingInitializeOnLoad (7ms)
			EditorAssembliesLoaded (0ms)
		ExecutionOrderSort2 (0ms)
		AwakeInstancesAfterBackupRestoration (14ms)
OnLevelWasLoaded was found on LevelManager
This message has been deprecated and will be removed in a later version of Unity.
Add a delegate to SceneManager.sceneLoaded instead to get notifications after scene loading has completed
Refreshing native plugins compatible for Editor in 4.78 ms, found 2 plugins.
Preloading 0 native plugins for Editor in 0.00 ms.
Unloading 4140 Unused Serialized files (Serialized files now loaded: 0)
Unloading 52 unused Assets / (1.7 MB). Loaded Objects now: 5053.
Memory consumption went from 342.9 MB to 341.2 MB.
Total: 5.819700 ms (FindLiveObjects: 0.516000 ms CreateObjectMapping: 0.393800 ms MarkObjects: 4.204100 ms  DeleteObjects: 0.704400 ms)

Prepare: number of updated asset objects reloaded= 0
AssetImportParameters requested are different than current active one (requested -> active):
  custom:container-demuxer-ogg: 62fdf1f143b41e24485cea50d1cbac27 -> 
  custom:video-decoder-ogg-theora: a1e56fd34408186e4bbccfd4996cb3dc -> 
  custom:framework-win-MediaFoundation: 216162199b28c13a410421893ffa2e32 -> 
  custom:CustomObjectIndexerAttribute: d54d2f2da18e7612c182cf67624b6b12 -> 
  custom:container-demuxer-webm: 4f35f7cbe854078d1ac9338744f61a02 -> 
  custom:container-muxer-webm: aa71ff27fc2769a1b78a27578f13a17b -> 
  custom:video-decoder-webm-vp8: 9c59270c3fd7afecdb556c50c9e8de78 -> 
  custom:SearchIndexIgnoredProperties: e643bd26f0fe6173181afceb89e7c659 -> 
  custom:AudioImporter_EditorPlatform: d09bf68614088b80899f8185d706f6e7 -> 
  custom:video-encoder-webm-vp8: eb34c28f22e8b96e1ab97ce403110664 -> 
  custom:audio-decoder-ogg-vorbis: bf7c407c2cedff20999df2af8eb42d56 -> 
  custom:audio-encoder-webm-vorbis: bf7c407c2cedff20999df2af8eb42d56 -> 
========================================================================
Received Import Request.
  Time since last request: 597.365656 seconds.
  path: Assets/Imported Assets/low poly pack/Fbx low poly/Materials/Color_H03.mat
  artifactKey: Guid(c5d97b468baaa2e4bb9d02cf425beba8) Importer(815301076,1909f56bfc062723c751e8b465ee728b)
Start importing Assets/Imported Assets/low poly pack/Fbx low poly/Materials/Color_H03.mat using Guid(c5d97b468baaa2e4bb9d02cf425beba8) Importer(815301076,1909f56bfc062723c751e8b465ee728b)  -> (artifact id: '94050db0778313a898cc5352ba741646') in 0.266543 seconds
Number of updated asset objects reloaded before import = 0
Number of asset objects unloaded after import = 21
========================================================================
Received Import Request.
  Time since last request: 0.000023 seconds.
  path: Assets/Imported Assets/low poly pack/Materials/Color_M02.mat
  artifactKey: Guid(44c294194484c784182715432684c4bd) Importer(815301076,1909f56bfc062723c751e8b465ee728b)
Start importing Assets/Imported Assets/low poly pack/Materials/Color_M02.mat using Guid(44c294194484c784182715432684c4bd) Importer(815301076,1909f56bfc062723c751e8b465ee728b)  -> (artifact id: 'a4ea0e1ab553552b9dc2f1c62f303970') in 0.011551 seconds
Number of updated asset objects reloaded before import = 0
Number of asset objects unloaded after import = 2
========================================================================
Received Import Request.
  Time since last request: 0.000033 seconds.
  path: Assets/Imported Assets/low poly pack/Fbx low poly/Materials/Color_J03.mat
  artifactKey: Guid(76bcb407d4680ba44b2a69305c4d1d80) Importer(815301076,1909f56bfc062723c751e8b465ee728b)
Start importing Assets/Imported Assets/low poly pack/Fbx low poly/Materials/Color_J03.mat using Guid(76bcb407d4680ba44b2a69305c4d1d80) Importer(815301076,1909f56bfc062723c751e8b465ee728b)  -> (artifact id: 'c775a36e6431d02baaddf03546be0ab2') in 0.009947 seconds
Number of updated asset objects reloaded before import = 0
Number of asset objects unloaded after import = 2
========================================================================
Received Import Request.
  Time since last request: 0.000027 seconds.
  path: Assets/Imported Assets/low poly pack/Fbx low poly/Materials/Color_M00.mat
  artifactKey: Guid(78a3792634b300741b7d0cf4579f4b95) Importer(815301076,1909f56bfc062723c751e8b465ee728b)
Start importing Assets/Imported Assets/low poly pack/Fbx low poly/Materials/Color_M00.mat using Guid(78a3792634b300741b7d0cf4579f4b95) Importer(815301076,1909f56bfc062723c751e8b465ee728b)  -> (artifact id: 'ce51702f392fd9599423c5ac39be6cf9') in 0.021794 seconds
Number of updated asset objects reloaded before import = 0
Number of asset objects unloaded after import = 2
========================================================================
Received Import Request.
  Time since last request: 0.033937 seconds.
  path: Assets/Imported Assets/AllSkyFree/Deep Dusk/Deep Dusk.mat
  artifactKey: Guid(b4f152e0498484391a9f0d5a1facf03b) Importer(815301076,1909f56bfc062723c751e8b465ee728b)
Start importing Assets/Imported Assets/AllSkyFree/Deep Dusk/Deep Dusk.mat using Guid(b4f152e0498484391a9f0d5a1facf03b) Importer(815301076,1909f56bfc062723c751e8b465ee728b)  -> (artifact id: '2f7aedbe051720c51784af9e6e7e5e1e') in 0.056248 seconds
Number of updated asset objects reloaded before import = 0
Number of asset objects unloaded after import = 8
========================================================================
Received Import Request.
  Time since last request: 0.000024 seconds.
  path: Assets/Imported Assets/AllSkyFree/Epic_BlueSunset/Epic_BlueSunset Equirect.mat
  artifactKey: Guid(cdbb40e11399e4a17882ada20a1b896a) Importer(815301076,1909f56bfc062723c751e8b465ee728b)
Start importing Assets/Imported Assets/AllSkyFree/Epic_BlueSunset/Epic_BlueSunset Equirect.mat using Guid(cdbb40e11399e4a17882ada20a1b896a) Importer(815301076,1909f56bfc062723c751e8b465ee728b)  -> (artifact id: '34a8bc050470cb05ec7dd178c2abab99') in 0.045279 seconds
Number of updated asset objects reloaded before import = 0
Number of asset objects unloaded after import = 3
========================================================================
Received Import Request.
  Time since last request: 0.000036 seconds.
  path: Assets/Imported Assets/AllSkyFree/Deep Dusk/Deep Dusk Equirect.mat
  artifactKey: Guid(c82a334cf5a5e47978749c210cee72a7) Importer(815301076,1909f56bfc062723c751e8b465ee728b)
Start importing Assets/Imported Assets/AllSkyFree/Deep Dusk/Deep Dusk Equirect.mat using Guid(c82a334cf5a5e47978749c210cee72a7) Importer(815301076,1909f56bfc062723c751e8b465ee728b)  -> (artifact id: '0faac3fa3bb87ff44c903d76f88a3c28') in 0.045009 seconds
Number of updated asset objects reloaded before import = 0
Number of asset objects unloaded after import = 3
========================================================================
Received Import Request.
  Time since last request: 0.000034 seconds.
  path: Assets/Imported Assets/AllSkyFree/Epic_GloriousPink/Epic_GloriousPink Equirect.mat
  artifactKey: Guid(fe4e130f9947345a2b213cb5038851a2) Importer(815301076,1909f56bfc062723c751e8b465ee728b)
Start importing Assets/Imported Assets/AllSkyFree/Epic_GloriousPink/Epic_GloriousPink Equirect.mat using Guid(fe4e130f9947345a2b213cb5038851a2) Importer(815301076,1909f56bfc062723c751e8b465ee728b)  -> (artifact id: '9d3a7734b90fd5c50f20fef4d9ed1b11') in 0.044817 seconds
Number of updated asset objects reloaded before import = 0
Number of asset objects unloaded after import = 3
========================================================================
Received Import Request.
  Time since last request: 0.000034 seconds.
  path: Assets/Resources/Materials/Extra/Floor1.mat
  artifactKey: Guid(c3247ab9736f3584ebf60f4466299751) Importer(815301076,1909f56bfc062723c751e8b465ee728b)
Start importing Assets/Resources/Materials/Extra/Floor1.mat using Guid(c3247ab9736f3584ebf60f4466299751) Importer(815301076,1909f56bfc062723c751e8b465ee728b)  -> (artifact id: 'a0f376c39d14be62f7ec139737e1a4ab') in 0.025687 seconds
Number of updated asset objects reloaded before import = 0
Number of asset objects unloaded after import = 2
========================================================================
Received Import Request.
  Time since last request: 0.000028 seconds.
  path: Assets/Resources/Materials/DungeonWalls.mat
  artifactKey: Guid(2c8c581612af88e439d8c1d314bec890) Importer(815301076,1909f56bfc062723c751e8b465ee728b)
Start importing Assets/Resources/Materials/DungeonWalls.mat using Guid(2c8c581612af88e439d8c1d314bec890) Importer(815301076,1909f56bfc062723c751e8b465ee728b)  -> (artifact id: '9891c38e3a6fe6e5d4d9027482fa4cd9') in 0.031188 seconds
Number of updated asset objects reloaded before import = 0
Number of asset objects unloaded after import = 4
========================================================================
Received Import Request.
  Time since last request: 0.000033 seconds.
  path: Assets/Imported Assets/AllSkyFree/Epic_BlueSunset/Epic_BlueSunset.mat
  artifactKey: Guid(7416536dbe0334cfd888dd1beb75a9fb) Importer(815301076,1909f56bfc062723c751e8b465ee728b)
Start importing Assets/Imported Assets/AllSkyFree/Epic_BlueSunset/Epic_BlueSunset.mat using Guid(7416536dbe0334cfd888dd1beb75a9fb) Importer(815301076,1909f56bfc062723c751e8b465ee728b)  -> (artifact id: '72f65976d6d061b4a2d8f03c16f1ff81') in 0.183572 seconds
Number of updated asset objects reloaded before import = 0
Number of asset objects unloaded after import = 8
========================================================================
Received Import Request.
  Time since last request: 0.000021 seconds.
  path: Assets/Imported Assets/TextMesh Pro/Examples & Extras/Materials/Ground - Surface Shader Scene.mat
  artifactKey: Guid(aadd5a709a48466c887296bb5b1b8110) Importer(815301076,1909f56bfc062723c751e8b465ee728b)
Start importing Assets/Imported Assets/TextMesh Pro/Examples & Extras/Materials/Ground - Surface Shader Scene.mat using Guid(aadd5a709a48466c887296bb5b1b8110) Importer(815301076,1909f56bfc062723c751e8b465ee728b)  -> (artifact id: '7f29c265f67b10d2fdc35ee8d3b19838') in 0.009897 seconds
Number of updated asset objects reloaded before import = 0
Number of asset objects unloaded after import = 3
========================================================================
Received Import Request.
  Time since last request: 0.000032 seconds.
  path: Assets/Imported Assets/TextMesh Pro/Examples & Extras/Materials/Ground - Logo Scene.mat
  artifactKey: Guid(c719e38f25a9480abd2480ab621a2949) Importer(815301076,1909f56bfc062723c751e8b465ee728b)
Start importing Assets/Imported Assets/TextMesh Pro/Examples & Extras/Materials/Ground - Logo Scene.mat using Guid(c719e38f25a9480abd2480ab621a2949) Importer(815301076,1909f56bfc062723c751e8b465ee728b)  -> (artifact id: 'b150d49a27762c05867d9ff61c1166a8') in 0.014929 seconds
Number of updated asset objects reloaded before import = 0
Number of asset objects unloaded after import = 3
========================================================================
Received Import Request.
  Time since last request: 0.000029 seconds.
  path: Assets/Imported Assets/low poly pack/Particle/Flaer/Materials/FrontColor.mat
  artifactKey: Guid(be20455be9f84d845b75925a9d91ae4b) Importer(815301076,1909f56bfc062723c751e8b465ee728b)
Start importing Assets/Imported Assets/low poly pack/Particle/Flaer/Materials/FrontColor.mat using Guid(be20455be9f84d845b75925a9d91ae4b) Importer(815301076,1909f56bfc062723c751e8b465ee728b)  -> (artifact id: '15fe1392b2071fb556a377dd5e7374af') in 0.008858 seconds
Number of updated asset objects reloaded before import = 0
Number of asset objects unloaded after import = 2
========================================================================
Received Import Request.
  Time since last request: 0.000029 seconds.
  path: Assets/Resources/Materials/Floor.mat
  artifactKey: Guid(efb739e94648ca34fabaecf5911aac99) Importer(815301076,1909f56bfc062723c751e8b465ee728b)
Start importing Assets/Resources/Materials/Floor.mat using Guid(efb739e94648ca34fabaecf5911aac99) Importer(815301076,1909f56bfc062723c751e8b465ee728b)  -> (artifact id: '8c3f1c9a37154a38de842cca75606cdd') in 0.020563 seconds
Number of updated asset objects reloaded before import = 0
Number of asset objects unloaded after import = 2
========================================================================
Received Import Request.
  Time since last request: 0.000023 seconds.
  path: Assets/Resources/Prefabs/Fog/Fog.mat
  artifactKey: Guid(2eb5f009bcff62d48bcd07f4c3ffe97a) Importer(815301076,1909f56bfc062723c751e8b465ee728b)
Start importing Assets/Resources/Prefabs/Fog/Fog.mat using Guid(2eb5f009bcff62d48bcd07f4c3ffe97a) Importer(815301076,1909f56bfc062723c751e8b465ee728b)  -> (artifact id: 'ed47d6985f860d0ba60e9e2480d7230e') in 0.028879 seconds
Number of updated asset objects reloaded before import = 0
Number of asset objects unloaded after import = 3
========================================================================
Received Import Request.
  Time since last request: 0.000020 seconds.
  path: Assets/Imported Assets/A_piece_of_nature/Materials/Gradient.mat
  artifactKey: Guid(a8e15df482483254ab055e6d2b49c24e) Importer(815301076,1909f56bfc062723c751e8b465ee728b)
Start importing Assets/Imported Assets/A_piece_of_nature/Materials/Gradient.mat using Guid(a8e15df482483254ab055e6d2b49c24e) Importer(815301076,1909f56bfc062723c751e8b465ee728b)  -> (artifact id: 'b138f42dc52462488a18d0986d6b35a0') in 0.012914 seconds
Number of updated asset objects reloaded before import = 0
Number of asset objects unloaded after import = 3
========================================================================
Received Import Request.
  Time since last request: 3.179617 seconds.
  path: Assets/Imported Assets/AllSkyFree/_AllSkyFreeDemoEnvironment/Materials/Landscape.mat
  artifactKey: Guid(1045d2cff7dde4d3ab5feb4f0dbc7f8f) Importer(815301076,1909f56bfc062723c751e8b465ee728b)
Start importing Assets/Imported Assets/AllSkyFree/_AllSkyFreeDemoEnvironment/Materials/Landscape.mat using Guid(1045d2cff7dde4d3ab5feb4f0dbc7f8f) Importer(815301076,1909f56bfc062723c751e8b465ee728b)  -> (artifact id: '30e405dec3069b0ddd77e481d0072291') in 0.009484 seconds
Number of updated asset objects reloaded before import = 0
Number of asset objects unloaded after import = 2
========================================================================
Received Import Request.
  Time since last request: 0.000021 seconds.
  path: Assets/Imported Assets/TextMesh Pro/Resources/Fonts & Materials/LiberationSans SDF - Outline.mat
  artifactKey: Guid(79459efec17a4d00a321bdcc27bbc385) Importer(815301076,1909f56bfc062723c751e8b465ee728b)
Start importing Assets/Imported Assets/TextMesh Pro/Resources/Fonts & Materials/LiberationSans SDF - Outline.mat using Guid(79459efec17a4d00a321bdcc27bbc385) Importer(815301076,1909f56bfc062723c751e8b465ee728b)  -> (artifact id: '41b5aba128324014ce80ced301f64714') in 0.021335 seconds
Number of updated asset objects reloaded before import = 0
Number of asset objects unloaded after import = 3
========================================================================
Received Import Request.
  Time since last request: 0.000023 seconds.
  path: Assets/Imported Assets/TextMesh Pro/Examples & Extras/Resources/Fonts & Materials/LiberationSans SDF - Metalic Green.mat
  artifactKey: Guid(8b29aaa3eec7468097ff07adfcf29ac9) Importer(815301076,1909f56bfc062723c751e8b465ee728b)
Start importing Assets/Imported Assets/TextMesh Pro/Examples & Extras/Resources/Fonts & Materials/LiberationSans SDF - Metalic Green.mat using Guid(8b29aaa3eec7468097ff07adfcf29ac9) Importer(815301076,1909f56bfc062723c751e8b465ee728b)  -> (artifact id: 'adb165b6ff4e818654a20967649d4b21') in 0.106588 seconds
Number of updated asset objects reloaded before import = 0
Number of asset objects unloaded after import = 5
========================================================================
Received Import Request.
  Time since last request: 3.597292 seconds.
  path: Assets/Imported Assets/EffectTexturesAndPrefabs/Materials/LightRing.mat
  artifactKey: Guid(0161c043b67ab5541a07dbabad9d69b4) Importer(815301076,1909f56bfc062723c751e8b465ee728b)
Start importing Assets/Imported Assets/EffectTexturesAndPrefabs/Materials/LightRing.mat using Guid(0161c043b67ab5541a07dbabad9d69b4) Importer(815301076,1909f56bfc062723c751e8b465ee728b)  -> (artifact id: '79c340ab06c60f4a93ce7cd2ffb528d3') in 0.012441 seconds
Number of updated asset objects reloaded before import = 0
Number of asset objects unloaded after import = 3
========================================================================
Received Import Request.
  Time since last request: 0.006303 seconds.
  path: Assets/Imported Assets/AurynSky/Gems Ultimate Pack/Materials/Material.mat
  artifactKey: Guid(a5ab27f24d140594197755b8c9ee7179) Importer(815301076,1909f56bfc062723c751e8b465ee728b)
Start importing Assets/Imported Assets/AurynSky/Gems Ultimate Pack/Materials/Material.mat using Guid(a5ab27f24d140594197755b8c9ee7179) Importer(815301076,1909f56bfc062723c751e8b465ee728b)  -> (artifact id: '5c43b7428484fe14f8a3b98c9c51f3d4') in 0.009108 seconds
Number of updated asset objects reloaded before import = 0
Number of asset objects unloaded after import = 2
========================================================================
Received Import Request.
  Time since last request: 0.000019 seconds.
  path: Assets/Resources/Models/Lucas/LucasMaterials/N00_000_00_EyeHighlight_00_EYE (Instance).mat
  artifactKey: Guid(2346d22e24d68e34a855876249de7793) Importer(815301076,1909f56bfc062723c751e8b465ee728b)
Start importing Assets/Resources/Models/Lucas/LucasMaterials/N00_000_00_EyeHighlight_00_EYE (Instance).mat using Guid(2346d22e24d68e34a855876249de7793) Importer(815301076,1909f56bfc062723c751e8b465ee728b)  -> (artifact id: '850e8cc04d443452d1fd29886994eb62') in 0.009048 seconds
Number of updated asset objects reloaded before import = 0
Number of asset objects unloaded after import = 3
========================================================================
Received Import Request.
  Time since last request: 0.000027 seconds.
  path: Assets/Resources/Models/Laika/LaikaMaterials/N00_000_00_Body_00_SKIN (Instance).mat
  artifactKey: Guid(5d3ab45b87681be478a12ed082828a08) Importer(815301076,1909f56bfc062723c751e8b465ee728b)
Start importing Assets/Resources/Models/Laika/LaikaMaterials/N00_000_00_Body_00_SKIN (Instance).mat using Guid(5d3ab45b87681be478a12ed082828a08) Importer(815301076,1909f56bfc062723c751e8b465ee728b)  -> (artifact id: '7cfcfe5ce69d06de92dc2c31ec798de7') in 0.009905 seconds
Number of updated asset objects reloaded before import = 0
Number of asset objects unloaded after import = 3
========================================================================
Received Import Request.
  Time since last request: 0.000022 seconds.
  path: Assets/Resources/Models/Laika/LaikaMaterials/N00_000_00_EyeHighlight_00_EYE (Instance).mat
  artifactKey: Guid(15495878ade7dd949ad6f028914f941d) Importer(815301076,1909f56bfc062723c751e8b465ee728b)
Start importing Assets/Resources/Models/Laika/LaikaMaterials/N00_000_00_EyeHighlight_00_EYE (Instance).mat using Guid(15495878ade7dd949ad6f028914f941d) Importer(815301076,1909f56bfc062723c751e8b465ee728b)  -> (artifact id: '724d6ab19b76274f26a5b40614c3c49b') in 0.008666 seconds
Number of updated asset objects reloaded before import = 0
Number of asset objects unloaded after import = 3
========================================================================
Received Import Request.
  Time since last request: 0.000028 seconds.
  path: Assets/Resources/Models/Rufio/RufioMaterials/N00_000_00_EyeHighlight_00_EYE (Instance).mat
  artifactKey: Guid(6694a4f3a6667f346be95721e3c323bd) Importer(815301076,1909f56bfc062723c751e8b465ee728b)
Start importing Assets/Resources/Models/Rufio/RufioMaterials/N00_000_00_EyeHighlight_00_EYE (Instance).mat using Guid(6694a4f3a6667f346be95721e3c323bd) Importer(815301076,1909f56bfc062723c751e8b465ee728b)  -> (artifact id: 'f8b10aea47248a963d5dabc1d0193b04') in 0.010157 seconds
Number of updated asset objects reloaded before import = 0
Number of asset objects unloaded after import = 3
========================================================================
Received Import Request.
  Time since last request: 0.000032 seconds.
  path: Assets/Resources/Models/Lucas/LucasMaterials/N00_000_00_Face_00_SKIN (Instance).mat
  artifactKey: Guid(50f2186dd3aa0404ebdffa645ade2dec) Importer(815301076,1909f56bfc062723c751e8b465ee728b)
Start importing Assets/Resources/Models/Lucas/LucasMaterials/N00_000_00_Face_00_SKIN (Instance).mat using Guid(50f2186dd3aa0404ebdffa645ade2dec) Importer(815301076,1909f56bfc062723c751e8b465ee728b)  -> (artifact id: 'd12afe589d4b93ff35dd0c9cf19698b1') in 0.008763 seconds
Number of updated asset objects reloaded before import = 0
Number of asset objects unloaded after import = 3
========================================================================
Received Import Request.
  Time since last request: 0.000022 seconds.
  path: Assets/Resources/Models/Laika/LaikaMaterials/N00_000_00_EyeIris_00_EYE (Instance).mat
  artifactKey: Guid(6bba19640461b274d8135172e2ccfe7a) Importer(815301076,1909f56bfc062723c751e8b465ee728b)
Start importing Assets/Resources/Models/Laika/LaikaMaterials/N00_000_00_EyeIris_00_EYE (Instance).mat using Guid(6bba19640461b274d8135172e2ccfe7a) Importer(815301076,1909f56bfc062723c751e8b465ee728b)  -> (artifact id: 'a03c7a33c027507666aa755d5f9dc583') in 0.009146 seconds
Number of updated asset objects reloaded before import = 0
Number of asset objects unloaded after import = 3
========================================================================
Received Import Request.
  Time since last request: 0.000023 seconds.
  path: Assets/Resources/Models/Rufio/RufioMaterials/N00_000_00_EyeIris_00_EYE (Instance).mat
  artifactKey: Guid(5246cfd9133585a4e9659ed2b0284c3b) Importer(815301076,1909f56bfc062723c751e8b465ee728b)
Start importing Assets/Resources/Models/Rufio/RufioMaterials/N00_000_00_EyeIris_00_EYE (Instance).mat using Guid(5246cfd9133585a4e9659ed2b0284c3b) Importer(815301076,1909f56bfc062723c751e8b465ee728b)  -> (artifact id: 'e2b51fa9d4184324d20cbbfb6882a45c') in 0.013059 seconds
Number of updated asset objects reloaded before import = 0
Number of asset objects unloaded after import = 3
========================================================================
Received Import Request.
  Time since last request: 0.188562 seconds.
  path: Assets/Resources/Models/Rufio/RufioMaterials/N00_000_00_FaceBrow_00_FACE (Instance).mat
  artifactKey: Guid(9dce59b54ac5a0b4181e86f1303c005e) Importer(815301076,1909f56bfc062723c751e8b465ee728b)
Start importing Assets/Resources/Models/Rufio/RufioMaterials/N00_000_00_FaceBrow_00_FACE (Instance).mat using Guid(9dce59b54ac5a0b4181e86f1303c005e) Importer(815301076,1909f56bfc062723c751e8b465ee728b)  -> (artifact id: '11beffeb922ab5f2accacbfb4ea50b4f') in 0.011268 seconds
Number of updated asset objects reloaded before import = 0
Number of asset objects unloaded after import = 3
========================================================================
Received Import Request.
  Time since last request: 0.000025 seconds.
  path: Assets/Resources/Models/Lucas/LucasMaterials/N00_000_00_FaceEyeline_00_FACE (Instance).mat
  artifactKey: Guid(406df7e69c2bebb4bbe51ebb22dd6c8c) Importer(815301076,1909f56bfc062723c751e8b465ee728b)
Start importing Assets/Resources/Models/Lucas/LucasMaterials/N00_000_00_FaceEyeline_00_FACE (Instance).mat using Guid(406df7e69c2bebb4bbe51ebb22dd6c8c) Importer(815301076,1909f56bfc062723c751e8b465ee728b)  -> (artifact id: 'de7310430bea64263a72248a53130294') in 0.024817 seconds
Number of updated asset objects reloaded before import = 0
Number of asset objects unloaded after import = 3
========================================================================
Received Import Request.
  Time since last request: 0.000028 seconds.
  path: Assets/Resources/Models/Lucas/LucasMaterials/N00_000_00_HairBack_00_HAIR (Instance).mat
  artifactKey: Guid(f4a5268b134e7524fb346aed479d5ef4) Importer(815301076,1909f56bfc062723c751e8b465ee728b)
Start importing Assets/Resources/Models/Lucas/LucasMaterials/N00_000_00_HairBack_00_HAIR (Instance).mat using Guid(f4a5268b134e7524fb346aed479d5ef4) Importer(815301076,1909f56bfc062723c751e8b465ee728b)  -> (artifact id: '39bbb96193da63794184f6e0c1fa4846') in 0.014065 seconds
Number of updated asset objects reloaded before import = 0
Number of asset objects unloaded after import = 3
========================================================================
Received Import Request.
  Time since last request: 0.000021 seconds.
  path: Assets/Resources/Models/Laika/LaikaMaterials/N00_000_00_FaceBrow_00_FACE (Instance).mat
  artifactKey: Guid(eff1d15da9dd18349a33cb449f5e032f) Importer(815301076,1909f56bfc062723c751e8b465ee728b)
Start importing Assets/Resources/Models/Laika/LaikaMaterials/N00_000_00_FaceBrow_00_FACE (Instance).mat using Guid(eff1d15da9dd18349a33cb449f5e032f) Importer(815301076,1909f56bfc062723c751e8b465ee728b)  -> (artifact id: '48850ded792b38d1c81ffe9e8d434229') in 0.009584 seconds
Number of updated asset objects reloaded before import = 0
Number of asset objects unloaded after import = 3
========================================================================
Received Import Request.
  Time since last request: 0.000027 seconds.
  path: Assets/Resources/Models/Laika/LaikaMaterials/N00_000_00_FaceEyeline_00_FACE (Instance).mat
  artifactKey: Guid(d244e275e47e3794dbc2e66f5e64765c) Importer(815301076,1909f56bfc062723c751e8b465ee728b)
Start importing Assets/Resources/Models/Laika/LaikaMaterials/N00_000_00_FaceEyeline_00_FACE (Instance).mat using Guid(d244e275e47e3794dbc2e66f5e64765c) Importer(815301076,1909f56bfc062723c751e8b465ee728b)  -> (artifact id: '26acb193be09df9298cafecb3f4e45e4') in 0.008268 seconds
Number of updated asset objects reloaded before import = 0
Number of asset objects unloaded after import = 3
========================================================================
Received Import Request.
  Time since last request: 0.000025 seconds.
  path: Assets/Resources/Models/Rufio/RufioMaterials/N00_000_00_FaceEyeline_00_FACE (Instance).mat
  artifactKey: Guid(6eae7cb18a1e81043a80b5d01c0fb2bd) Importer(815301076,1909f56bfc062723c751e8b465ee728b)
Start importing Assets/Resources/Models/Rufio/RufioMaterials/N00_000_00_FaceEyeline_00_FACE (Instance).mat using Guid(6eae7cb18a1e81043a80b5d01c0fb2bd) Importer(815301076,1909f56bfc062723c751e8b465ee728b)  -> (artifact id: '0bff0eab8feb9db023f7e836a55b1f67') in 0.010636 seconds
Number of updated asset objects reloaded before import = 0
Number of asset objects unloaded after import = 3
========================================================================
Received Import Request.
  Time since last request: 0.201267 seconds.
  path: Assets/Resources/Models/Rufio/RufioMaterials/N00_001_01_Bottoms_01_CLOTH (Instance).mat
  artifactKey: Guid(5fb3f3ac258c2824e857930c2d70fcb0) Importer(815301076,1909f56bfc062723c751e8b465ee728b)
Start importing Assets/Resources/Models/Rufio/RufioMaterials/N00_001_01_Bottoms_01_CLOTH (Instance).mat using Guid(5fb3f3ac258c2824e857930c2d70fcb0) Importer(815301076,1909f56bfc062723c751e8b465ee728b)  -> (artifact id: '7e7ad485ce858a50d2ac595df2a90390') in 0.014252 seconds
Number of updated asset objects reloaded before import = 0
Number of asset objects unloaded after import = 3
========================================================================
Received Import Request.
  Time since last request: 0.000016 seconds.
  path: Assets/Resources/Models/Lucas/LucasMaterials/N00_001_01_Bottoms_01_CLOTH (Instance).mat
  artifactKey: Guid(66d1e6dc1bce6b040acbe5ed3293ddd6) Importer(815301076,1909f56bfc062723c751e8b465ee728b)
Start importing Assets/Resources/Models/Lucas/LucasMaterials/N00_001_01_Bottoms_01_CLOTH (Instance).mat using Guid(66d1e6dc1bce6b040acbe5ed3293ddd6) Importer(815301076,1909f56bfc062723c751e8b465ee728b)  -> (artifact id: '6439f35e1a96df60e3940622776d1f0d') in 0.010565 seconds
Number of updated asset objects reloaded before import = 0
Number of asset objects unloaded after import = 3
========================================================================
Received Import Request.
  Time since last request: 0.026150 seconds.
  path: Assets/Resources/Models/Rufio/RufioMaterials/N00_006_01_Shoes_01_CLOTH (Instance).mat
  artifactKey: Guid(07c91fb86f1359945b3266cbf8890913) Importer(815301076,1909f56bfc062723c751e8b465ee728b)
Start importing Assets/Resources/Models/Rufio/RufioMaterials/N00_006_01_Shoes_01_CLOTH (Instance).mat using Guid(07c91fb86f1359945b3266cbf8890913) Importer(815301076,1909f56bfc062723c751e8b465ee728b)  -> (artifact id: '451ad8adfd1b4039457633090778e5b5') in 0.012524 seconds
Number of updated asset objects reloaded before import = 0
Number of asset objects unloaded after import = 3
========================================================================
Received Import Request.
  Time since last request: 0.000024 seconds.
  path: Assets/Imported Assets/low poly pack/land/New Material.mat
  artifactKey: Guid(ab42cc1c2e1e9014cb685781ecb0863b) Importer(815301076,1909f56bfc062723c751e8b465ee728b)
Start importing Assets/Imported Assets/low poly pack/land/New Material.mat using Guid(ab42cc1c2e1e9014cb685781ecb0863b) Importer(815301076,1909f56bfc062723c751e8b465ee728b)  -> (artifact id: '4c5080da1acc7bfce606119f0ebe74a5') in 0.011144 seconds
Number of updated asset objects reloaded before import = 0
Number of asset objects unloaded after import = 2
========================================================================
Received Import Request.
  Time since last request: 0.000024 seconds.
  path: Assets/Imported Assets/low poly pack/low poly/New Material.mat
  artifactKey: Guid(754a5ecb8a0b32a4fa6ba94adaa1bb6a) Importer(815301076,1909f56bfc062723c751e8b465ee728b)
Start importing Assets/Imported Assets/low poly pack/low poly/New Material.mat using Guid(754a5ecb8a0b32a4fa6ba94adaa1bb6a) Importer(815301076,1909f56bfc062723c751e8b465ee728b)  -> (artifact id: 'b1fcbeeeb7d5abb1b92c2b00390396a7') in 0.011827 seconds
Number of updated asset objects reloaded before import = 0
Number of asset objects unloaded after import = 2
========================================================================
Received Import Request.
  Time since last request: 0.000022 seconds.
  path: Assets/Imported Assets/low poly pack/Particle/Material/New Material 1.mat
  artifactKey: Guid(142444612133b12468e8924d3235430f) Importer(815301076,1909f56bfc062723c751e8b465ee728b)
Start importing Assets/Imported Assets/low poly pack/Particle/Material/New Material 1.mat using Guid(142444612133b12468e8924d3235430f) Importer(815301076,1909f56bfc062723c751e8b465ee728b)  -> (artifact id: '6048bf51c7685f738f4376bd788b022f') in 0.011547 seconds
Number of updated asset objects reloaded before import = 0
Number of asset objects unloaded after import = 3
========================================================================
Received Import Request.
  Time since last request: 0.000026 seconds.
  path: Assets/Imported Assets/low poly pack/Sky/Materials/New Cubemap.mat
  artifactKey: Guid(60b7ad66a70f53645b96d2bd8fe2b793) Importer(815301076,1909f56bfc062723c751e8b465ee728b)
Start importing Assets/Imported Assets/low poly pack/Sky/Materials/New Cubemap.mat using Guid(60b7ad66a70f53645b96d2bd8fe2b793) Importer(815301076,1909f56bfc062723c751e8b465ee728b)  -> (artifact id: '56b2f93c742ab339aea561444001aff4') in 0.012421 seconds
Number of updated asset objects reloaded before import = 0
Number of asset objects unloaded after import = 3
========================================================================
Received Import Request.
  Time since last request: 0.000021 seconds.
  path: Assets/Imported Assets/low poly pack/Rock/New Material.mat
  artifactKey: Guid(6d6dba2824eb3b74fb1730ded1d50438) Importer(815301076,1909f56bfc062723c751e8b465ee728b)
Start importing Assets/Imported Assets/low poly pack/Rock/New Material.mat using Guid(6d6dba2824eb3b74fb1730ded1d50438) Importer(815301076,1909f56bfc062723c751e8b465ee728b)  -> (artifact id: '117f6f577a668ff922abd1dfc1a109eb') in 0.011487 seconds
Number of updated asset objects reloaded before import = 0
Number of asset objects unloaded after import = 2
========================================================================
Received Import Request.
  Time since last request: 0.000020 seconds.
  path: Assets/Imported Assets/A_piece_of_nature/Models/Materials/No Name.mat
  artifactKey: Guid(7235949ba2224f84fba7e98adea975b3) Importer(815301076,1909f56bfc062723c751e8b465ee728b)
Start importing Assets/Imported Assets/A_piece_of_nature/Models/Materials/No Name.mat using Guid(7235949ba2224f84fba7e98adea975b3) Importer(815301076,1909f56bfc062723c751e8b465ee728b)  -> (artifact id: 'a073a8fcef92b58e61646d71c2b0ed7e') in 0.007798 seconds
Number of updated asset objects reloaded before import = 0
Number of asset objects unloaded after import = 2
========================================================================
Received Import Request.
  Time since last request: 0.165906 seconds.
  path: Assets/Imported Assets/EffectTexturesAndPrefabs/Materials/PlaneBlack.mat
  artifactKey: Guid(d8a7d31f497e15a47859d4c852dcee03) Importer(815301076,1909f56bfc062723c751e8b465ee728b)
Start importing Assets/Imported Assets/EffectTexturesAndPrefabs/Materials/PlaneBlack.mat using Guid(d8a7d31f497e15a47859d4c852dcee03) Importer(815301076,1909f56bfc062723c751e8b465ee728b)  -> (artifact id: '0d8d4512022987034588015bfd564936') in 0.008634 seconds
Number of updated asset objects reloaded before import = 0
Number of asset objects unloaded after import = 2
========================================================================
Received Import Request.
  Time since last request: 0.018582 seconds.
  path: Assets/Imported Assets/Polytope Studio/Lowpoly Medieval Village/Sources/Materials/PT_Medieval_mat.mat
  artifactKey: Guid(56532089e45dbc1479865e115cc8c637) Importer(815301076,1909f56bfc062723c751e8b465ee728b)
Start importing Assets/Imported Assets/Polytope Studio/Lowpoly Medieval Village/Sources/Materials/PT_Medieval_mat.mat using Guid(56532089e45dbc1479865e115cc8c637) Importer(815301076,1909f56bfc062723c751e8b465ee728b)  -> (artifact id: '504010b26318234e35ab0ea4f659c8f9') in 0.012621 seconds
Number of updated asset objects reloaded before import = 0
Number of asset objects unloaded after import = 3
========================================================================
Received Import Request.
  Time since last request: 0.025980 seconds.
  path: Assets/Resources/Materials/Extra/Red1.mat
  artifactKey: Guid(b058676957a35467f8411f519472b594) Importer(815301076,1909f56bfc062723c751e8b465ee728b)
Start importing Assets/Resources/Materials/Extra/Red1.mat using Guid(b058676957a35467f8411f519472b594) Importer(815301076,1909f56bfc062723c751e8b465ee728b)  -> (artifact id: 'cbeec68b02898667dbe6780b09d53547') in 0.017085 seconds
Number of updated asset objects reloaded before import = 0
Number of asset objects unloaded after import = 2
========================================================================
Received Import Request.
  Time since last request: 0.240109 seconds.
  path: Assets/Imported Assets/A_piece_of_nature/Materials/Rocks_3_4_normal.mat
  artifactKey: Guid(ff85a9ff944be684dbe6dfdf6d44d722) Importer(815301076,1909f56bfc062723c751e8b465ee728b)
Start importing Assets/Imported Assets/A_piece_of_nature/Materials/Rocks_3_4_normal.mat using Guid(ff85a9ff944be684dbe6dfdf6d44d722) Importer(815301076,1909f56bfc062723c751e8b465ee728b)  -> (artifact id: '056afd669a36d6fda651987537be969c') in 0.020731 seconds
Number of updated asset objects reloaded before import = 0
Number of asset objects unloaded after import = 3
========================================================================
Received Import Request.
  Time since last request: 0.000021 seconds.
  path: Assets/Imported Assets/A_piece_of_nature/Models/Materials/Rocks_3_4_roughness.mat
  artifactKey: Guid(d7046b042b8bb5f45bd99400d84fe8e7) Importer(815301076,1909f56bfc062723c751e8b465ee728b)
Start importing Assets/Imported Assets/A_piece_of_nature/Models/Materials/Rocks_3_4_roughness.mat using Guid(d7046b042b8bb5f45bd99400d84fe8e7) Importer(815301076,1909f56bfc062723c751e8b465ee728b)  -> (artifact id: '451c1881fdd4f5652e502ad150da4bc8') in 0.010071 seconds
Number of updated asset objects reloaded before import = 0
Number of asset objects unloaded after import = 2
========================================================================
Received Import Request.
  Time since last request: 0.000020 seconds.
  path: Assets/Imported Assets/EffectTexturesAndPrefabs/Materials/Smoke_explosion.mat
  artifactKey: Guid(8350849aae5998e4ca0f12fcd3e9c157) Importer(815301076,1909f56bfc062723c751e8b465ee728b)
Start importing Assets/Imported Assets/EffectTexturesAndPrefabs/Materials/Smoke_explosion.mat using Guid(8350849aae5998e4ca0f12fcd3e9c157) Importer(815301076,1909f56bfc062723c751e8b465ee728b)  -> (artifact id: 'b9abb5c5ed40206d8e9901927ab1341b') in 0.032799 seconds
Number of updated asset objects reloaded before import = 0
Number of asset objects unloaded after import = 4
========================================================================
Received Import Request.
  Time since last request: 0.000022 seconds.
  path: Assets/Resources/Materials/Extra/Teleporter.mat
  artifactKey: Guid(4d244ccfa60d075498dcede2fc49e34a) Importer(815301076,1909f56bfc062723c751e8b465ee728b)
Start importing Assets/Resources/Materials/Extra/Teleporter.mat using Guid(4d244ccfa60d075498dcede2fc49e34a) Importer(815301076,1909f56bfc062723c751e8b465ee728b)  -> (artifact id: '2b11a1e843e6eea113ae337bd0c99eea') in 0.019455 seconds
Number of updated asset objects reloaded before import = 0
Number of asset objects unloaded after import = 2
========================================================================
Received Import Request.
  Time since last request: 0.000029 seconds.
  path: Assets/Imported Assets/A_piece_of_nature/Materials/Rocks_3_4_specular.mat
  artifactKey: Guid(18042ae8c9bc0ec489bdde3296e22ea7) Importer(815301076,1909f56bfc062723c751e8b465ee728b)
Start importing Assets/Imported Assets/A_piece_of_nature/Materials/Rocks_3_4_specular.mat using Guid(18042ae8c9bc0ec489bdde3296e22ea7) Importer(815301076,1909f56bfc062723c751e8b465ee728b)  -> (artifact id: '426669d92e56a2caef89ea80b410e7f9') in 0.014056 seconds
Number of updated asset objects reloaded before import = 0
Number of asset objects unloaded after import = 3
========================================================================
Received Import Request.
  Time since last request: 0.000031 seconds.
  path: Assets/Imported Assets/EffectTexturesAndPrefabs/Materials/Star_B.mat
  artifactKey: Guid(19e0af29cd4638241944ed62aa8986fc) Importer(815301076,1909f56bfc062723c751e8b465ee728b)
Start importing Assets/Imported Assets/EffectTexturesAndPrefabs/Materials/Star_B.mat using Guid(19e0af29cd4638241944ed62aa8986fc) Importer(815301076,1909f56bfc062723c751e8b465ee728b)  -> (artifact id: '70d069b4c52e771d7330d462a65c7a63') in 0.009880 seconds
Number of updated asset objects reloaded before import = 0
Number of asset objects unloaded after import = 3
========================================================================
Received Import Request.
  Time since last request: 0.000027 seconds.
  path: Assets/Imported Assets/EffectTexturesAndPrefabs/Materials/Smoke_thin.mat
  artifactKey: Guid(8764e26efc3afff4db4bfbabc8fd2043) Importer(815301076,1909f56bfc062723c751e8b465ee728b)
Start importing Assets/Imported Assets/EffectTexturesAndPrefabs/Materials/Smoke_thin.mat using Guid(8764e26efc3afff4db4bfbabc8fd2043) Importer(815301076,1909f56bfc062723c751e8b465ee728b)  -> (artifact id: '92a40ff6d3af4c6d7d7c3e3dbc7d188b') in 0.009816 seconds
Number of updated asset objects reloaded before import = 0
Number of asset objects unloaded after import = 4
========================================================================
Received Import Request.
  Time since last request: 4.012988 seconds.
  path: Assets/Imported Assets/Sherbbs Particle Collection/Materials/VertexUnlitDiffuseCircle.mat
  artifactKey: Guid(da51c40235f7fcc47812a1e6f2c6df0a) Importer(815301076,1909f56bfc062723c751e8b465ee728b)
Start importing Assets/Imported Assets/Sherbbs Particle Collection/Materials/VertexUnlitDiffuseCircle.mat using Guid(da51c40235f7fcc47812a1e6f2c6df0a) Importer(815301076,1909f56bfc062723c751e8b465ee728b)  -> (artifact id: 'a8a9f1bde9299ac7f9f3be3e1b312c8e') in 0.010134 seconds
Number of updated asset objects reloaded before import = 0
Number of asset objects unloaded after import = 3
========================================================================
Received Import Request.
  Time since last request: 0.000023 seconds.
  path: Assets/Imported Assets/Sherbbs Particle Collection/Materials/VertexUnlitGlowCircleAdditive.mat
  artifactKey: Guid(3f67cc901b0eaf54e87f5746514dc25d) Importer(815301076,1909f56bfc062723c751e8b465ee728b)
Start importing Assets/Imported Assets/Sherbbs Particle Collection/Materials/VertexUnlitGlowCircleAdditive.mat using Guid(3f67cc901b0eaf54e87f5746514dc25d) Importer(815301076,1909f56bfc062723c751e8b465ee728b)  -> (artifact id: 'd7204c85d3d207e0ad58a3f06ff25052') in 0.010209 seconds
Number of updated asset objects reloaded before import = 0
Number of asset objects unloaded after import = 3
========================================================================
Received Import Request.
  Time since last request: 0.000020 seconds.
  path: Assets/Imported Assets/Sherbbs Particle Collection/Materials/VertexUnlitDiffuseNoMaskAdditive.mat
  artifactKey: Guid(e33f1e8091de82148acee723c2ccf018) Importer(815301076,1909f56bfc062723c751e8b465ee728b)
Start importing Assets/Imported Assets/Sherbbs Particle Collection/Materials/VertexUnlitDiffuseNoMaskAdditive.mat using Guid(e33f1e8091de82148acee723c2ccf018) Importer(815301076,1909f56bfc062723c751e8b465ee728b)  -> (artifact id: '5109b46bbba83558dcff8ae5148aac5b') in 0.008971 seconds
Number of updated asset objects reloaded before import = 0
Number of asset objects unloaded after import = 2
========================================================================
Received Import Request.
  Time since last request: 0.000038 seconds.
  path: Assets/Imported Assets/Sherbbs Particle Collection/Materials/VertexUnlitSlightGlowFadedMaskAdditive.mat
  artifactKey: Guid(a23bc5be0d07f7142b7e13aeb95dc248) Importer(815301076,1909f56bfc062723c751e8b465ee728b)
Start importing Assets/Imported Assets/Sherbbs Particle Collection/Materials/VertexUnlitSlightGlowFadedMaskAdditive.mat using Guid(a23bc5be0d07f7142b7e13aeb95dc248) Importer(815301076,1909f56bfc062723c751e8b465ee728b)  -> (artifact id: 'f022eaaf0b22b661c6990d9364528529') in 0.008219 seconds
Number of updated asset objects reloaded before import = 0
Number of asset objects unloaded after import = 3
========================================================================
Received Import Request.
  Time since last request: 0.000038 seconds.
  path: Assets/Imported Assets/Inguz Media Studio/Free 2D Impact FX/Materiales/WallpaperQuad 02.mat
  artifactKey: Guid(69f07636b67fd0f46a5b5beb108f982b) Importer(815301076,1909f56bfc062723c751e8b465ee728b)
Start importing Assets/Imported Assets/Inguz Media Studio/Free 2D Impact FX/Materiales/WallpaperQuad 02.mat using Guid(69f07636b67fd0f46a5b5beb108f982b) Importer(815301076,1909f56bfc062723c751e8b465ee728b)  -> (artifact id: 'df76243e59ab8e81af648fce9e0ef4d6') in 0.098030 seconds
Number of updated asset objects reloaded before import = 0
Number of asset objects unloaded after import = 6
========================================================================
Received Prepare
Begin MonoManager ReloadAssembly
- Loaded All Assemblies, in  0.470 seconds
Refreshing native plugins compatible for Editor in 2.83 ms, found 2 plugins.
Native extension for WindowsStandalone target not found
[Package Manager] Server::EnsureServerProcessIsRunning -- launch failed, reason: Unity was launched with the -noUpm command-line argument
[Package Manager] UpmClient::Send -- Unable to send message (not connected to UPM process).
[Package Manager] Cannot connect to Unity Package Manager local server
Mono: successfully reloaded assembly
- Finished resetting the current domain, in  1.147 seconds
Domain Reload Profiling: 1615ms
	BeginReloadAssembly (157ms)
		ExecutionOrderSort (0ms)
		DisableScriptedObjects (11ms)
		BackupInstance (0ms)
		ReleaseScriptingObjects (0ms)
		CreateAndSetChildDomain (39ms)
	RebuildCommonClasses (28ms)
	RebuildNativeTypeToScriptingClass (9ms)
	initialDomainReloadingComplete (25ms)
	LoadAllAssembliesAndSetupDomain (248ms)
		LoadAssemblies (280ms)
		RebuildTransferFunctionScriptingTraits (0ms)
		AnalyzeDomain (40ms)
			TypeCache.Refresh (9ms)
				TypeCache.ScanAssembly (1ms)
			ScanForSourceGeneratedMonoScriptInfo (20ms)
			ResolveRequiredComponents (10ms)
	FinalizeReload (1148ms)
		ReleaseScriptCaches (0ms)
		RebuildScriptCaches (0ms)
		SetupLoadedEditorAssemblies (571ms)
			LogAssemblyErrors (0ms)
			InitializePlatformSupportModulesInManaged (8ms)
			SetLoadedEditorAssemblies (5ms)
			RefreshPlugins (0ms)
			BeforeProcessingInitializeOnLoad (119ms)
			ProcessInitializeOnLoadAttributes (372ms)
			ProcessInitializeOnLoadMethodAttributes (61ms)
			AfterProcessingInitializeOnLoad (7ms)
			EditorAssembliesLoaded (0ms)
		ExecutionOrderSort2 (0ms)
		AwakeInstancesAfterBackupRestoration (13ms)
OnLevelWasLoaded was found on LevelManager
This message has been deprecated and will be removed in a later version of Unity.
Add a delegate to SceneManager.sceneLoaded instead to get notifications after scene loading has completed
Refreshing native plugins compatible for Editor in 4.63 ms, found 2 plugins.
Preloading 0 native plugins for Editor in 0.00 ms.
Unloading 4140 Unused Serialized files (Serialized files now loaded: 0)
Unloading 52 unused Assets / (1.7 MB). Loaded Objects now: 5105.
Memory consumption went from 345.2 MB to 343.5 MB.
Total: 6.225500 ms (FindLiveObjects: 0.528000 ms CreateObjectMapping: 0.295900 ms MarkObjects: 4.595100 ms  DeleteObjects: 0.805100 ms)

Prepare: number of updated asset objects reloaded= 0
AssetImportParameters requested are different than current active one (requested -> active):
  custom:container-demuxer-ogg: 62fdf1f143b41e24485cea50d1cbac27 -> 
  custom:video-decoder-ogg-theora: a1e56fd34408186e4bbccfd4996cb3dc -> 
  custom:framework-win-MediaFoundation: 216162199b28c13a410421893ffa2e32 -> 
  custom:CustomObjectIndexerAttribute: d54d2f2da18e7612c182cf67624b6b12 -> 
  custom:container-demuxer-webm: 4f35f7cbe854078d1ac9338744f61a02 -> 
  custom:container-muxer-webm: aa71ff27fc2769a1b78a27578f13a17b -> 
  custom:video-decoder-webm-vp8: 9c59270c3fd7afecdb556c50c9e8de78 -> 
  custom:SearchIndexIgnoredProperties: e643bd26f0fe6173181afceb89e7c659 -> 
  custom:AudioImporter_EditorPlatform: d09bf68614088b80899f8185d706f6e7 -> 
  custom:video-encoder-webm-vp8: eb34c28f22e8b96e1ab97ce403110664 -> 
  custom:audio-decoder-ogg-vorbis: bf7c407c2cedff20999df2af8eb42d56 -> 
  custom:audio-encoder-webm-vorbis: bf7c407c2cedff20999df2af8eb42d56 -> 
========================================================================
Received Prepare
Begin MonoManager ReloadAssembly
- Loaded All Assemblies, in  0.433 seconds
Refreshing native plugins compatible for Editor in 2.73 ms, found 2 plugins.
Native extension for WindowsStandalone target not found
[Package Manager] Server::EnsureServerProcessIsRunning -- launch failed, reason: Unity was launched with the -noUpm command-line argument
[Package Manager] UpmClient::Send -- Unable to send message (not connected to UPM process).
[Package Manager] Cannot connect to Unity Package Manager local server
Mono: successfully reloaded assembly
- Finished resetting the current domain, in  1.141 seconds
Domain Reload Profiling: 1572ms
	BeginReloadAssembly (142ms)
		ExecutionOrderSort (0ms)
		DisableScriptedObjects (5ms)
		BackupInstance (0ms)
		ReleaseScriptingObjects (0ms)
		CreateAndSetChildDomain (32ms)
	RebuildCommonClasses (27ms)
	RebuildNativeTypeToScriptingClass (9ms)
	initialDomainReloadingComplete (30ms)
	LoadAllAssembliesAndSetupDomain (223ms)
		LoadAssemblies (277ms)
		RebuildTransferFunctionScriptingTraits (0ms)
		AnalyzeDomain (17ms)
			TypeCache.Refresh (6ms)
				TypeCache.ScanAssembly (0ms)
			ScanForSourceGeneratedMonoScriptInfo (0ms)
			ResolveRequiredComponents (10ms)
	FinalizeReload (1142ms)
		ReleaseScriptCaches (0ms)
		RebuildScriptCaches (0ms)
		SetupLoadedEditorAssemblies (547ms)
			LogAssemblyErrors (0ms)
			InitializePlatformSupportModulesInManaged (6ms)
			SetLoadedEditorAssemblies (5ms)
			RefreshPlugins (0ms)
			BeforeProcessingInitializeOnLoad (112ms)
			ProcessInitializeOnLoadAttributes (353ms)
			ProcessInitializeOnLoadMethodAttributes (65ms)
			AfterProcessingInitializeOnLoad (6ms)
			EditorAssembliesLoaded (0ms)
		ExecutionOrderSort2 (0ms)
		AwakeInstancesAfterBackupRestoration (12ms)
OnLevelWasLoaded was found on LevelManager
This message has been deprecated and will be removed in a later version of Unity.
Add a delegate to SceneManager.sceneLoaded instead to get notifications after scene loading has completed
Refreshing native plugins compatible for Editor in 4.36 ms, found 2 plugins.
Preloading 0 native plugins for Editor in 0.00 ms.
Unloading 4140 Unused Serialized files (Serialized files now loaded: 0)
Unloading 52 unused Assets / (1.7 MB). Loaded Objects now: 5121.
Memory consumption went from 347.0 MB to 345.3 MB.
Total: 6.183300 ms (FindLiveObjects: 0.485600 ms CreateObjectMapping: 0.359300 ms MarkObjects: 4.566000 ms  DeleteObjects: 0.770900 ms)

Prepare: number of updated asset objects reloaded= 0
AssetImportParameters requested are different than current active one (requested -> active):
  custom:container-demuxer-ogg: 62fdf1f143b41e24485cea50d1cbac27 -> 
  custom:video-decoder-ogg-theora: a1e56fd34408186e4bbccfd4996cb3dc -> 
  custom:framework-win-MediaFoundation: 216162199b28c13a410421893ffa2e32 -> 
  custom:CustomObjectIndexerAttribute: d54d2f2da18e7612c182cf67624b6b12 -> 
  custom:container-demuxer-webm: 4f35f7cbe854078d1ac9338744f61a02 -> 
  custom:container-muxer-webm: aa71ff27fc2769a1b78a27578f13a17b -> 
  custom:video-decoder-webm-vp8: 9c59270c3fd7afecdb556c50c9e8de78 -> 
  custom:SearchIndexIgnoredProperties: e643bd26f0fe6173181afceb89e7c659 -> 
  custom:AudioImporter_EditorPlatform: d09bf68614088b80899f8185d706f6e7 -> 
  custom:video-encoder-webm-vp8: eb34c28f22e8b96e1ab97ce403110664 -> 
  custom:audio-decoder-ogg-vorbis: bf7c407c2cedff20999df2af8eb42d56 -> 
  custom:audio-encoder-webm-vorbis: bf7c407c2cedff20999df2af8eb42d56 -> 
========================================================================
Received Import Request.
  Time since last request: 416.939799 seconds.
  path: Assets/Imported Assets/Inguz Media Studio/Free 2D Impact FX/Materiales/WallpaperQuad 02.mat
  artifactKey: Guid(69f07636b67fd0f46a5b5beb108f982b) Importer(815301076,1909f56bfc062723c751e8b465ee728b)
Start importing Assets/Imported Assets/Inguz Media Studio/Free 2D Impact FX/Materiales/WallpaperQuad 02.mat using Guid(69f07636b67fd0f46a5b5beb108f982b) Importer(815301076,1909f56bfc062723c751e8b465ee728b)  -> (artifact id: 'd72f9bd9197a2a1548867f3b94b2492c') in 0.266562 seconds
Number of updated asset objects reloaded before import = 0
Number of asset objects unloaded after import = 25
========================================================================
Received Prepare
Begin MonoManager ReloadAssembly
- Loaded All Assemblies, in  0.446 seconds
Refreshing native plugins compatible for Editor in 2.91 ms, found 2 plugins.
Native extension for WindowsStandalone target not found
[Package Manager] Server::EnsureServerProcessIsRunning -- launch failed, reason: Unity was launched with the -noUpm command-line argument
[Package Manager] UpmClient::Send -- Unable to send message (not connected to UPM process).
[Package Manager] Cannot connect to Unity Package Manager local server
Mono: successfully reloaded assembly
- Finished resetting the current domain, in  1.184 seconds
Domain Reload Profiling: 1628ms
	BeginReloadAssembly (157ms)
		ExecutionOrderSort (0ms)
		DisableScriptedObjects (11ms)
		BackupInstance (0ms)
		ReleaseScriptingObjects (0ms)
		CreateAndSetChildDomain (42ms)
	RebuildCommonClasses (29ms)
	RebuildNativeTypeToScriptingClass (9ms)
	initialDomainReloadingComplete (24ms)
	LoadAllAssembliesAndSetupDomain (223ms)
		LoadAssemblies (276ms)
		RebuildTransferFunctionScriptingTraits (0ms)
		AnalyzeDomain (17ms)
			TypeCache.Refresh (6ms)
				TypeCache.ScanAssembly (0ms)
			ScanForSourceGeneratedMonoScriptInfo (0ms)
			ResolveRequiredComponents (9ms)
	FinalizeReload (1185ms)
		ReleaseScriptCaches (0ms)
		RebuildScriptCaches (0ms)
		SetupLoadedEditorAssemblies (581ms)
			LogAssemblyErrors (0ms)
			InitializePlatformSupportModulesInManaged (6ms)
			SetLoadedEditorAssemblies (5ms)
			RefreshPlugins (0ms)
			BeforeProcessingInitializeOnLoad (128ms)
			ProcessInitializeOnLoadAttributes (365ms)
			ProcessInitializeOnLoadMethodAttributes (69ms)
			AfterProcessingInitializeOnLoad (7ms)
			EditorAssembliesLoaded (0ms)
		ExecutionOrderSort2 (0ms)
		AwakeInstancesAfterBackupRestoration (17ms)
OnLevelWasLoaded was found on LevelManager
This message has been deprecated and will be removed in a later version of Unity.
Add a delegate to SceneManager.sceneLoaded instead to get notifications after scene loading has completed
Refreshing native plugins compatible for Editor in 4.54 ms, found 2 plugins.
Preloading 0 native plugins for Editor in 0.00 ms.
Unloading 4140 Unused Serialized files (Serialized files now loaded: 0)
Unloading 52 unused Assets / (1.7 MB). Loaded Objects now: 5173.
Memory consumption went from 349.1 MB to 347.4 MB.
Total: 5.950200 ms (FindLiveObjects: 0.496900 ms CreateObjectMapping: 0.340000 ms MarkObjects: 4.342500 ms  DeleteObjects: 0.769400 ms)

Prepare: number of updated asset objects reloaded= 0
AssetImportParameters requested are different than current active one (requested -> active):
  custom:container-demuxer-ogg: 62fdf1f143b41e24485cea50d1cbac27 -> 
  custom:video-decoder-ogg-theora: a1e56fd34408186e4bbccfd4996cb3dc -> 
  custom:framework-win-MediaFoundation: 216162199b28c13a410421893ffa2e32 -> 
  custom:CustomObjectIndexerAttribute: d54d2f2da18e7612c182cf67624b6b12 -> 
  custom:container-demuxer-webm: 4f35f7cbe854078d1ac9338744f61a02 -> 
  custom:container-muxer-webm: aa71ff27fc2769a1b78a27578f13a17b -> 
  custom:video-decoder-webm-vp8: 9c59270c3fd7afecdb556c50c9e8de78 -> 
  custom:SearchIndexIgnoredProperties: e643bd26f0fe6173181afceb89e7c659 -> 
  custom:AudioImporter_EditorPlatform: d09bf68614088b80899f8185d706f6e7 -> 
  custom:video-encoder-webm-vp8: eb34c28f22e8b96e1ab97ce403110664 -> 
  custom:audio-decoder-ogg-vorbis: bf7c407c2cedff20999df2af8eb42d56 -> 
  custom:audio-encoder-webm-vorbis: bf7c407c2cedff20999df2af8eb42d56 -> 
========================================================================
Received Prepare
Begin MonoManager ReloadAssembly
- Loaded All Assemblies, in  0.453 seconds
Refreshing native plugins compatible for Editor in 3.19 ms, found 2 plugins.
Native extension for WindowsStandalone target not found
[Package Manager] Server::EnsureServerProcessIsRunning -- launch failed, reason: Unity was launched with the -noUpm command-line argument
[Package Manager] UpmClient::Send -- Unable to send message (not connected to UPM process).
[Package Manager] Cannot connect to Unity Package Manager local server
Mono: successfully reloaded assembly
- Finished resetting the current domain, in  1.190 seconds
Domain Reload Profiling: 1640ms
	BeginReloadAssembly (157ms)
		ExecutionOrderSort (0ms)
		DisableScriptedObjects (8ms)
		BackupInstance (0ms)
		ReleaseScriptingObjects (0ms)
		CreateAndSetChildDomain (36ms)
	RebuildCommonClasses (29ms)
	RebuildNativeTypeToScriptingClass (9ms)
	initialDomainReloadingComplete (27ms)
	LoadAllAssembliesAndSetupDomain (227ms)
		LoadAssemblies (285ms)
		RebuildTransferFunctionScriptingTraits (0ms)
		AnalyzeDomain (18ms)
			TypeCache.Refresh (6ms)
				TypeCache.ScanAssembly (0ms)
			ScanForSourceGeneratedMonoScriptInfo (0ms)
			ResolveRequiredComponents (11ms)
	FinalizeReload (1190ms)
		ReleaseScriptCaches (0ms)
		RebuildScriptCaches (0ms)
		SetupLoadedEditorAssemblies (584ms)
			LogAssemblyErrors (0ms)
			InitializePlatformSupportModulesInManaged (6ms)
			SetLoadedEditorAssemblies (5ms)
			RefreshPlugins (0ms)
			BeforeProcessingInitializeOnLoad (118ms)
			ProcessInitializeOnLoadAttributes (384ms)
			ProcessInitializeOnLoadMethodAttributes (63ms)
			AfterProcessingInitializeOnLoad (7ms)
			EditorAssembliesLoaded (0ms)
		ExecutionOrderSort2 (0ms)
		AwakeInstancesAfterBackupRestoration (15ms)
OnLevelWasLoaded was found on LevelManager
This message has been deprecated and will be removed in a later version of Unity.
Add a delegate to SceneManager.sceneLoaded instead to get notifications after scene loading has completed
Refreshing native plugins compatible for Editor in 4.35 ms, found 2 plugins.
Preloading 0 native plugins for Editor in 0.00 ms.
Unloading 4140 Unused Serialized files (Serialized files now loaded: 0)
Unloading 52 unused Assets / (1.7 MB). Loaded Objects now: 5189.
Memory consumption went from 350.9 MB to 349.2 MB.
Total: 5.757900 ms (FindLiveObjects: 0.522600 ms CreateObjectMapping: 0.299800 ms MarkObjects: 4.108500 ms  DeleteObjects: 0.825700 ms)

Prepare: number of updated asset objects reloaded= 0
AssetImportParameters requested are different than current active one (requested -> active):
  custom:container-demuxer-ogg: 62fdf1f143b41e24485cea50d1cbac27 -> 
  custom:video-decoder-ogg-theora: a1e56fd34408186e4bbccfd4996cb3dc -> 
  custom:framework-win-MediaFoundation: 216162199b28c13a410421893ffa2e32 -> 
  custom:CustomObjectIndexerAttribute: d54d2f2da18e7612c182cf67624b6b12 -> 
  custom:container-demuxer-webm: 4f35f7cbe854078d1ac9338744f61a02 -> 
  custom:container-muxer-webm: aa71ff27fc2769a1b78a27578f13a17b -> 
  custom:video-decoder-webm-vp8: 9c59270c3fd7afecdb556c50c9e8de78 -> 
  custom:SearchIndexIgnoredProperties: e643bd26f0fe6173181afceb89e7c659 -> 
  custom:AudioImporter_EditorPlatform: d09bf68614088b80899f8185d706f6e7 -> 
  custom:video-encoder-webm-vp8: eb34c28f22e8b96e1ab97ce403110664 -> 
  custom:audio-decoder-ogg-vorbis: bf7c407c2cedff20999df2af8eb42d56 -> 
  custom:audio-encoder-webm-vorbis: bf7c407c2cedff20999df2af8eb42d56 -> 
========================================================================
Received Prepare
Begin MonoManager ReloadAssembly
- Loaded All Assemblies, in  0.444 seconds
Refreshing native plugins compatible for Editor in 2.74 ms, found 2 plugins.
Native extension for WindowsStandalone target not found
[Package Manager] Server::EnsureServerProcessIsRunning -- launch failed, reason: Unity was launched with the -noUpm command-line argument
[Package Manager] UpmClient::Send -- Unable to send message (not connected to UPM process).
[Package Manager] Cannot connect to Unity Package Manager local server
Mono: successfully reloaded assembly
- Finished resetting the current domain, in  1.149 seconds
Domain Reload Profiling: 1590ms
	BeginReloadAssembly (145ms)
		ExecutionOrderSort (0ms)
		DisableScriptedObjects (5ms)
		BackupInstance (0ms)
		ReleaseScriptingObjects (0ms)
		CreateAndSetChildDomain (31ms)
	RebuildCommonClasses (28ms)
	RebuildNativeTypeToScriptingClass (9ms)
	initialDomainReloadingComplete (31ms)
	LoadAllAssembliesAndSetupDomain (227ms)
		LoadAssemblies (284ms)
		RebuildTransferFunctionScriptingTraits (0ms)
		AnalyzeDomain (17ms)
			TypeCache.Refresh (6ms)
				TypeCache.ScanAssembly (0ms)
			ScanForSourceGeneratedMonoScriptInfo (0ms)
			ResolveRequiredComponents (10ms)
	FinalizeReload (1149ms)
		ReleaseScriptCaches (0ms)
		RebuildScriptCaches (0ms)
		SetupLoadedEditorAssemblies (564ms)
			LogAssemblyErrors (0ms)
			InitializePlatformSupportModulesInManaged (6ms)
			SetLoadedEditorAssemblies (5ms)
			RefreshPlugins (0ms)
			BeforeProcessingInitializeOnLoad (116ms)
			ProcessInitializeOnLoadAttributes (363ms)
			ProcessInitializeOnLoadMethodAttributes (66ms)
			AfterProcessingInitializeOnLoad (7ms)
			EditorAssembliesLoaded (0ms)
		ExecutionOrderSort2 (0ms)
		AwakeInstancesAfterBackupRestoration (15ms)
OnLevelWasLoaded was found on LevelManager
This message has been deprecated and will be removed in a later version of Unity.
Add a delegate to SceneManager.sceneLoaded instead to get notifications after scene loading has completed
Refreshing native plugins compatible for Editor in 4.59 ms, found 2 plugins.
Preloading 0 native plugins for Editor in 0.00 ms.
Unloading 4140 Unused Serialized files (Serialized files now loaded: 0)
Unloading 52 unused Assets / (1.7 MB). Loaded Objects now: 5205.
Memory consumption went from 352.9 MB to 351.2 MB.
Total: 6.127600 ms (FindLiveObjects: 0.542400 ms CreateObjectMapping: 0.350100 ms MarkObjects: 4.310700 ms  DeleteObjects: 0.922000 ms)

Prepare: number of updated asset objects reloaded= 0
AssetImportParameters requested are different than current active one (requested -> active):
  custom:container-demuxer-ogg: 62fdf1f143b41e24485cea50d1cbac27 -> 
  custom:video-decoder-ogg-theora: a1e56fd34408186e4bbccfd4996cb3dc -> 
  custom:framework-win-MediaFoundation: 216162199b28c13a410421893ffa2e32 -> 
  custom:CustomObjectIndexerAttribute: d54d2f2da18e7612c182cf67624b6b12 -> 
  custom:container-demuxer-webm: 4f35f7cbe854078d1ac9338744f61a02 -> 
  custom:container-muxer-webm: aa71ff27fc2769a1b78a27578f13a17b -> 
  custom:video-decoder-webm-vp8: 9c59270c3fd7afecdb556c50c9e8de78 -> 
  custom:SearchIndexIgnoredProperties: e643bd26f0fe6173181afceb89e7c659 -> 
  custom:AudioImporter_EditorPlatform: d09bf68614088b80899f8185d706f6e7 -> 
  custom:video-encoder-webm-vp8: eb34c28f22e8b96e1ab97ce403110664 -> 
  custom:audio-decoder-ogg-vorbis: bf7c407c2cedff20999df2af8eb42d56 -> 
  custom:audio-encoder-webm-vorbis: bf7c407c2cedff20999df2af8eb42d56 -> 
========================================================================
Received Prepare
Begin MonoManager ReloadAssembly
- Loaded All Assemblies, in  0.438 seconds
Refreshing native plugins compatible for Editor in 2.99 ms, found 2 plugins.
Native extension for WindowsStandalone target not found
[Package Manager] Server::EnsureServerProcessIsRunning -- launch failed, reason: Unity was launched with the -noUpm command-line argument
[Package Manager] UpmClient::Send -- Unable to send message (not connected to UPM process).
[Package Manager] Cannot connect to Unity Package Manager local server
Mono: successfully reloaded assembly
- Finished resetting the current domain, in  1.173 seconds
Domain Reload Profiling: 1609ms
	BeginReloadAssembly (151ms)
		ExecutionOrderSort (0ms)
		DisableScriptedObjects (5ms)
		BackupInstance (0ms)
		ReleaseScriptingObjects (0ms)
		CreateAndSetChildDomain (37ms)
	RebuildCommonClasses (29ms)
	RebuildNativeTypeToScriptingClass (10ms)
	initialDomainReloadingComplete (26ms)
	LoadAllAssembliesAndSetupDomain (219ms)
		LoadAssemblies (273ms)
		RebuildTransferFunctionScriptingTraits (0ms)
		AnalyzeDomain (17ms)
			TypeCache.Refresh (6ms)
				TypeCache.ScanAssembly (0ms)
			ScanForSourceGeneratedMonoScriptInfo (0ms)
			ResolveRequiredComponents (9ms)
	FinalizeReload (1174ms)
		ReleaseScriptCaches (0ms)
		RebuildScriptCaches (0ms)
		SetupLoadedEditorAssemblies (584ms)
			LogAssemblyErrors (0ms)
			InitializePlatformSupportModulesInManaged (5ms)
			SetLoadedEditorAssemblies (5ms)
			RefreshPlugins (0ms)
			BeforeProcessingInitializeOnLoad (118ms)
			ProcessInitializeOnLoadAttributes (384ms)
			ProcessInitializeOnLoadMethodAttributes (63ms)
			AfterProcessingInitializeOnLoad (7ms)
			EditorAssembliesLoaded (0ms)
		ExecutionOrderSort2 (0ms)
		AwakeInstancesAfterBackupRestoration (14ms)
OnLevelWasLoaded was found on LevelManager
This message has been deprecated and will be removed in a later version of Unity.
Add a delegate to SceneManager.sceneLoaded instead to get notifications after scene loading has completed
Refreshing native plugins compatible for Editor in 4.53 ms, found 2 plugins.
Preloading 0 native plugins for Editor in 0.00 ms.
Unloading 4140 Unused Serialized files (Serialized files now loaded: 0)
Unloading 52 unused Assets / (1.7 MB). Loaded Objects now: 5221.
Memory consumption went from 354.8 MB to 353.1 MB.
Total: 5.707300 ms (FindLiveObjects: 0.477400 ms CreateObjectMapping: 0.414500 ms MarkObjects: 4.110600 ms  DeleteObjects: 0.703500 ms)

Prepare: number of updated asset objects reloaded= 0
AssetImportParameters requested are different than current active one (requested -> active):
  custom:container-demuxer-ogg: 62fdf1f143b41e24485cea50d1cbac27 -> 
  custom:video-decoder-ogg-theora: a1e56fd34408186e4bbccfd4996cb3dc -> 
  custom:framework-win-MediaFoundation: 216162199b28c13a410421893ffa2e32 -> 
  custom:CustomObjectIndexerAttribute: d54d2f2da18e7612c182cf67624b6b12 -> 
  custom:container-demuxer-webm: 4f35f7cbe854078d1ac9338744f61a02 -> 
  custom:container-muxer-webm: aa71ff27fc2769a1b78a27578f13a17b -> 
  custom:video-decoder-webm-vp8: 9c59270c3fd7afecdb556c50c9e8de78 -> 
  custom:SearchIndexIgnoredProperties: e643bd26f0fe6173181afceb89e7c659 -> 
  custom:AudioImporter_EditorPlatform: d09bf68614088b80899f8185d706f6e7 -> 
  custom:video-encoder-webm-vp8: eb34c28f22e8b96e1ab97ce403110664 -> 
  custom:audio-decoder-ogg-vorbis: bf7c407c2cedff20999df2af8eb42d56 -> 
  custom:audio-encoder-webm-vorbis: bf7c407c2cedff20999df2af8eb42d56 -> 
========================================================================
Received Prepare
Begin MonoManager ReloadAssembly
- Loaded All Assemblies, in  0.451 seconds
Refreshing native plugins compatible for Editor in 2.76 ms, found 2 plugins.
Native extension for WindowsStandalone target not found
[Package Manager] Server::EnsureServerProcessIsRunning -- launch failed, reason: Unity was launched with the -noUpm command-line argument
[Package Manager] UpmClient::Send -- Unable to send message (not connected to UPM process).
[Package Manager] Cannot connect to Unity Package Manager local server
Mono: successfully reloaded assembly
- Finished resetting the current domain, in  1.155 seconds
Domain Reload Profiling: 1604ms
	BeginReloadAssembly (147ms)
		ExecutionOrderSort (0ms)
		DisableScriptedObjects (6ms)
		BackupInstance (0ms)
		ReleaseScriptingObjects (0ms)
		CreateAndSetChildDomain (32ms)
	RebuildCommonClasses (34ms)
	RebuildNativeTypeToScriptingClass (12ms)
	initialDomainReloadingComplete (28ms)
	LoadAllAssembliesAndSetupDomain (226ms)
		LoadAssemblies (279ms)
		RebuildTransferFunctionScriptingTraits (0ms)
		AnalyzeDomain (17ms)
			TypeCache.Refresh (6ms)
				TypeCache.ScanAssembly (0ms)
			ScanForSourceGeneratedMonoScriptInfo (0ms)
			ResolveRequiredComponents (10ms)
	FinalizeReload (1157ms)
		ReleaseScriptCaches (0ms)
		RebuildScriptCaches (0ms)
		SetupLoadedEditorAssemblies (561ms)
			LogAssemblyErrors (0ms)
			InitializePlatformSupportModulesInManaged (8ms)
			SetLoadedEditorAssemblies (6ms)
			RefreshPlugins (0ms)
			BeforeProcessingInitializeOnLoad (114ms)
			ProcessInitializeOnLoadAttributes (362ms)
			ProcessInitializeOnLoadMethodAttributes (65ms)
			AfterProcessingInitializeOnLoad (6ms)
			EditorAssembliesLoaded (0ms)
		ExecutionOrderSort2 (0ms)
		AwakeInstancesAfterBackupRestoration (15ms)
OnLevelWasLoaded was found on LevelManager
This message has been deprecated and will be removed in a later version of Unity.
Add a delegate to SceneManager.sceneLoaded instead to get notifications after scene loading has completed
Refreshing native plugins compatible for Editor in 4.28 ms, found 2 plugins.
Preloading 0 native plugins for Editor in 0.00 ms.
Unloading 4140 Unused Serialized files (Serialized files now loaded: 0)
Unloading 52 unused Assets / (1.7 MB). Loaded Objects now: 5237.
Memory consumption went from 356.7 MB to 355.0 MB.
Total: 5.790200 ms (FindLiveObjects: 0.522700 ms CreateObjectMapping: 0.349700 ms MarkObjects: 3.985300 ms  DeleteObjects: 0.930800 ms)

Prepare: number of updated asset objects reloaded= 0
AssetImportParameters requested are different than current active one (requested -> active):
  custom:container-demuxer-ogg: 62fdf1f143b41e24485cea50d1cbac27 -> 
  custom:video-decoder-ogg-theora: a1e56fd34408186e4bbccfd4996cb3dc -> 
  custom:framework-win-MediaFoundation: 216162199b28c13a410421893ffa2e32 -> 
  custom:CustomObjectIndexerAttribute: d54d2f2da18e7612c182cf67624b6b12 -> 
  custom:container-demuxer-webm: 4f35f7cbe854078d1ac9338744f61a02 -> 
  custom:container-muxer-webm: aa71ff27fc2769a1b78a27578f13a17b -> 
  custom:video-decoder-webm-vp8: 9c59270c3fd7afecdb556c50c9e8de78 -> 
  custom:SearchIndexIgnoredProperties: e643bd26f0fe6173181afceb89e7c659 -> 
  custom:AudioImporter_EditorPlatform: d09bf68614088b80899f8185d706f6e7 -> 
  custom:video-encoder-webm-vp8: eb34c28f22e8b96e1ab97ce403110664 -> 
  custom:audio-decoder-ogg-vorbis: bf7c407c2cedff20999df2af8eb42d56 -> 
  custom:audio-encoder-webm-vorbis: bf7c407c2cedff20999df2af8eb42d56 -> 
========================================================================
Received Prepare
Begin MonoManager ReloadAssembly
- Loaded All Assemblies, in  0.448 seconds
Refreshing native plugins compatible for Editor in 2.79 ms, found 2 plugins.
Native extension for WindowsStandalone target not found
[Package Manager] Server::EnsureServerProcessIsRunning -- launch failed, reason: Unity was launched with the -noUpm command-line argument
[Package Manager] UpmClient::Send -- Unable to send message (not connected to UPM process).
[Package Manager] Cannot connect to Unity Package Manager local server
Mono: successfully reloaded assembly
- Finished resetting the current domain, in  1.156 seconds
Domain Reload Profiling: 1601ms
	BeginReloadAssembly (148ms)
		ExecutionOrderSort (0ms)
		DisableScriptedObjects (6ms)
		BackupInstance (0ms)
		ReleaseScriptingObjects (0ms)
		CreateAndSetChildDomain (35ms)
	RebuildCommonClasses (41ms)
	RebuildNativeTypeToScriptingClass (9ms)
	initialDomainReloadingComplete (26ms)
	LoadAllAssembliesAndSetupDomain (221ms)
		LoadAssemblies (272ms)
		RebuildTransferFunctionScriptingTraits (0ms)
		AnalyzeDomain (17ms)
			TypeCache.Refresh (6ms)
				TypeCache.ScanAssembly (0ms)
			ScanForSourceGeneratedMonoScriptInfo (0ms)
			ResolveRequiredComponents (10ms)
	FinalizeReload (1157ms)
		ReleaseScriptCaches (0ms)
		RebuildScriptCaches (0ms)
		SetupLoadedEditorAssemblies (569ms)
			LogAssemblyErrors (0ms)
			InitializePlatformSupportModulesInManaged (5ms)
			SetLoadedEditorAssemblies (5ms)
			RefreshPlugins (0ms)
			BeforeProcessingInitializeOnLoad (113ms)
			ProcessInitializeOnLoadAttributes (375ms)
			ProcessInitializeOnLoadMethodAttributes (65ms)
			AfterProcessingInitializeOnLoad (6ms)
			EditorAssembliesLoaded (0ms)
		ExecutionOrderSort2 (0ms)
		AwakeInstancesAfterBackupRestoration (13ms)
OnLevelWasLoaded was found on LevelManager
This message has been deprecated and will be removed in a later version of Unity.
Add a delegate to SceneManager.sceneLoaded instead to get notifications after scene loading has completed
Refreshing native plugins compatible for Editor in 4.82 ms, found 2 plugins.
Preloading 0 native plugins for Editor in 0.00 ms.
Unloading 4140 Unused Serialized files (Serialized files now loaded: 0)
Unloading 52 unused Assets / (1.7 MB). Loaded Objects now: 5253.
Memory consumption went from 358.7 MB to 357.0 MB.
Total: 6.087700 ms (FindLiveObjects: 0.705100 ms CreateObjectMapping: 0.401500 ms MarkObjects: 4.165300 ms  DeleteObjects: 0.814000 ms)

Prepare: number of updated asset objects reloaded= 0
AssetImportParameters requested are different than current active one (requested -> active):
  custom:container-demuxer-ogg: 62fdf1f143b41e24485cea50d1cbac27 -> 
  custom:video-decoder-ogg-theora: a1e56fd34408186e4bbccfd4996cb3dc -> 
  custom:framework-win-MediaFoundation: 216162199b28c13a410421893ffa2e32 -> 
  custom:CustomObjectIndexerAttribute: d54d2f2da18e7612c182cf67624b6b12 -> 
  custom:container-demuxer-webm: 4f35f7cbe854078d1ac9338744f61a02 -> 
  custom:container-muxer-webm: aa71ff27fc2769a1b78a27578f13a17b -> 
  custom:video-decoder-webm-vp8: 9c59270c3fd7afecdb556c50c9e8de78 -> 
  custom:SearchIndexIgnoredProperties: e643bd26f0fe6173181afceb89e7c659 -> 
  custom:AudioImporter_EditorPlatform: d09bf68614088b80899f8185d706f6e7 -> 
  custom:video-encoder-webm-vp8: eb34c28f22e8b96e1ab97ce403110664 -> 
  custom:audio-decoder-ogg-vorbis: bf7c407c2cedff20999df2af8eb42d56 -> 
  custom:audio-encoder-webm-vorbis: bf7c407c2cedff20999df2af8eb42d56 -> 
========================================================================
Received Prepare
Begin MonoManager ReloadAssembly
- Loaded All Assemblies, in  0.426 seconds
Refreshing native plugins compatible for Editor in 2.80 ms, found 2 plugins.
Native extension for WindowsStandalone target not found
[Package Manager] Server::EnsureServerProcessIsRunning -- launch failed, reason: Unity was launched with the -noUpm command-line argument
[Package Manager] UpmClient::Send -- Unable to send message (not connected to UPM process).
[Package Manager] Cannot connect to Unity Package Manager local server
Mono: successfully reloaded assembly
- Finished resetting the current domain, in  1.114 seconds
Domain Reload Profiling: 1537ms
	BeginReloadAssembly (136ms)
		ExecutionOrderSort (0ms)
		DisableScriptedObjects (6ms)
		BackupInstance (0ms)
		ReleaseScriptingObjects (0ms)
		CreateAndSetChildDomain (28ms)
	RebuildCommonClasses (27ms)
	RebuildNativeTypeToScriptingClass (9ms)
	initialDomainReloadingComplete (26ms)
	LoadAllAssembliesAndSetupDomain (224ms)
		LoadAssemblies (274ms)
		RebuildTransferFunctionScriptingTraits (0ms)
		AnalyzeDomain (17ms)
			TypeCache.Refresh (6ms)
				TypeCache.ScanAssembly (0ms)
			ScanForSourceGeneratedMonoScriptInfo (0ms)
			ResolveRequiredComponents (9ms)
	FinalizeReload (1115ms)
		ReleaseScriptCaches (0ms)
		RebuildScriptCaches (0ms)
		SetupLoadedEditorAssemblies (540ms)
			LogAssemblyErrors (0ms)
			InitializePlatformSupportModulesInManaged (8ms)
			SetLoadedEditorAssemblies (5ms)
			RefreshPlugins (0ms)
			BeforeProcessingInitializeOnLoad (107ms)
			ProcessInitializeOnLoadAttributes (355ms)
			ProcessInitializeOnLoadMethodAttributes (59ms)
			AfterProcessingInitializeOnLoad (6ms)
			EditorAssembliesLoaded (0ms)
		ExecutionOrderSort2 (0ms)
		AwakeInstancesAfterBackupRestoration (12ms)
OnLevelWasLoaded was found on LevelManager
This message has been deprecated and will be removed in a later version of Unity.
Add a delegate to SceneManager.sceneLoaded instead to get notifications after scene loading has completed
Refreshing native plugins compatible for Editor in 4.19 ms, found 2 plugins.
Preloading 0 native plugins for Editor in 0.00 ms.
Unloading 4140 Unused Serialized files (Serialized files now loaded: 0)
Unloading 52 unused Assets / (1.7 MB). Loaded Objects now: 5269.
Memory consumption went from 360.6 MB to 358.9 MB.
Total: 5.522500 ms (FindLiveObjects: 0.487300 ms CreateObjectMapping: 0.358900 ms MarkObjects: 3.947700 ms  DeleteObjects: 0.727600 ms)

Prepare: number of updated asset objects reloaded= 0
AssetImportParameters requested are different than current active one (requested -> active):
  custom:container-demuxer-ogg: 62fdf1f143b41e24485cea50d1cbac27 -> 
  custom:video-decoder-ogg-theora: a1e56fd34408186e4bbccfd4996cb3dc -> 
  custom:framework-win-MediaFoundation: 216162199b28c13a410421893ffa2e32 -> 
  custom:CustomObjectIndexerAttribute: d54d2f2da18e7612c182cf67624b6b12 -> 
  custom:container-demuxer-webm: 4f35f7cbe854078d1ac9338744f61a02 -> 
  custom:container-muxer-webm: aa71ff27fc2769a1b78a27578f13a17b -> 
  custom:video-decoder-webm-vp8: 9c59270c3fd7afecdb556c50c9e8de78 -> 
  custom:SearchIndexIgnoredProperties: e643bd26f0fe6173181afceb89e7c659 -> 
  custom:AudioImporter_EditorPlatform: d09bf68614088b80899f8185d706f6e7 -> 
  custom:video-encoder-webm-vp8: eb34c28f22e8b96e1ab97ce403110664 -> 
  custom:audio-decoder-ogg-vorbis: bf7c407c2cedff20999df2af8eb42d56 -> 
  custom:audio-encoder-webm-vorbis: bf7c407c2cedff20999df2af8eb42d56 -> 
========================================================================
Received Prepare
Begin MonoManager ReloadAssembly
- Loaded All Assemblies, in  0.450 seconds
Refreshing native plugins compatible for Editor in 2.94 ms, found 2 plugins.
Native extension for WindowsStandalone target not found
[Package Manager] Server::EnsureServerProcessIsRunning -- launch failed, reason: Unity was launched with the -noUpm command-line argument
[Package Manager] UpmClient::Send -- Unable to send message (not connected to UPM process).
[Package Manager] Cannot connect to Unity Package Manager local server
Mono: successfully reloaded assembly
- Finished resetting the current domain, in  1.126 seconds
Domain Reload Profiling: 1571ms
	BeginReloadAssembly (142ms)
		ExecutionOrderSort (0ms)
		DisableScriptedObjects (5ms)
		BackupInstance (0ms)
		ReleaseScriptingObjects (0ms)
		CreateAndSetChildDomain (35ms)
	RebuildCommonClasses (36ms)
	RebuildNativeTypeToScriptingClass (9ms)
	initialDomainReloadingComplete (32ms)
	LoadAllAssembliesAndSetupDomain (226ms)
		LoadAssemblies (278ms)
		RebuildTransferFunctionScriptingTraits (0ms)
		AnalyzeDomain (17ms)
			TypeCache.Refresh (5ms)
				TypeCache.ScanAssembly (0ms)
			ScanForSourceGeneratedMonoScriptInfo (0ms)
			ResolveRequiredComponents (10ms)
	FinalizeReload (1126ms)
		ReleaseScriptCaches (0ms)
		RebuildScriptCaches (0ms)
		SetupLoadedEditorAssemblies (551ms)
			LogAssemblyErrors (0ms)
			InitializePlatformSupportModulesInManaged (7ms)
			SetLoadedEditorAssemblies (6ms)
			RefreshPlugins (0ms)
			BeforeProcessingInitializeOnLoad (112ms)
			ProcessInitializeOnLoadAttributes (355ms)
			ProcessInitializeOnLoadMethodAttributes (64ms)
			AfterProcessingInitializeOnLoad (7ms)
			EditorAssembliesLoaded (0ms)
		ExecutionOrderSort2 (0ms)
		AwakeInstancesAfterBackupRestoration (13ms)
OnLevelWasLoaded was found on LevelManager
This message has been deprecated and will be removed in a later version of Unity.
Add a delegate to SceneManager.sceneLoaded instead to get notifications after scene loading has completed
Refreshing native plugins compatible for Editor in 4.86 ms, found 2 plugins.
Preloading 0 native plugins for Editor in 0.00 ms.
Unloading 4140 Unused Serialized files (Serialized files now loaded: 0)
Unloading 52 unused Assets / (1.7 MB). Loaded Objects now: 5285.
Memory consumption went from 362.5 MB to 360.9 MB.
Total: 5.918800 ms (FindLiveObjects: 0.494200 ms CreateObjectMapping: 0.426600 ms MarkObjects: 4.230400 ms  DeleteObjects: 0.766000 ms)

Prepare: number of updated asset objects reloaded= 0
AssetImportParameters requested are different than current active one (requested -> active):
  custom:container-demuxer-ogg: 62fdf1f143b41e24485cea50d1cbac27 -> 
  custom:video-decoder-ogg-theora: a1e56fd34408186e4bbccfd4996cb3dc -> 
  custom:framework-win-MediaFoundation: 216162199b28c13a410421893ffa2e32 -> 
  custom:CustomObjectIndexerAttribute: d54d2f2da18e7612c182cf67624b6b12 -> 
  custom:container-demuxer-webm: 4f35f7cbe854078d1ac9338744f61a02 -> 
  custom:container-muxer-webm: aa71ff27fc2769a1b78a27578f13a17b -> 
  custom:video-decoder-webm-vp8: 9c59270c3fd7afecdb556c50c9e8de78 -> 
  custom:SearchIndexIgnoredProperties: e643bd26f0fe6173181afceb89e7c659 -> 
  custom:AudioImporter_EditorPlatform: d09bf68614088b80899f8185d706f6e7 -> 
  custom:video-encoder-webm-vp8: eb34c28f22e8b96e1ab97ce403110664 -> 
  custom:audio-decoder-ogg-vorbis: bf7c407c2cedff20999df2af8eb42d56 -> 
  custom:audio-encoder-webm-vorbis: bf7c407c2cedff20999df2af8eb42d56 -> 
========================================================================
Received Prepare
Begin MonoManager ReloadAssembly
- Loaded All Assemblies, in  0.455 seconds
Refreshing native plugins compatible for Editor in 3.05 ms, found 2 plugins.
Native extension for WindowsStandalone target not found
[Package Manager] Server::EnsureServerProcessIsRunning -- launch failed, reason: Unity was launched with the -noUpm command-line argument
[Package Manager] UpmClient::Send -- Unable to send message (not connected to UPM process).
[Package Manager] Cannot connect to Unity Package Manager local server
Mono: successfully reloaded assembly
- Finished resetting the current domain, in  1.129 seconds
Domain Reload Profiling: 1581ms
	BeginReloadAssembly (144ms)
		ExecutionOrderSort (0ms)
		DisableScriptedObjects (5ms)
		BackupInstance (0ms)
		ReleaseScriptingObjects (0ms)
		CreateAndSetChildDomain (37ms)
	RebuildCommonClasses (32ms)
	RebuildNativeTypeToScriptingClass (10ms)
	initialDomainReloadingComplete (32ms)
	LoadAllAssembliesAndSetupDomain (234ms)
		LoadAssemblies (284ms)
		RebuildTransferFunctionScriptingTraits (0ms)
		AnalyzeDomain (17ms)
			TypeCache.Refresh (6ms)
				TypeCache.ScanAssembly (0ms)
			ScanForSourceGeneratedMonoScriptInfo (0ms)
			ResolveRequiredComponents (10ms)
	FinalizeReload (1130ms)
		ReleaseScriptCaches (0ms)
		RebuildScriptCaches (0ms)
		SetupLoadedEditorAssemblies (539ms)
			LogAssemblyErrors (0ms)
			InitializePlatformSupportModulesInManaged (6ms)
			SetLoadedEditorAssemblies (5ms)
			RefreshPlugins (0ms)
			BeforeProcessingInitializeOnLoad (110ms)
			ProcessInitializeOnLoadAttributes (350ms)
			ProcessInitializeOnLoadMethodAttributes (61ms)
			AfterProcessingInitializeOnLoad (8ms)
			EditorAssembliesLoaded (0ms)
		ExecutionOrderSort2 (0ms)
		AwakeInstancesAfterBackupRestoration (13ms)
OnLevelWasLoaded was found on LevelManager
This message has been deprecated and will be removed in a later version of Unity.
Add a delegate to SceneManager.sceneLoaded instead to get notifications after scene loading has completed
Refreshing native plugins compatible for Editor in 4.90 ms, found 2 plugins.
Preloading 0 native plugins for Editor in 0.00 ms.
Unloading 4140 Unused Serialized files (Serialized files now loaded: 0)
Unloading 52 unused Assets / (1.7 MB). Loaded Objects now: 5301.
Memory consumption went from 364.5 MB to 362.8 MB.
Total: 5.888000 ms (FindLiveObjects: 0.563900 ms CreateObjectMapping: 0.501700 ms MarkObjects: 4.013200 ms  DeleteObjects: 0.807900 ms)

Prepare: number of updated asset objects reloaded= 0
AssetImportParameters requested are different than current active one (requested -> active):
  custom:container-demuxer-ogg: 62fdf1f143b41e24485cea50d1cbac27 -> 
  custom:video-decoder-ogg-theora: a1e56fd34408186e4bbccfd4996cb3dc -> 
  custom:framework-win-MediaFoundation: 216162199b28c13a410421893ffa2e32 -> 
  custom:CustomObjectIndexerAttribute: d54d2f2da18e7612c182cf67624b6b12 -> 
  custom:container-demuxer-webm: 4f35f7cbe854078d1ac9338744f61a02 -> 
  custom:container-muxer-webm: aa71ff27fc2769a1b78a27578f13a17b -> 
  custom:video-decoder-webm-vp8: 9c59270c3fd7afecdb556c50c9e8de78 -> 
  custom:SearchIndexIgnoredProperties: e643bd26f0fe6173181afceb89e7c659 -> 
  custom:AudioImporter_EditorPlatform: d09bf68614088b80899f8185d706f6e7 -> 
  custom:video-encoder-webm-vp8: eb34c28f22e8b96e1ab97ce403110664 -> 
  custom:audio-decoder-ogg-vorbis: bf7c407c2cedff20999df2af8eb42d56 -> 
  custom:audio-encoder-webm-vorbis: bf7c407c2cedff20999df2af8eb42d56 -> 
========================================================================
Received Prepare
Begin MonoManager ReloadAssembly
- Loaded All Assemblies, in  0.420 seconds
Refreshing native plugins compatible for Editor in 4.27 ms, found 2 plugins.
Native extension for WindowsStandalone target not found
[Package Manager] Server::EnsureServerProcessIsRunning -- launch failed, reason: Unity was launched with the -noUpm command-line argument
[Package Manager] UpmClient::Send -- Unable to send message (not connected to UPM process).
[Package Manager] Cannot connect to Unity Package Manager local server
Mono: successfully reloaded assembly
- Finished resetting the current domain, in  1.137 seconds
Domain Reload Profiling: 1554ms
	BeginReloadAssembly (136ms)
		ExecutionOrderSort (0ms)
		DisableScriptedObjects (5ms)
		BackupInstance (0ms)
		ReleaseScriptingObjects (0ms)
		CreateAndSetChildDomain (31ms)
	RebuildCommonClasses (28ms)
	RebuildNativeTypeToScriptingClass (9ms)
	initialDomainReloadingComplete (25ms)
	LoadAllAssembliesAndSetupDomain (218ms)
		LoadAssemblies (266ms)
		RebuildTransferFunctionScriptingTraits (0ms)
		AnalyzeDomain (18ms)
			TypeCache.Refresh (6ms)
				TypeCache.ScanAssembly (0ms)
			ScanForSourceGeneratedMonoScriptInfo (0ms)
			ResolveRequiredComponents (10ms)
	FinalizeReload (1138ms)
		ReleaseScriptCaches (0ms)
		RebuildScriptCaches (0ms)
		SetupLoadedEditorAssemblies (545ms)
			LogAssemblyErrors (0ms)
			InitializePlatformSupportModulesInManaged (6ms)
			SetLoadedEditorAssemblies (5ms)
			RefreshPlugins (0ms)
			BeforeProcessingInitializeOnLoad (107ms)
			ProcessInitializeOnLoadAttributes (351ms)
			ProcessInitializeOnLoadMethodAttributes (69ms)
			AfterProcessingInitializeOnLoad (6ms)
			EditorAssembliesLoaded (0ms)
		ExecutionOrderSort2 (0ms)
		AwakeInstancesAfterBackupRestoration (16ms)
OnLevelWasLoaded was found on LevelManager
This message has been deprecated and will be removed in a later version of Unity.
Add a delegate to SceneManager.sceneLoaded instead to get notifications after scene loading has completed
Refreshing native plugins compatible for Editor in 4.72 ms, found 2 plugins.
Preloading 0 native plugins for Editor in 0.00 ms.
Unloading 4140 Unused Serialized files (Serialized files now loaded: 0)
Unloading 52 unused Assets / (1.7 MB). Loaded Objects now: 5317.
Memory consumption went from 366.4 MB to 364.7 MB.
Total: 5.597000 ms (FindLiveObjects: 0.552100 ms CreateObjectMapping: 0.334400 ms MarkObjects: 3.927700 ms  DeleteObjects: 0.781400 ms)

Prepare: number of updated asset objects reloaded= 0
AssetImportParameters requested are different than current active one (requested -> active):
  custom:container-demuxer-ogg: 62fdf1f143b41e24485cea50d1cbac27 -> 
  custom:video-decoder-ogg-theora: a1e56fd34408186e4bbccfd4996cb3dc -> 
  custom:framework-win-MediaFoundation: 216162199b28c13a410421893ffa2e32 -> 
  custom:CustomObjectIndexerAttribute: d54d2f2da18e7612c182cf67624b6b12 -> 
  custom:container-demuxer-webm: 4f35f7cbe854078d1ac9338744f61a02 -> 
  custom:container-muxer-webm: aa71ff27fc2769a1b78a27578f13a17b -> 
  custom:video-decoder-webm-vp8: 9c59270c3fd7afecdb556c50c9e8de78 -> 
  custom:SearchIndexIgnoredProperties: e643bd26f0fe6173181afceb89e7c659 -> 
  custom:AudioImporter_EditorPlatform: d09bf68614088b80899f8185d706f6e7 -> 
  custom:video-encoder-webm-vp8: eb34c28f22e8b96e1ab97ce403110664 -> 
  custom:audio-decoder-ogg-vorbis: bf7c407c2cedff20999df2af8eb42d56 -> 
  custom:audio-encoder-webm-vorbis: bf7c407c2cedff20999df2af8eb42d56 -> 
========================================================================
Received Prepare
Begin MonoManager ReloadAssembly
- Loaded All Assemblies, in  0.427 seconds
Refreshing native plugins compatible for Editor in 2.97 ms, found 2 plugins.
Native extension for WindowsStandalone target not found
[Package Manager] Server::EnsureServerProcessIsRunning -- launch failed, reason: Unity was launched with the -noUpm command-line argument
[Package Manager] UpmClient::Send -- Unable to send message (not connected to UPM process).
[Package Manager] Cannot connect to Unity Package Manager local server
Mono: successfully reloaded assembly
- Finished resetting the current domain, in  1.114 seconds
Domain Reload Profiling: 1537ms
	BeginReloadAssembly (139ms)
		ExecutionOrderSort (0ms)
		DisableScriptedObjects (6ms)
		BackupInstance (0ms)
		ReleaseScriptingObjects (0ms)
		CreateAndSetChildDomain (29ms)
	RebuildCommonClasses (28ms)
	RebuildNativeTypeToScriptingClass (9ms)
	initialDomainReloadingComplete (27ms)
	LoadAllAssembliesAndSetupDomain (219ms)
		LoadAssemblies (269ms)
		RebuildTransferFunctionScriptingTraits (0ms)
		AnalyzeDomain (17ms)
			TypeCache.Refresh (6ms)
				TypeCache.ScanAssembly (0ms)
			ScanForSourceGeneratedMonoScriptInfo (0ms)
			ResolveRequiredComponents (10ms)
	FinalizeReload (1114ms)
		ReleaseScriptCaches (0ms)
		RebuildScriptCaches (0ms)
		SetupLoadedEditorAssemblies (532ms)
			LogAssemblyErrors (0ms)
			InitializePlatformSupportModulesInManaged (6ms)
			SetLoadedEditorAssemblies (5ms)
			RefreshPlugins (0ms)
			BeforeProcessingInitializeOnLoad (109ms)
			ProcessInitializeOnLoadAttributes (343ms)
			ProcessInitializeOnLoadMethodAttributes (63ms)
			AfterProcessingInitializeOnLoad (6ms)
			EditorAssembliesLoaded (0ms)
		ExecutionOrderSort2 (0ms)
		AwakeInstancesAfterBackupRestoration (14ms)
OnLevelWasLoaded was found on LevelManager
This message has been deprecated and will be removed in a later version of Unity.
Add a delegate to SceneManager.sceneLoaded instead to get notifications after scene loading has completed
Refreshing native plugins compatible for Editor in 4.93 ms, found 2 plugins.
Preloading 0 native plugins for Editor in 0.00 ms.
Unloading 4140 Unused Serialized files (Serialized files now loaded: 0)
Unloading 52 unused Assets / (1.7 MB). Loaded Objects now: 5333.
Memory consumption went from 368.3 MB to 366.6 MB.
Total: 6.301600 ms (FindLiveObjects: 0.596800 ms CreateObjectMapping: 0.455800 ms MarkObjects: 4.407900 ms  DeleteObjects: 0.839600 ms)

Prepare: number of updated asset objects reloaded= 0
AssetImportParameters requested are different than current active one (requested -> active):
  custom:container-demuxer-ogg: 62fdf1f143b41e24485cea50d1cbac27 -> 
  custom:video-decoder-ogg-theora: a1e56fd34408186e4bbccfd4996cb3dc -> 
  custom:framework-win-MediaFoundation: 216162199b28c13a410421893ffa2e32 -> 
  custom:CustomObjectIndexerAttribute: d54d2f2da18e7612c182cf67624b6b12 -> 
  custom:container-demuxer-webm: 4f35f7cbe854078d1ac9338744f61a02 -> 
  custom:container-muxer-webm: aa71ff27fc2769a1b78a27578f13a17b -> 
  custom:video-decoder-webm-vp8: 9c59270c3fd7afecdb556c50c9e8de78 -> 
  custom:SearchIndexIgnoredProperties: e643bd26f0fe6173181afceb89e7c659 -> 
  custom:AudioImporter_EditorPlatform: d09bf68614088b80899f8185d706f6e7 -> 
  custom:video-encoder-webm-vp8: eb34c28f22e8b96e1ab97ce403110664 -> 
  custom:audio-decoder-ogg-vorbis: bf7c407c2cedff20999df2af8eb42d56 -> 
  custom:audio-encoder-webm-vorbis: bf7c407c2cedff20999df2af8eb42d56 -> 
========================================================================
Received Prepare
Begin MonoManager ReloadAssembly
- Loaded All Assemblies, in  0.419 seconds
Refreshing native plugins compatible for Editor in 2.70 ms, found 2 plugins.
Native extension for WindowsStandalone target not found
[Package Manager] Server::EnsureServerProcessIsRunning -- launch failed, reason: Unity was launched with the -noUpm command-line argument
[Package Manager] UpmClient::Send -- Unable to send message (not connected to UPM process).
[Package Manager] Cannot connect to Unity Package Manager local server
Mono: successfully reloaded assembly
- Finished resetting the current domain, in  1.118 seconds
Domain Reload Profiling: 1533ms
	BeginReloadAssembly (134ms)
		ExecutionOrderSort (0ms)
		DisableScriptedObjects (5ms)
		BackupInstance (0ms)
		ReleaseScriptingObjects (0ms)
		CreateAndSetChildDomain (28ms)
	RebuildCommonClasses (29ms)
	RebuildNativeTypeToScriptingClass (10ms)
	initialDomainReloadingComplete (25ms)
	LoadAllAssembliesAndSetupDomain (217ms)
		LoadAssemblies (268ms)
		RebuildTransferFunctionScriptingTraits (0ms)
		AnalyzeDomain (17ms)
			TypeCache.Refresh (6ms)
				TypeCache.ScanAssembly (0ms)
			ScanForSourceGeneratedMonoScriptInfo (0ms)
			ResolveRequiredComponents (9ms)
	FinalizeReload (1118ms)
		ReleaseScriptCaches (0ms)
		RebuildScriptCaches (0ms)
		SetupLoadedEditorAssemblies (543ms)
			LogAssemblyErrors (0ms)
			InitializePlatformSupportModulesInManaged (6ms)
			SetLoadedEditorAssemblies (5ms)
			RefreshPlugins (0ms)
			BeforeProcessingInitializeOnLoad (119ms)
			ProcessInitializeOnLoadAttributes (350ms)
			ProcessInitializeOnLoadMethodAttributes (56ms)
			AfterProcessingInitializeOnLoad (6ms)
			EditorAssembliesLoaded (0ms)
		ExecutionOrderSort2 (0ms)
		AwakeInstancesAfterBackupRestoration (14ms)
OnLevelWasLoaded was found on LevelManager
This message has been deprecated and will be removed in a later version of Unity.
Add a delegate to SceneManager.sceneLoaded instead to get notifications after scene loading has completed
Refreshing native plugins compatible for Editor in 4.85 ms, found 2 plugins.
Preloading 0 native plugins for Editor in 0.00 ms.
Unloading 4140 Unused Serialized files (Serialized files now loaded: 0)
Unloading 52 unused Assets / (1.7 MB). Loaded Objects now: 5349.
Memory consumption went from 370.2 MB to 368.5 MB.
Total: 5.639000 ms (FindLiveObjects: 0.489500 ms CreateObjectMapping: 0.358800 ms MarkObjects: 4.049500 ms  DeleteObjects: 0.739800 ms)

Prepare: number of updated asset objects reloaded= 0
AssetImportParameters requested are different than current active one (requested -> active):
  custom:container-demuxer-ogg: 62fdf1f143b41e24485cea50d1cbac27 -> 
  custom:video-decoder-ogg-theora: a1e56fd34408186e4bbccfd4996cb3dc -> 
  custom:framework-win-MediaFoundation: 216162199b28c13a410421893ffa2e32 -> 
  custom:CustomObjectIndexerAttribute: d54d2f2da18e7612c182cf67624b6b12 -> 
  custom:container-demuxer-webm: 4f35f7cbe854078d1ac9338744f61a02 -> 
  custom:container-muxer-webm: aa71ff27fc2769a1b78a27578f13a17b -> 
  custom:video-decoder-webm-vp8: 9c59270c3fd7afecdb556c50c9e8de78 -> 
  custom:SearchIndexIgnoredProperties: e643bd26f0fe6173181afceb89e7c659 -> 
  custom:AudioImporter_EditorPlatform: d09bf68614088b80899f8185d706f6e7 -> 
  custom:video-encoder-webm-vp8: eb34c28f22e8b96e1ab97ce403110664 -> 
  custom:audio-decoder-ogg-vorbis: bf7c407c2cedff20999df2af8eb42d56 -> 
  custom:audio-encoder-webm-vorbis: bf7c407c2cedff20999df2af8eb42d56 -> 
